sketch,topo,flow,k,threshold,avg,min,max,hit,hitrate,sv_avg,sv_min,sv_max,sv_hit,sv_hitrate
CountMax ,fattree6 ,10000,10,0.3,0.027069702,0,0.998499625,324,0.046285714,0.034932016,0,0.998997996,360,0.051428571
CountMax ,fattree6 ,10000,10,0.5,0.037468483,0,0.998499625,318,0.0636,0.048563995,0,0.998997996,356,0.0712
CountMax ,fattree6 ,10000,10,0.7,0.057028369,0,0.998499625,286,0.095333333,0.076806906,0,0.998997996,326,0.108666667
CountMax ,fattree6 ,10000,10,0.8,0.071651961,0,0.998499625,236,0.118,0.098215862,0,0.998997996,253,0.1265
CountMax ,fattree6 ,10000,10,0.9,0.101474991,0,0.998499625,168,0.168,0.109174143,0,0.994764398,128,0.128
CountMax ,fattree6 ,10000,10,0.99,0.140672163,0,0.988626964,21,0.21,0.065052357,0,0.978486486,7,0.07
CountMax ,fattree6 ,10000,50,0.3,0.143904386,0,1,1589,0.227,0.144287215,0,1,1416,0.202285714
CountMax ,fattree6 ,10000,50,0.5,0.194630008,0,1,1536,0.3072,0.199200203,0,1,1390,0.278
CountMax ,fattree6 ,10000,50,0.7,0.287677772,0,1,1358,0.452666667,0.306407441,0,0.999201278,1227,0.409
CountMax ,fattree6 ,10000,50,0.8,0.360100101,0,1,1123,0.5615,0.377891518,0,0.998901501,925,0.4625
CountMax ,fattree6 ,10000,50,0.9,0.465976706,0,1,699,0.699,0.407368627,0,0.998901501,453,0.453
CountMax ,fattree6 ,10000,50,0.99,0.611507456,0,0.999299229,88,0.88,0.375590249,0,0.994914902,40,0.4
CountMax ,fattree6 ,10000,100,0.3,0.294238183,0,1,2849,0.407,0.257890929,0,0.99988278,2474,0.353428571
CountMax ,fattree6 ,10000,100,0.5,0.386571121,0,1,2668,0.5336,0.356079317,0,0.99988278,2412,0.4824
CountMax ,fattree6 ,10000,100,0.7,0.53277608,0,1,2176,0.725333333,0.512854337,0,0.99988278,1997,0.665666667
CountMax ,fattree6 ,10000,100,0.8,0.640048036,0,1,1684,0.842,0.610874378,0,0.99988278,1435,0.7175
CountMax ,fattree6 ,10000,100,0.9,0.751374841,0,1,938,0.938,0.667375471,0,0.99988278,727,0.727
CountMax ,fattree6 ,10000,100,0.99,0.844788161,0,1,99,0.99,0.667805499,0,0.999781897,70,0.7
CountMax ,fattree6 ,10000,200,0.3,0.552037071,0,1,4627,0.661,0.431984201,0,1,3796,0.542285714
CountMax ,fattree6 ,10000,200,0.5,0.670535297,0,1,3968,0.7936,0.545787583,0,1,3451,0.6902
CountMax ,fattree6 ,10000,200,0.7,0.811870672,0,1,2781,0.927,0.744746599,0,1,2742,0.914
CountMax ,fattree6 ,10000,200,0.8,0.87139781,0,1,1939,0.9695,0.832583014,0,1,1850,0.925
CountMax ,fattree6 ,10000,200,0.9,0.91983714,0,1,995,0.995,0.862706844,0,1,911,0.911
CountMax ,fattree6 ,10000,200,0.99,0.962239969,0.658282016,1,100,1,0.874038692,0,1,90,0.9
CountMax ,fattree6 ,10000,400,0.3,0.834584055,0,1,6249,0.892714286,0.658480431,0,1,5374,0.767714286
CountMax ,fattree6 ,10000,400,0.5,0.908494367,0,1,4784,0.9568,0.821445253,0,1,4756,0.9512
CountMax ,fattree6 ,10000,400,0.7,0.962633515,0,1,2979,0.993,0.953690909,0,1,2999,0.999666667
CountMax ,fattree6 ,10000,400,0.8,0.976282949,0,1,1996,0.998,0.977041724,0,1,1998,0.999
CountMax ,fattree6 ,10000,400,0.9,0.984466478,0,1,998,0.998,0.986798178,0,1,998,0.998
CountMax ,fattree6 ,10000,400,0.99,0.994013289,0.866716149,1,100,1,0.993531581,0.96252073,1,100,1
CountMax ,fattree6 ,10000,700,0.3,0.959609307,0,1,6847,0.978142857,0.945277144,0,1,6914,0.987714286
CountMax ,fattree6 ,10000,700,0.5,0.982175794,0,1,4970,0.994,0.985933098,0.432098765,1,5000,1
CountMax ,fattree6 ,10000,700,0.7,0.993316619,0,1,2996,0.998666667,0.99724921,0.922330097,1,3000,1
CountMax ,fattree6 ,10000,700,0.8,0.997010028,0.6022042,1,1999,0.9995,0.998634339,0.974603175,1,1999,0.9995
CountMax ,fattree6 ,10000,700,0.9,0.997738343,0.6022042,1,999,0.999,0.99920106,0.98944591,1,999,0.999
CountMax ,fattree6 ,10000,700,0.99,0.995481883,0.6022042,1,100,1,0.999550751,0.995577667,1,100,1
CountMax ,fattree6 ,10000,1000,0.3,0.987188752,0,1,6958,0.994,0.996552729,0.583333333,1,7000,1
CountMax ,fattree6 ,10000,1000,0.5,0.994437237,0,1,4992,0.9984,0.999118132,0.930555556,1,5000,1
CountMax ,fattree6 ,10000,1000,0.7,0.998382894,0,1,2999,0.999666667,0.999854584,0.990974729,1,3000,1
CountMax ,fattree6 ,10000,1000,0.8,0.999596692,0.806030151,1,1999,0.9995,0.999930511,0.996825397,1,1999,0.9995
CountMax ,fattree6 ,10000,1000,0.9,0.999690215,0.932491987,1,999,0.999,0.999956008,0.998741505,1,999,0.999
CountMax ,fattree6 ,10000,1000,0.99,0.99981394,0.984761905,1,100,1,0.99997775,0.999447208,1,100,1
CountMax ,fattree6 ,10000,2000,0.3,0.999243531,0,1,6999,0.999857143,1,1,1,7000,1
CountMax ,fattree6 ,10000,2000,0.5,0.999616227,0.313019391,1,5000,1,1,1,1,5000,1
CountMax ,fattree6 ,10000,2000,0.7,0.999560631,0.313019391,1,3000,1,1,1,1,3000,1
CountMax ,fattree6 ,10000,2000,0.8,0.999618486,0.313019391,1,1999,0.9995,1,1,1,1999,0.9995
CountMax ,fattree6 ,10000,2000,0.9,0.999941664,0.962562814,1,999,0.999,1,1,1,999,0.999
CountMax ,fattree6 ,10000,2000,0.99,1,1,1,100,1,1,1,1,100,1
CountMax ,fattree6 ,10000,4000,0.3,0.99993969,0.787234043,1,7000,1,1,1,1,7000,1
CountMax ,fattree6 ,10000,4000,0.5,0.999946335,0.787234043,1,5000,1,1,1,1,5000,1
CountMax ,fattree6 ,10000,4000,0.7,0.999999622,0.999025341,1,3000,1,1,1,1,3000,1
CountMax ,fattree6 ,10000,4000,0.8,0.99999992,0.999839409,1,1999,0.9995,1,1,1,1999,0.9995
CountMax ,fattree6 ,10000,4000,0.9,0.999999839,0.999839409,1,999,0.999,1,1,1,999,0.999
CountMax ,fattree6 ,10000,4000,0.99,1,1,1,100,1,1,1,1,100,1
CountMax ,fattree6 ,10000,7000,0.3,1,1,1,7000,1,1,1,1,7000,1
CountMax ,fattree6 ,10000,7000,0.5,1,1,1,5000,1,1,1,1,5000,1
CountMax ,fattree6 ,10000,7000,0.7,1,1,1,3000,1,1,1,1,3000,1
CountMax ,fattree6 ,10000,7000,0.8,1,1,1,1999,0.9995,1,1,1,1999,0.9995
CountMax ,fattree6 ,10000,7000,0.9,1,1,1,999,0.999,1,1,1,999,0.999
CountMax ,fattree6 ,10000,7000,0.99,1,1,1,100,1,1,1,1,100,1
CountMax ,fattree6 ,10000,10000,0.3,1,1,1,7000,1,1,1,1,7000,1
CountMax ,fattree6 ,10000,10000,0.5,1,1,1,5000,1,1,1,1,5000,1
CountMax ,fattree6 ,10000,10000,0.7,1,1,1,3000,1,1,1,1,3000,1
CountMax ,fattree6 ,10000,10000,0.8,1,1,1,1999,0.9995,1,1,1,1999,0.9995
CountMax ,fattree6 ,10000,10000,0.9,1,1,1,999,0.999,1,1,1,999,0.999
CountMax ,fattree6 ,10000,10000,0.99,1,1,1,100,1,1,1,1,100,1
CountMax ,fattree6 ,10000,50000,0.3,1,1,1,7000,1,1,1,1,7000,1
CountMax ,fattree6 ,10000,50000,0.5,1,1,1,5000,1,1,1,1,5000,1
CountMax ,fattree6 ,10000,50000,0.7,1,1,1,3000,1,1,1,1,3000,1
CountMax ,fattree6 ,10000,50000,0.8,1,1,1,1999,0.9995,1,1,1,1999,0.9995
CountMax ,fattree6 ,10000,50000,0.9,1,1,1,999,0.999,1,1,1,999,0.999
CountMax ,fattree6 ,10000,50000,0.99,1,1,1,100,1,1,1,1,100,1
CountMax ,fattree6 ,20000,10,0.3,0.013284768,0,0.998577985,331,0.023642857,0.015893324,0,0.998078401,332,0.023714286
CountMax ,fattree6 ,20000,10,0.5,0.018516944,0,0.998577985,329,0.0329,0.022241563,0,0.998078401,331,0.0331
CountMax ,fattree6 ,20000,10,0.7,0.02897263,0,0.998577985,306,0.051,0.035566944,0,0.998078401,302,0.050333333
CountMax ,fattree6 ,20000,10,0.8,0.036899109,0,0.998577985,260,0.065,0.045773058,0,0.998078401,235,0.05875
CountMax ,fattree6 ,20000,10,0.9,0.050924261,0,0.998577985,171,0.0855,0.057281136,0,0.997891865,130,0.065
CountMax ,fattree6 ,20000,10,0.99,0.074893621,0,0.976776808,27,0.135,0.0518526,0,0.988860281,11,0.055
CountMax ,fattree6 ,20000,50,0.3,0.068969426,0,1,1627,0.116214286,0.078908588,0,0.999866077,1601,0.114357143
CountMax ,fattree6 ,20000,50,0.5,0.095489599,0,1,1602,0.1602,0.109345269,0,0.999866077,1580,0.158
CountMax ,fattree6 ,20000,50,0.7,0.149763755,0,1,1493,0.248833333,0.169332688,0,0.999866077,1404,0.234
CountMax ,fattree6 ,20000,50,0.8,0.193625232,0,1,1263,0.31575,0.209045186,0,0.999866077,1052,0.263
CountMax ,fattree6 ,20000,50,0.9,0.252125534,0,1,814,0.407,0.231769188,0,0.999866077,524,0.262
CountMax ,fattree6 ,20000,50,0.99,0.330446802,0,1,104,0.52,0.243451778,0,0.998625316,52,0.26
CountMax ,fattree6 ,20000,100,0.3,0.14227686,0,1,3128,0.223428571,0.14631065,0,1,2881,0.205785714
CountMax ,fattree6 ,20000,100,0.5,0.193045514,0,1,3027,0.3027,0.203491184,0,1,2853,0.2853
CountMax ,fattree6 ,20000,100,0.7,0.286850189,0,1,2673,0.4455,0.306556072,0,1,2462,0.410333333
CountMax ,fattree6 ,20000,100,0.8,0.361898775,0,1,2216,0.554,0.371703464,0,1,1820,0.455
CountMax ,fattree6 ,20000,100,0.9,0.464286731,0,1,1373,0.6865,0.418168186,0,0.999755561,931,0.4655
CountMax ,fattree6 ,20000,100,0.99,0.575403011,0,0.999642163,168,0.84,0.476428532,0,0.99889085,101,0.505
CountMax ,fattree6 ,20000,200,0.3,0.292261135,0,1,5672,0.405142857,0.259842944,0,1,4981,0.355785714
CountMax ,fattree6 ,20000,200,0.5,0.384222987,0,1,5324,0.5324,0.359586868,0,1,4874,0.4874
CountMax ,fattree6 ,20000,200,0.7,0.533748863,0,1,4368,0.728,0.523363181,0,1,4078,0.679666667
CountMax ,fattree6 ,20000,200,0.8,0.637907749,0,1,3397,0.84925,0.620990705,0,1,2916,0.729
CountMax ,fattree6 ,20000,200,0.9,0.750947364,0,1,1896,0.948,0.676802665,0,1,1470,0.735
CountMax ,fattree6 ,20000,200,0.99,0.867465136,0.079697435,1,200,1,0.704960801,0,0.999949084,148,0.74
CountMax ,fattree6 ,20000,400,0.3,0.561327939,0,1,9288,0.663428571,0.434651469,0,1,7608,0.543428571
CountMax ,fattree6 ,20000,400,0.5,0.681769005,0,1,7968,0.7968,0.556785919,0,1,7015,0.7015
CountMax ,fattree6 ,20000,400,0.7,0.821661574,0,1,5577,0.9295,0.763676348,0,1,5555,0.925833333
CountMax ,fattree6 ,20000,400,0.8,0.887179298,0,1,3900,0.975,0.851312202,0,1,3758,0.9395
CountMax ,fattree6 ,20000,400,0.9,0.933093362,0,1,1990,0.995,0.896850405,0,1,1885,0.9425
CountMax ,fattree6 ,20000,400,0.99,0.957021307,0.37705361,1,200,1,0.901939923,0,1,186,0.93
CountMax ,fattree6 ,20000,700,0.3,0.801676347,0,1,12143,0.867357143,0.606011482,0,1,10016,0.715428571
CountMax ,fattree6 ,20000,700,0.5,0.885282514,0,1,9435,0.9435,0.756126609,0,1,8975,0.8975
CountMax ,fattree6 ,20000,700,0.7,0.951673179,0,1,5925,0.9875,0.93086848,0,1,5985,0.9975
CountMax ,fattree6 ,20000,700,0.8,0.972418887,0,1,3991,0.99775,0.965418095,0,1,3989,0.99725
CountMax ,fattree6 ,20000,700,0.9,0.984938356,0,1,1998,0.999,0.979045029,0,1,1991,0.9955
CountMax ,fattree6 ,20000,700,0.99,0.989250201,0.721305203,1,200,1,0.979674399,0,1,198,0.99
CountMax ,fattree6 ,20000,1000,0.3,0.906507285,0,1,13188,0.942,0.803708399,0,1,12626,0.901857143
CountMax ,fattree6 ,20000,1000,0.5,0.952158462,0,1,9780,0.978,0.936110548,0,1,9887,0.9887
CountMax ,fattree6 ,20000,1000,0.7,0.984506763,0,1,5982,0.997,0.986923055,0.66,1,6000,1
CountMax ,fattree6 ,20000,1000,0.8,0.992704486,0,1,3998,0.9995,0.993839862,0.896893138,1,3999,0.99975
CountMax ,fattree6 ,20000,1000,0.9,0.995405993,0.30972973,1,1999,0.9995,0.996650404,0.959824398,1,1999,0.9995
CountMax ,fattree6 ,20000,1000,0.99,0.998597235,0.966275186,1,200,1,0.997826989,0.98424293,1,200,1
CountMax ,fattree6 ,20000,2000,0.3,0.988735873,0,1,13918,0.994142857,0.997665781,0.733333333,1,14000,1
CountMax ,fattree6 ,20000,2000,0.5,0.994982707,0,1,9982,0.9982,0.999536163,0.965217391,1,10000,1
CountMax ,fattree6 ,20000,2000,0.7,0.998472141,0,1,5997,0.9995,0.99991911,0.995628415,1,6000,1
CountMax ,fattree6 ,20000,2000,0.8,0.999440305,0.663451233,1,3999,0.99975,0.999964083,0.998554391,1,3999,0.99975
CountMax ,fattree6 ,20000,2000,0.9,0.999642547,0.729414438,1,1999,0.9995,0.999978861,0.999446443,1,1999,0.9995
CountMax ,fattree6 ,20000,2000,0.99,0.999767167,0.970287978,1,200,1,0.999984006,0.999783831,1,200,1
CountMax ,fattree6 ,20000,4000,0.3,0.999325592,0,1,13996,0.999714286,1,1,1,14000,1
CountMax ,fattree6 ,20000,4000,0.5,0.999455692,0,1,9997,0.9997,1,1,1,10000,1
CountMax ,fattree6 ,20000,4000,0.7,0.999832492,0.207761194,1,6000,1,1,1,1,6000,1
CountMax ,fattree6 ,20000,4000,0.8,0.999976698,0.950452222,1,3999,0.99975,1,1,1,3999,0.99975
CountMax ,fattree6 ,20000,4000,0.9,0.999967578,0.950452222,1,1999,0.9995,1,1,1,1999,0.9995
CountMax ,fattree6 ,20000,4000,0.99,0.999996259,0.999302163,1,200,1,1,1,1,200,1
CountMax ,fattree6 ,20000,7000,0.3,0.999917684,0.588235294,1,14000,1,1,1,1,14000,1
CountMax ,fattree6 ,20000,7000,0.5,0.99999123,0.965333333,1,10000,1,1,1,1,10000,1
CountMax ,fattree6 ,20000,7000,0.7,0.999999338,0.998433829,1,6000,1,1,1,1,6000,1
CountMax ,fattree6 ,20000,7000,0.8,0.999999678,0.999324172,1,3999,0.99975,1,1,1,3999,0.99975
CountMax ,fattree6 ,20000,7000,0.9,0.999999662,0.999324172,1,1999,0.9995,1,1,1,1999,0.9995
CountMax ,fattree6 ,20000,7000,0.99,1,1,1,200,1,1,1,1,200,1
CountMax ,fattree6 ,20000,10000,0.3,0.999993907,0.925,1,14000,1,1,1,1,14000,1
CountMax ,fattree6 ,20000,10000,0.5,0.999998969,0.995073892,1,10000,1,1,1,1,10000,1
CountMax ,fattree6 ,20000,10000,0.7,0.999999828,0.999257885,1,6000,1,1,1,1,6000,1
CountMax ,fattree6 ,20000,10000,0.8,0.999999742,0.999257885,1,3999,0.99975,1,1,1,3999,0.99975
CountMax ,fattree6 ,20000,10000,0.9,0.999999855,0.99971076,1,1999,0.9995,1,1,1,1999,0.9995
CountMax ,fattree6 ,20000,10000,0.99,1,1,1,200,1,1,1,1,200,1
CountMax ,fattree6 ,20000,50000,0.3,1,1,1,14000,1,1,1,1,14000,1
CountMax ,fattree6 ,20000,50000,0.5,1,1,1,10000,1,1,1,1,10000,1
CountMax ,fattree6 ,20000,50000,0.7,1,1,1,6000,1,1,1,1,6000,1
CountMax ,fattree6 ,20000,50000,0.8,1,1,1,3999,0.99975,1,1,1,3999,0.99975
CountMax ,fattree6 ,20000,50000,0.9,1,1,1,1999,0.9995,1,1,1,1999,0.9995
CountMax ,fattree6 ,20000,50000,0.99,1,1,1,200,1,1,1,1,200,1
CountMax ,fattree6 ,30000,10,0.3,0.008312855,0,0.999735799,304,0.01447619,0.012107598,0,0.999873615,379,0.018047619
CountMax ,fattree6 ,30000,10,0.5,0.011543466,0,0.999735799,302,0.020133333,0.016936519,0,0.999873615,378,0.0252
CountMax ,fattree6 ,30000,10,0.7,0.018392763,0,0.999735799,287,0.031888889,0.026559633,0,0.999873615,342,0.038
CountMax ,fattree6 ,30000,10,0.8,0.024061032,0,0.999735799,247,0.041166667,0.033165628,0,0.999873615,258,0.043
CountMax ,fattree6 ,30000,10,0.9,0.034787603,0,0.999564812,174,0.058,0.041125482,0,0.999873615,141,0.047
CountMax ,fattree6 ,30000,10,0.99,0.059676423,0,0.998496643,28,0.093333333,0.056913615,0,0.989198387,19,0.063333333
CountMax ,fattree6 ,30000,50,0.3,0.045540796,0,1,1654,0.078761905,0.056016779,0,0.999709556,1671,0.079571429
CountMax ,fattree6 ,30000,50,0.5,0.063081499,0,1,1638,0.1092,0.078201847,0,0.999709556,1662,0.1108
CountMax ,fattree6 ,30000,50,0.7,0.098456957,0,1,1524,0.169333333,0.12302923,0,0.999709556,1514,0.168222222
CountMax ,fattree6 ,30000,50,0.8,0.129038752,0,0.999588833,1321,0.220166667,0.156482443,0,0.999709556,1187,0.197833333
CountMax ,fattree6 ,30000,50,0.9,0.174773084,0,0.999588833,876,0.292,0.175345864,0,0.999216022,592,0.197333333
CountMax ,fattree6 ,30000,50,0.99,0.242915971,0,0.997455557,119,0.396666667,0.157816547,0,0.992028597,51,0.17
CountMax ,fattree6 ,30000,100,0.3,0.094168523,0,1,3254,0.154952381,0.105220303,0,0.999901483,3133,0.149190476
CountMax ,fattree6 ,30000,100,0.5,0.12995311,0,1,3202,0.213466667,0.146346282,0,0.999901483,3104,0.206933333
CountMax ,fattree6 ,30000,100,0.7,0.198331433,0,0.999957184,2907,0.323,0.228348823,0,0.999901483,2803,0.311444444
CountMax ,fattree6 ,30000,100,0.8,0.255609631,0,0.999957184,2488,0.414666667,0.284401364,0,0.999901483,2134,0.355666667
CountMax ,fattree6 ,30000,100,0.9,0.336606029,0,0.999957184,1624,0.541333333,0.322419727,0,0.999901483,1081,0.360333333
CountMax ,fattree6 ,30000,100,0.99,0.405355723,0,0.999785523,195,0.65,0.324768642,0,0.997216546,105,0.35
CountMax ,fattree6 ,30000,200,0.3,0.196403339,0,1,6118,0.291333333,0.186928154,0,1,5442,0.259142857
CountMax ,fattree6 ,30000,200,0.5,0.263218657,0,1,5866,0.391066667,0.260050579,0,1,5392,0.359466667
CountMax ,fattree6 ,30000,200,0.7,0.385236129,0,1,5105,0.567222222,0.394311849,0,1,4701,0.522333333
CountMax ,fattree6 ,30000,200,0.8,0.481898018,0,1,4170,0.695,0.479398675,0,1,3497,0.582833333
CountMax ,fattree6 ,30000,200,0.9,0.602257542,0,1,2531,0.843666667,0.523949692,0,1,1732,0.577333333
CountMax ,fattree6 ,30000,200,0.99,0.720272269,0,1,281,0.936666667,0.562214542,0,0.999933184,179,0.596666667
CountMax ,fattree6 ,30000,400,0.3,0.392876266,0,1,10580,0.503809524,0.326283829,0,1,9043,0.430619048
CountMax ,fattree6 ,30000,400,0.5,0.503872855,0,1,9661,0.644066667,0.436231518,0,1,8488,0.565866667
CountMax ,fattree6 ,30000,400,0.7,0.665774923,0,1,7471,0.830111111,0.618021873,0,1,7083,0.787
CountMax ,fattree6 ,30000,400,0.8,0.763384437,0,1,5531,0.921833333,0.728758226,0,1,5040,0.84
CountMax ,fattree6 ,30000,400,0.9,0.856132933,0,1,2946,0.982,0.783403767,0,1,2519,0.839666667
CountMax ,fattree6 ,30000,400,0.99,0.91112329,0.351415174,1,300,1,0.810358934,0,0.999856564,254,0.846666667
CountMax ,fattree6 ,30000,700,0.3,0.632395224,0,1,15267,0.727,0.466482137,0,1,12026,0.572666667
CountMax ,fattree6 ,30000,700,0.5,0.748129463,0,1,12717,0.8478,0.596034531,0,1,11022,0.7348
CountMax ,fattree6 ,30000,700,0.7,0.873898594,0,1,8610,0.956666667,0.812476935,0,1,8651,0.961222222
CountMax ,fattree6 ,30000,700,0.8,0.92421909,0,1,5916,0.986,0.896792606,0,1,5833,0.972166667
CountMax ,fattree6 ,30000,700,0.9,0.959291718,0,1,2989,0.996333333,0.935378013,0,1,2921,0.973666667
CountMax ,fattree6 ,30000,700,0.99,0.974647899,0.595119436,1,300,1,0.955802372,0,1,294,0.98
CountMax ,fattree6 ,30000,1000,0.3,0.779696381,0,1,17797,0.84747619,0.586649775,0,1,14542,0.69247619
CountMax ,fattree6 ,30000,1000,0.5,0.866629533,0,1,13913,0.927533333,0.736429055,0,1,13074,0.8716
CountMax ,fattree6 ,30000,1000,0.7,0.944869907,0,1,8866,0.985111111,0.924022326,0,1,8973,0.997
CountMax ,fattree6 ,30000,1000,0.8,0.96842147,0,1,5973,0.9955,0.963037502,0,1,5983,0.997166667
CountMax ,fattree6 ,30000,1000,0.9,0.983395726,0.119825708,1,2999,0.999666667,0.97977515,0,1,2991,0.997
CountMax ,fattree6 ,30000,1000,0.99,0.99227404,0.671156779,1,300,1,0.9858286,0,1,299,0.996666667
CountMax ,fattree6 ,30000,2000,0.3,0.955382378,0,1,20452,0.973904762,0.945746888,0,1,20675,0.98452381
CountMax ,fattree6 ,30000,2000,0.5,0.979850127,0,1,14872,0.991466667,0.988464603,0.43537415,1,15000,1
CountMax ,fattree6 ,30000,2000,0.7,0.992325009,0,1,8983,0.998111111,0.997993476,0.931285368,1,9000,1
CountMax ,fattree6 ,30000,2000,0.8,0.9965341,0,1,5998,0.999666667,0.999048491,0.976646033,1,5999,0.999833333
CountMax ,fattree6 ,30000,2000,0.9,0.998198155,0.49065114,1,2999,0.999666667,0.999504956,0.992120875,1,2999,0.999666667
CountMax ,fattree6 ,30000,2000,0.99,0.999313933,0.950701803,1,300,1,0.99968619,0.997079866,1,300,1
CountMax ,fattree6 ,30000,4000,0.3,0.995921031,0,1,20958,0.998,1,1,1,21000,1
CountMax ,fattree6 ,30000,4000,0.5,0.998679375,0,1,14994,0.9996,1,1,1,15000,1
CountMax ,fattree6 ,30000,4000,0.7,0.999620133,0.507546115,1,9000,1,1,1,1,9000,1
CountMax ,fattree6 ,30000,4000,0.8,0.999766709,0.773624824,1,5999,0.999833333,1,1,1,5999,0.999833333
CountMax ,fattree6 ,30000,4000,0.9,0.999786451,0.773624824,1,2999,0.999666667,1,1,1,2999,0.999666667
CountMax ,fattree6 ,30000,4000,0.99,0.99996693,0.992915494,1,300,1,1,1,1,300,1
CountMax ,fattree6 ,30000,7000,0.3,0.999359249,0,1,20993,0.999666667,1,1,1,21000,1
CountMax ,fattree6 ,30000,7000,0.5,0.999611222,0,1,14997,0.9998,1,1,1,15000,1
CountMax ,fattree6 ,30000,7000,0.7,0.999830894,0,1,8999,0.999888889,1,1,1,9000,1
CountMax ,fattree6 ,30000,7000,0.8,0.999923514,0.761522672,1,5999,0.999833333,1,1,1,5999,0.999833333
CountMax ,fattree6 ,30000,7000,0.9,0.999993763,0.992671308,1,2999,0.999666667,1,1,1,2999,0.999666667
CountMax ,fattree6 ,30000,7000,0.99,0.999999049,0.999749786,1,300,1,1,1,1,300,1
CountMax ,fattree6 ,30000,10000,0.3,0.99984866,0,1,20998,0.999904762,1,1,1,21000,1
CountMax ,fattree6 ,30000,10000,0.5,0.999998194,0.987124464,1,15000,1,1,1,1,15000,1
CountMax ,fattree6 ,30000,10000,0.7,0.999998585,0.991876523,1,9000,1,1,1,1,9000,1
CountMax ,fattree6 ,30000,10000,0.8,0.999999832,0.999679487,1,5999,0.999833333,1,1,1,5999,0.999833333
CountMax ,fattree6 ,30000,10000,0.9,0.99999997,0.999910642,1,2999,0.999666667,1,1,1,2999,0.999666667
CountMax ,fattree6 ,30000,10000,0.99,1,1,1,300,1,1,1,1,300,1
CountMax ,fattree6 ,30000,50000,0.3,1,1,1,21000,1,1,1,1,21000,1
CountMax ,fattree6 ,30000,50000,0.5,1,1,1,15000,1,1,1,1,15000,1
CountMax ,fattree6 ,30000,50000,0.7,1,1,1,9000,1,1,1,1,9000,1
CountMax ,fattree6 ,30000,50000,0.8,1,1,1,5999,0.999833333,1,1,1,5999,0.999833333
CountMax ,fattree6 ,30000,50000,0.9,1,1,1,2999,0.999666667,1,1,1,2999,0.999666667
CountMax ,fattree6 ,30000,50000,0.99,1,1,1,300,1,1,1,1,300,1
CountMax ,fattree6 ,40000,10,0.3,0.006808921,0,0.999265606,330,0.011785714,0.008933241,0,0.999133824,368,0.013142857
CountMax ,fattree6 ,40000,10,0.5,0.009483374,0,0.999265606,328,0.0164,0.012497467,0,0.999133824,366,0.0183
CountMax ,fattree6 ,40000,10,0.7,0.014834244,0,0.999265606,307,0.025583333,0.019822555,0,0.999133824,340,0.028333333
CountMax ,fattree6 ,40000,10,0.8,0.019613214,0,0.998088539,271,0.033875,0.025730668,0,0.999133824,276,0.0345
CountMax ,fattree6 ,40000,10,0.9,0.025586778,0,0.998088539,179,0.04475,0.032734288,0,0.996406155,151,0.03775
CountMax ,fattree6 ,40000,10,0.99,0.03463358,0,0.984571297,24,0.06,0.041251162,0,0.984388791,18,0.045
CountMax ,fattree6 ,40000,50,0.3,0.03433196,0,0.999698704,1653,0.059035714,0.041411105,0,0.999884143,1693,0.060464286
CountMax ,fattree6 ,40000,50,0.5,0.047676377,0,0.999698704,1638,0.0819,0.057819119,0,0.999884143,1683,0.08415
CountMax ,fattree6 ,40000,50,0.7,0.075688275,0,0.999698704,1553,0.129416667,0.091610379,0,0.999884143,1568,0.130666667
CountMax ,fattree6 ,40000,50,0.8,0.10022153,0,0.999672303,1364,0.1705,0.118101562,0,0.999884143,1252,0.1565
CountMax ,fattree6 ,40000,50,0.9,0.140387474,0,0.999672303,940,0.235,0.136032211,0,0.999884143,620,0.155
CountMax ,fattree6 ,40000,50,0.99,0.207254134,0,0.996008495,138,0.345,0.141080643,0,0.997072049,61,0.1525
CountMax ,fattree6 ,40000,100,0.3,0.069822441,0,1,3267,0.116678571,0.077600711,0,0.99996632,3127,0.111678571
CountMax ,fattree6 ,40000,100,0.5,0.096634296,0,1,3226,0.1613,0.108232712,0,0.99996632,3110,0.1555
CountMax ,fattree6 ,40000,100,0.7,0.150500844,0,1,3002,0.250166667,0.171227768,0,0.99996632,2857,0.238083333
CountMax ,fattree6 ,40000,100,0.8,0.197429569,0,1,2618,0.32725,0.218550857,0,0.99996632,2252,0.2815
CountMax ,fattree6 ,40000,100,0.9,0.267270019,0,0.999379524,1732,0.433,0.25263709,0,0.99996632,1150,0.2875
CountMax ,fattree6 ,40000,100,0.99,0.385996578,0,0.997423145,235,0.5875,0.271252774,0,0.999656757,116,0.29
CountMax ,fattree6 ,40000,200,0.3,0.145376144,0,1,6278,0.224214286,0.143006429,0,1,5659,0.202107143
CountMax ,fattree6 ,40000,200,0.5,0.198601792,0,1,6111,0.30555,0.199121438,0,0.999849034,5611,0.28055
CountMax ,fattree6 ,40000,200,0.7,0.298576926,0,1,5467,0.455583333,0.309629256,0,0.999849034,5034,0.4195
CountMax ,fattree6 ,40000,200,0.8,0.377251476,0,1,4560,0.57,0.386014031,0,0.999849034,3856,0.482
CountMax ,fattree6 ,40000,200,0.9,0.492264508,0,1,2924,0.731,0.440041755,0,0.999769721,1966,0.4915
CountMax ,fattree6 ,40000,200,0.99,0.638091395,0,0.999972707,361,0.9025,0.482772993,0,0.999769721,205,0.5125
CountMax ,fattree6 ,40000,400,0.3,0.297748178,0,1,11314,0.404071429,0.254846384,0,1,9704,0.346571429
CountMax ,fattree6 ,40000,400,0.5,0.390233557,0,1,10609,0.53045,0.353072543,0,1,9539,0.47695
CountMax ,fattree6 ,40000,400,0.7,0.546281069,0,1,8779,0.731583333,0.519277058,0,0.99996632,8104,0.675333333
CountMax ,fattree6 ,40000,400,0.8,0.65357955,0,1,6821,0.852625,0.626924396,0,0.99996632,5985,0.748125
CountMax ,fattree6 ,40000,400,0.9,0.765821156,0,1,3797,0.94925,0.690124869,0,0.99996632,3004,0.751
CountMax ,fattree6 ,40000,400,0.99,0.863791249,0.200897231,1,400,1,0.736273776,0,0.999656757,309,0.7725
CountMax ,fattree6 ,40000,700,0.3,0.505357188,0,1,17071,0.609678571,0.389976671,0,1,13814,0.493357143
CountMax ,fattree6 ,40000,700,0.5,0.625144015,0,1,14939,0.74695,0.497162043,0,1,12688,0.6344
CountMax ,fattree6 ,40000,700,0.7,0.777397676,0,1,10822,0.901833333,0.70354479,0,1,10569,0.88075
CountMax ,fattree6 ,40000,700,0.8,0.854717213,0,1,7704,0.963,0.81490603,0,1,7373,0.921625
CountMax ,fattree6 ,40000,700,0.9,0.92054765,0,1,3972,0.993,0.86825158,0,1,3682,0.9205
CountMax ,fattree6 ,40000,700,0.99,0.948855162,0.154343105,1,400,1,0.895424564,0,1,370,0.925
CountMax ,fattree6 ,40000,1000,0.3,0.663631355,0,1,21022,0.750785714,0.479847879,0,1,16432,0.586857143
CountMax ,fattree6 ,40000,1000,0.5,0.776821737,0,1,17330,0.8665,0.609559318,0,1,14932,0.7466
CountMax ,fattree6 ,40000,1000,0.7,0.89086035,0,1,11559,0.96325,0.831083371,0,1,11662,0.971833333
CountMax ,fattree6 ,40000,1000,0.8,0.934998049,0,1,7913,0.989125,0.913550642,0,1,7877,0.984625
CountMax ,fattree6 ,40000,1000,0.9,0.962893045,0,1,3991,0.99775,0.950694185,0,1,3941,0.98525
CountMax ,fattree6 ,40000,1000,0.99,0.980231893,0.406383942,1,400,1,0.97316335,0,1,397,0.9925
CountMax ,fattree6 ,40000,2000,0.3,0.910592374,0,1,26461,0.945035714,0.810309858,0,1,25348,0.905285714
CountMax ,fattree6 ,40000,2000,0.5,0.953824075,0,1,19563,0.97815,0.939358985,0,1,19745,0.98725
CountMax ,fattree6 ,40000,2000,0.7,0.982522818,0,1,11941,0.995083333,0.988123947,0.693629205,1,12000,1
CountMax ,fattree6 ,40000,2000,0.8,0.991112967,0,1,7993,0.999125,0.994521286,0.901856148,1,7999,0.999875
CountMax ,fattree6 ,40000,2000,0.9,0.995774138,0.331224077,1,3999,0.99975,0.99729017,0.968186958,1,3999,0.99975
CountMax ,fattree6 ,40000,2000,0.99,0.997221328,0.843648475,1,400,1,0.998662805,0.98877466,1,400,1
CountMax ,fattree6 ,40000,4000,0.3,0.987489282,0,1,27793,0.992607143,0.997283611,0.526315789,1,28000,1
CountMax ,fattree6 ,40000,4000,0.5,0.994978124,0,1,19956,0.9978,0.999560027,0.947674419,1,20000,1
CountMax ,fattree6 ,40000,4000,0.7,0.998408227,0,1,11995,0.999583333,0.999923212,0.993585175,1,12000,1
CountMax ,fattree6 ,40000,4000,0.8,0.999214646,0,1,7998,0.99975,0.999963247,0.998078565,1,7999,0.999875
CountMax ,fattree6 ,40000,4000,0.9,0.999685233,0.626270524,1,3999,0.99975,0.999981798,0.999321574,1,3999,0.99975
CountMax ,fattree6 ,40000,4000,0.99,0.999912865,0.986898266,1,400,1,0.999992273,0.999765062,1,400,1
CountMax ,fattree6 ,40000,7000,0.3,0.998517239,0,1,27978,0.999214286,1,1,1,28000,1
CountMax ,fattree6 ,40000,7000,0.5,0.999486352,0,1,19998,0.9999,1,1,1,20000,1
CountMax ,fattree6 ,40000,7000,0.7,0.999801231,0.337486837,1,12000,1,1,1,1,12000,1
CountMax ,fattree6 ,40000,7000,0.8,0.999840784,0.337486837,1,7999,0.999875,1,1,1,7999,0.999875
CountMax ,fattree6 ,40000,7000,0.9,0.999979708,0.978359393,1,3999,0.99975,1,1,1,3999,0.99975
CountMax ,fattree6 ,40000,7000,0.99,0.9999678,0.990740264,1,400,1,1,1,1,400,1
CountMax ,fattree6 ,40000,10000,0.3,0.999588766,0,1,27993,0.99975,1,1,1,28000,1
CountMax ,fattree6 ,40000,10000,0.5,0.999922858,0.319319319,1,20000,1,1,1,1,20000,1
CountMax ,fattree6 ,40000,10000,0.7,0.999985422,0.937752627,1,12000,1,1,1,1,12000,1
CountMax ,fattree6 ,40000,10000,0.8,0.999986491,0.937752627,1,7999,0.999875,1,1,1,7999,0.999875
CountMax ,fattree6 ,40000,10000,0.9,0.999999479,0.998708381,1,3999,0.99975,1,1,1,3999,0.99975
CountMax ,fattree6 ,40000,10000,0.99,0.999999614,0.999845619,1,400,1,1,1,1,400,1
CountMax ,fattree6 ,40000,50000,0.3,1,1,1,28000,1,1,1,1,28000,1
CountMax ,fattree6 ,40000,50000,0.5,1,1,1,20000,1,1,1,1,20000,1
CountMax ,fattree6 ,40000,50000,0.7,1,1,1,12000,1,1,1,1,12000,1
CountMax ,fattree6 ,40000,50000,0.8,1,1,1,7999,0.999875,1,1,1,7999,0.999875
CountMax ,fattree6 ,40000,50000,0.9,1,1,1,3999,0.99975,1,1,1,3999,0.99975
CountMax ,fattree6 ,40000,50000,0.99,1,1,1,400,1,1,1,1,400,1
CountMax ,fattree6 ,50000,10,0.3,0.005277725,0,0.998223732,324,0.009257143,0.006878633,0,0.992392638,362,0.010342857
CountMax ,fattree6 ,50000,10,0.5,0.007343772,0,0.998223732,322,0.01288,0.009554553,0,0.992392638,359,0.01436
CountMax ,fattree6 ,50000,10,0.7,0.011588454,0,0.998223732,300,0.02,0.01542302,0,0.992392638,339,0.0226
CountMax ,fattree6 ,50000,10,0.8,0.015321851,0,0.998223732,262,0.0262,0.020098525,0,0.992392638,272,0.0272
CountMax ,fattree6 ,50000,10,0.9,0.021918436,0,0.998223732,187,0.0374,0.022527156,0,0.989345281,133,0.0266
CountMax ,fattree6 ,50000,10,0.99,0.03460705,0,0.994659688,27,0.054,0.017889957,0,0.973983987,10,0.02
CountMax ,fattree6 ,50000,50,0.3,0.026743,0,0.999919468,1624,0.0464,0.033636279,0,0.999645296,1712,0.048914286
CountMax ,fattree6 ,50000,50,0.5,0.037275543,0,0.999919468,1614,0.06456,0.046971943,0,0.999645296,1704,0.06816
CountMax ,fattree6 ,50000,50,0.7,0.058981133,0,0.999919468,1520,0.101333333,0.075450481,0,0.999645296,1601,0.106733333
CountMax ,fattree6 ,50000,50,0.8,0.080244135,0,0.999919468,1363,0.1363,0.099292222,0,0.999645296,1303,0.1303
CountMax ,fattree6 ,50000,50,0.9,0.112974019,0,0.999919468,947,0.1894,0.117079489,0,0.999645296,676,0.1352
CountMax ,fattree6 ,50000,50,0.99,0.156290752,0,0.993516313,132,0.264,0.124183532,0,0.999351702,68,0.136
CountMax ,fattree6 ,50000,100,0.3,0.054923375,0,1,3264,0.093257143,0.062786912,0,0.999845542,3205,0.091571429
CountMax ,fattree6 ,50000,100,0.5,0.076653807,0,1,3252,0.13008,0.087557847,0,0.999845542,3183,0.12732
CountMax ,fattree6 ,50000,100,0.7,0.120293704,0,1,3040,0.202666667,0.139229265,0,0.999845542,2936,0.195733333
CountMax ,fattree6 ,50000,100,0.8,0.159556311,0,1,2670,0.267,0.18015256,0,0.999845542,2339,0.2339
CountMax ,fattree6 ,50000,100,0.9,0.220700859,0,0.999685746,1832,0.3664,0.211465733,0,0.999845542,1204,0.2408
CountMax ,fattree6 ,50000,100,0.99,0.29405826,0,0.99926994,247,0.494,0.254069723,0,0.99790782,138,0.276
CountMax ,fattree6 ,50000,200,0.3,0.115287304,0,1,6413,0.183228571,0.117792446,0,0.999979011,5919,0.169114286
CountMax ,fattree6 ,50000,200,0.5,0.158959836,0,1,6304,0.25216,0.164029771,0,0.999979011,5875,0.235
CountMax ,fattree6 ,50000,200,0.7,0.242641792,0,1,5756,0.383733333,0.258203751,0,0.999979011,5366,0.357733333
CountMax ,fattree6 ,50000,200,0.8,0.313912488,0,1,4901,0.4901,0.325097471,0,0.999979011,4139,0.4139
CountMax ,fattree6 ,50000,200,0.9,0.410894386,0,1,3165,0.633,0.376848871,0,0.999979011,2120,0.424
CountMax ,fattree6 ,50000,200,0.99,0.531201508,0,0.99995914,400,0.8,0.446066943,0,0.999979011,238,0.476
CountMax ,fattree6 ,50000,400,0.3,0.236939233,0,1,11731,0.335171429,0.210715408,0,1,10221,0.292028571
CountMax ,fattree6 ,50000,400,0.5,0.316824028,0,1,11217,0.44868,0.293160008,0,1,10119,0.40476
CountMax ,fattree6 ,50000,400,0.7,0.458371324,0,1,9637,0.642466667,0.444658389,0,1,8850,0.59
CountMax ,fattree6 ,50000,400,0.8,0.567129611,0,1,7764,0.7764,0.544873088,0,1,6662,0.6662
CountMax ,fattree6 ,50000,400,0.9,0.693363711,0,1,4526,0.9052,0.617720858,0,1,3399,0.6798
CountMax ,fattree6 ,50000,400,0.99,0.793992616,0,1,488,0.976,0.653126544,0,0.999979011,345,0.69
CountMax ,fattree6 ,50000,700,0.3,0.414609311,0,1,18156,0.518742857,0.333424061,0,1,15232,0.4352
CountMax ,fattree6 ,50000,700,0.5,0.53084115,0,1,16557,0.66228,0.440443069,0,1,14164,0.56656
CountMax ,fattree6 ,50000,700,0.7,0.70025562,0,1,12787,0.852466667,0.628471991,0,1,11976,0.7984
CountMax ,fattree6 ,50000,700,0.8,0.794874473,0,1,9383,0.9383,0.747800838,0,1,8694,0.8694
CountMax ,fattree6 ,50000,700,0.9,0.880704173,0,1,4945,0.989,0.817892898,0,1,4387,0.8774
CountMax ,fattree6 ,50000,700,0.99,0.933483059,0,1,499,0.998,0.847892632,0,1,442,0.884
CountMax ,fattree6 ,50000,1000,0.3,0.566903851,0,1,23288,0.665371429,0.415713548,0,1,18172,0.5192
CountMax ,fattree6 ,50000,1000,0.5,0.688854326,0,1,20008,0.80032,0.532978223,0,1,16767,0.67068
CountMax ,fattree6 ,50000,1000,0.7,0.834332791,0,1,14048,0.936533333,0.749789179,0,1,13927,0.928466667
CountMax ,fattree6 ,50000,1000,0.8,0.89655855,0,1,9783,0.9783,0.85977787,0,1,9573,0.9573
CountMax ,fattree6 ,50000,1000,0.9,0.944147642,0,1,4985,0.997,0.910426138,0,1,4788,0.9576
CountMax ,fattree6 ,50000,1000,0.99,0.966763679,0.271596285,1,500,1,0.920739056,0,1,474,0.948
CountMax ,fattree6 ,50000,2000,0.3,0.851522364,0,1,31633,0.9038,0.670345203,0,1,26944,0.769828571
CountMax ,fattree6 ,50000,2000,0.5,0.920089965,0,1,24046,0.96184,0.840960981,0,1,23791,0.95164
CountMax ,fattree6 ,50000,2000,0.7,0.96928315,0,1,14897,0.993133333,0.965737036,0,1,14998,0.999866667
CountMax ,fattree6 ,50000,2000,0.8,0.983961206,0,1,9987,0.9987,0.98458628,0,1,9998,0.9998
CountMax ,fattree6 ,50000,2000,0.9,0.991904602,0.291324781,1,4999,0.9998,0.992147344,0,1,4998,0.9996
CountMax ,fattree6 ,50000,2000,0.99,0.994198366,0.684956515,1,500,1,0.995740463,0.973260544,1,500,1
CountMax ,fattree6 ,50000,4000,0.3,0.976055773,0,1,34520,0.986285714,0.984350044,0,1,34920,0.997714286
CountMax ,fattree6 ,50000,4000,0.5,0.990699845,0,1,24903,0.99612,0.997632214,0.849710983,1,25000,1
CountMax ,fattree6 ,50000,4000,0.7,0.997037256,0,1,14993,0.999533333,0.999642182,0.98452381,1,15000,1
CountMax ,fattree6 ,50000,4000,0.8,0.998242675,0,1,9997,0.9997,0.999836763,0.99508878,1,9999,0.9999
CountMax ,fattree6 ,50000,4000,0.9,0.999201139,0.439175906,1,4999,0.9998,0.999913504,0.998399803,1,4999,0.9998
CountMax ,fattree6 ,50000,4000,0.99,0.998638973,0.794541565,1,500,1,0.999955434,0.999434057,1,500,1
CountMax ,fattree6 ,50000,7000,0.3,0.996597812,0,1,34942,0.998342857,1,1,1,35000,1
CountMax ,fattree6 ,50000,7000,0.5,0.99864247,0,1,24985,0.9994,1,1,1,25000,1
CountMax ,fattree6 ,50000,7000,0.7,0.999697248,0,1,14999,0.999933333,1,1,1,15000,1
CountMax ,fattree6 ,50000,7000,0.8,0.999844398,0.701584057,1,9999,0.9999,1,1,1,9999,0.9999
CountMax ,fattree6 ,50000,7000,0.9,0.99992644,0.925497994,1,4999,0.9998,1,1,1,4999,0.9998
CountMax ,fattree6 ,50000,7000,0.99,0.999927113,0.97939486,1,500,1,1,1,1,500,1
CountMax ,fattree6 ,50000,10000,0.3,0.999269296,0,1,34987,0.999628571,1,1,1,35000,1
CountMax ,fattree6 ,50000,10000,0.5,0.999740608,0,1,24998,0.99992,1,1,1,25000,1
CountMax ,fattree6 ,50000,10000,0.7,0.999969039,0.88066153,1,15000,1,1,1,1,15000,1
CountMax ,fattree6 ,50000,10000,0.8,0.999971519,0.88066153,1,9999,0.9999,1,1,1,9999,0.9999
CountMax ,fattree6 ,50000,10000,0.9,0.999990067,0.9843026,1,4999,0.9998,1,1,1,4999,0.9998
CountMax ,fattree6 ,50000,10000,0.99,0.999999143,0.999830268,1,500,1,1,1,1,500,1
CountMax ,fattree6 ,50000,50000,0.3,1,1,1,35000,1,1,1,1,35000,1
CountMax ,fattree6 ,50000,50000,0.5,1,1,1,25000,1,1,1,1,25000,1
CountMax ,fattree6 ,50000,50000,0.7,1,1,1,15000,1,1,1,1,15000,1
CountMax ,fattree6 ,50000,50000,0.8,1,1,1,9999,0.9999,1,1,1,9999,0.9999
CountMax ,fattree6 ,50000,50000,0.9,1,1,1,4999,0.9998,1,1,1,4999,0.9998
CountMax ,fattree6 ,50000,50000,0.99,1,1,1,500,1,1,1,1,500,1
CountMax ,hyperx7 ,10000,10,0.3,0.043268396,0,0.999128616,545,0.077857143,0.052238094,0,0.998740554,492,0.070285714
CountMax ,hyperx7 ,10000,10,0.5,0.060259758,0,0.999128616,542,0.1084,0.072753056,0,0.998740554,488,0.0976
CountMax ,hyperx7 ,10000,10,0.7,0.093681545,0,0.999128616,506,0.168666667,0.107837602,0,0.998740554,402,0.134
CountMax ,hyperx7 ,10000,10,0.8,0.123860033,0,0.999128616,442,0.221,0.122556783,0,0.998740554,281,0.1405
CountMax ,hyperx7 ,10000,10,0.9,0.162609846,0,0.999128616,292,0.292,0.128339949,0,0.997660224,137,0.137
CountMax ,hyperx7 ,10000,10,0.99,0.24095065,0,0.997618555,41,0.41,0.144485051,0,0.997660224,15,0.15
CountMax ,hyperx7 ,10000,50,0.3,0.255904557,0,1,2504,0.357714286,0.232917858,0,1,2158,0.308285714
CountMax ,hyperx7 ,10000,50,0.5,0.332864658,0,1,2323,0.4646,0.321458999,0,1,2100,0.42
CountMax ,hyperx7 ,10000,50,0.7,0.453858613,0,1,1885,0.628333333,0.436782116,0,0.999887311,1528,0.509333333
CountMax ,hyperx7 ,10000,50,0.8,0.531533837,0,1,1461,0.7305,0.477531922,0,0.999887311,1043,0.5215
CountMax ,hyperx7 ,10000,50,0.9,0.60752252,0,1,821,0.821,0.49532526,0,0.999887311,521,0.521
CountMax ,hyperx7 ,10000,50,0.99,0.712682148,0,1,94,0.94,0.536788482,0,0.997711908,55,0.55
CountMax ,hyperx7 ,10000,100,0.3,0.473230449,0,1,4035,0.576428571,0.448832524,0,1,3921,0.560142857
CountMax ,hyperx7 ,10000,100,0.5,0.566308736,0,1,3455,0.691,0.587119895,0,1,3447,0.6894
CountMax ,hyperx7 ,10000,100,0.7,0.695363654,0,1,2530,0.843333333,0.704947993,0,0.99988803,2379,0.793
CountMax ,hyperx7 ,10000,100,0.8,0.771072553,0,1,1833,0.9165,0.749443817,0,0.99988803,1602,0.801
CountMax ,hyperx7 ,10000,100,0.9,0.837254747,0,1,975,0.975,0.789746141,0,0.99988803,820,0.82
CountMax ,hyperx7 ,10000,100,0.99,0.915967099,0.431796502,1,100,1,0.813365715,0,0.999054324,83,0.83
CountMax ,hyperx7 ,10000,200,0.3,0.714116794,0,1,5557,0.793857143,0.677995943,0,1,5186,0.740857143
CountMax ,hyperx7 ,10000,200,0.5,0.799911094,0,1,4413,0.8826,0.74491738,0,1,4146,0.8292
CountMax ,hyperx7 ,10000,200,0.7,0.886305231,0,1,2876,0.958666667,0.868151481,0,1,2864,0.954666667
CountMax ,hyperx7 ,10000,200,0.8,0.9269729,0,1,1974,0.987,0.911851084,0,1,1910,0.955
CountMax ,hyperx7 ,10000,200,0.9,0.951879421,0,1,997,0.997,0.938414607,0,1,963,0.963
CountMax ,hyperx7 ,10000,200,0.99,0.97717177,0.644047873,1,100,1,0.97566776,0,1,99,0.99
CountMax ,hyperx7 ,10000,400,0.3,0.912264508,0,1,6625,0.946428571,0.822091655,0,1,6205,0.886428571
CountMax ,hyperx7 ,10000,400,0.5,0.952712256,0,1,4896,0.9792,0.92192695,0,1,4968,0.9936
CountMax ,hyperx7 ,10000,400,0.7,0.981357824,0,1,2988,0.996,0.982650268,0.822898032,1,3000,1
CountMax ,hyperx7 ,10000,400,0.8,0.987126262,0,1,1994,0.997,0.991320044,0.934954008,1,1999,0.9995
CountMax ,hyperx7 ,10000,400,0.9,0.992756234,0,1,998,0.998,0.995143752,0.97690154,1,999,0.999
CountMax ,hyperx7 ,10000,400,0.99,0.998347982,0.95616324,1,100,1,0.997149228,0.989838936,1,100,1
CountMax ,hyperx7 ,10000,700,0.3,0.980193278,0,1,6928,0.989714286,0.985909925,0.692307692,1,7000,1
CountMax ,hyperx7 ,10000,700,0.5,0.991176726,0,1,4982,0.9964,0.997232236,0.945205479,1,5000,1
CountMax ,hyperx7 ,10000,700,0.7,0.997233118,0,1,2999,0.999666667,0.999384673,0.992424242,1,3000,1
CountMax ,hyperx7 ,10000,700,0.8,0.997692664,0,1,1998,0.999,0.999693661,0.997816594,1,1999,0.9995
CountMax ,hyperx7 ,10000,700,0.9,0.998524992,0.738208033,1,999,0.999,0.999829911,0.999103541,1,999,0.999
CountMax ,hyperx7 ,10000,700,0.99,0.995924776,0.738208033,1,100,1,0.999900946,0.999582507,1,100,1
CountMax ,hyperx7 ,10000,1000,0.3,0.993061765,0,1,6975,0.996428571,1,1,1,7000,1
CountMax ,hyperx7 ,10000,1000,0.5,0.996374953,0,1,4992,0.9984,1,1,1,5000,1
CountMax ,hyperx7 ,10000,1000,0.7,0.998758805,0,1,2998,0.999333333,1,1,1,3000,1
CountMax ,hyperx7 ,10000,1000,0.8,0.999723673,0.873441397,1,1999,0.9995,1,1,1,1999,0.9995
CountMax ,hyperx7 ,10000,1000,0.9,0.999790702,0.949849707,1,999,0.999,1,1,1,999,0.999
CountMax ,hyperx7 ,10000,1000,0.99,0.99974431,0.976748929,1,100,1,1,1,1,100,1
CountMax ,hyperx7 ,10000,2000,0.3,0.999740157,0,1,6999,0.999857143,1,1,1,7000,1
CountMax ,hyperx7 ,10000,2000,0.5,0.999878633,0.756302521,1,5000,1,1,1,1,5000,1
CountMax ,hyperx7 ,10000,2000,0.7,0.999970471,0.958742633,1,3000,1,1,1,1,3000,1
CountMax ,hyperx7 ,10000,2000,0.8,0.999963386,0.958742633,1,1999,0.9995,1,1,1,1999,0.9995
CountMax ,hyperx7 ,10000,2000,0.9,0.999998826,0.999098467,1,999,0.999,1,1,1,999,0.999
CountMax ,hyperx7 ,10000,2000,0.99,0.99998998,0.999098467,1,100,1,1,1,1,100,1
CountMax ,hyperx7 ,10000,4000,0.3,0.999911527,0.688007214,1,7000,1,1,1,1,7000,1
CountMax ,hyperx7 ,10000,4000,0.5,0.999885513,0.688007214,1,5000,1,1,1,1,5000,1
CountMax ,hyperx7 ,10000,4000,0.7,0.999895909,0.688007214,1,3000,1,1,1,1,3000,1
CountMax ,hyperx7 ,10000,4000,0.8,0.99999986,0.999720006,1,1999,0.9995,1,1,1,1999,0.9995
CountMax ,hyperx7 ,10000,4000,0.9,0.99999972,0.999720006,1,999,0.999,1,1,1,999,0.999
CountMax ,hyperx7 ,10000,4000,0.99,1,1,1,100,1,1,1,1,100,1
CountMax ,hyperx7 ,10000,7000,0.3,1,1,1,7000,1,1,1,1,7000,1
CountMax ,hyperx7 ,10000,7000,0.5,1,1,1,5000,1,1,1,1,5000,1
CountMax ,hyperx7 ,10000,7000,0.7,1,1,1,3000,1,1,1,1,3000,1
CountMax ,hyperx7 ,10000,7000,0.8,1,1,1,1999,0.9995,1,1,1,1999,0.9995
CountMax ,hyperx7 ,10000,7000,0.9,1,1,1,999,0.999,1,1,1,999,0.999
CountMax ,hyperx7 ,10000,7000,0.99,1,1,1,100,1,1,1,1,100,1
CountMax ,hyperx7 ,10000,10000,0.3,1,1,1,7000,1,1,1,1,7000,1
CountMax ,hyperx7 ,10000,10000,0.5,1,1,1,5000,1,1,1,1,5000,1
CountMax ,hyperx7 ,10000,10000,0.7,1,1,1,3000,1,1,1,1,3000,1
CountMax ,hyperx7 ,10000,10000,0.8,1,1,1,1999,0.9995,1,1,1,1999,0.9995
CountMax ,hyperx7 ,10000,10000,0.9,1,1,1,999,0.999,1,1,1,999,0.999
CountMax ,hyperx7 ,10000,10000,0.99,1,1,1,100,1,1,1,1,100,1
CountMax ,hyperx7 ,10000,50000,0.3,1,1,1,7000,1,1,1,1,7000,1
CountMax ,hyperx7 ,10000,50000,0.5,1,1,1,5000,1,1,1,1,5000,1
CountMax ,hyperx7 ,10000,50000,0.7,1,1,1,3000,1,1,1,1,3000,1
CountMax ,hyperx7 ,10000,50000,0.8,1,1,1,1999,0.9995,1,1,1,1999,0.9995
CountMax ,hyperx7 ,10000,50000,0.9,1,1,1,999,0.999,1,1,1,999,0.999
CountMax ,hyperx7 ,10000,50000,0.99,1,1,1,100,1,1,1,1,100,1
CountMax ,hyperx7 ,20000,10,0.3,0.021248405,0,0.99929918,550,0.039285714,0.02585594,0,0.999710941,493,0.035214286
CountMax ,hyperx7 ,20000,10,0.5,0.029609638,0,0.99929918,547,0.0547,0.036086244,0,0.999710941,489,0.0489
CountMax ,hyperx7 ,20000,10,0.7,0.046604676,0,0.99929918,513,0.0855,0.052871422,0,0.999710941,396,0.066
CountMax ,hyperx7 ,20000,10,0.8,0.063353904,0,0.99929918,463,0.11575,0.063634634,0,0.999710941,296,0.074
CountMax ,hyperx7 ,20000,10,0.9,0.085351126,0,0.99929918,310,0.155,0.060418653,0,0.999225931,131,0.0655
CountMax ,hyperx7 ,20000,10,0.99,0.098553555,0,0.998394365,40,0.2,0.075816431,0,0.986923678,16,0.08
CountMax ,hyperx7 ,20000,50,0.3,0.118658056,0,1,2645,0.188928571,0.124865241,0,0.9998076,2357,0.168357143
CountMax ,hyperx7 ,20000,50,0.5,0.16337905,0,1,2597,0.2597,0.173364778,0,0.9998076,2327,0.2327
CountMax ,hyperx7 ,20000,50,0.7,0.246780987,0,1,2323,0.387166667,0.252041734,0,0.9998076,1845,0.3075
CountMax ,hyperx7 ,20000,50,0.8,0.317118362,0,1,1945,0.48625,0.285752458,0,0.9998076,1286,0.3215
CountMax ,hyperx7 ,20000,50,0.9,0.400367243,0,1,1196,0.598,0.288893915,0,0.9998076,613,0.3065
CountMax ,hyperx7 ,20000,50,0.99,0.480865967,0,0.999730313,142,0.71,0.270268173,0,0.998468104,56,0.28
CountMax ,hyperx7 ,20000,100,0.3,0.252219587,0,1,4890,0.349285714,0.235724667,0,1,4318,0.308428571
CountMax ,hyperx7 ,20000,100,0.5,0.328286887,0,1,4539,0.4539,0.327265245,0,1,4253,0.4253
CountMax ,hyperx7 ,20000,100,0.7,0.448108092,0,1,3678,0.613,0.455800299,0,1,3207,0.5345
CountMax ,hyperx7 ,20000,100,0.8,0.535013202,0,1,2886,0.7215,0.50597879,0,1,2233,0.55825
CountMax ,hyperx7 ,20000,100,0.9,0.635406471,0,1,1684,0.842,0.526180704,0,0.999934297,1107,0.5535
CountMax ,hyperx7 ,20000,100,0.99,0.736359652,0,1,193,0.965,0.574310292,0,0.999077841,119,0.595
CountMax ,hyperx7 ,20000,200,0.3,0.46303245,0,1,7896,0.564,0.448233609,0,1,7754,0.553857143
CountMax ,hyperx7 ,20000,200,0.5,0.556335532,0,1,6784,0.6784,0.585846232,0,1,6823,0.6823
CountMax ,hyperx7 ,20000,200,0.7,0.689821615,0,1,5000,0.833333333,0.700382436,0,1,4738,0.789666667
CountMax ,hyperx7 ,20000,200,0.8,0.767999032,0,1,3637,0.90925,0.758725184,0,1,3261,0.81525
CountMax ,hyperx7 ,20000,200,0.9,0.849518318,0,1,1952,0.976,0.778999529,0,1,1619,0.8095
CountMax ,hyperx7 ,20000,200,0.99,0.883035439,0,1,198,0.99,0.816451238,0,0.999896411,167,0.835
CountMax ,hyperx7 ,20000,400,0.3,0.713584617,0,1,11056,0.789714286,0.667047041,0,1,10214,0.729571429
CountMax ,hyperx7 ,20000,400,0.5,0.799116331,0,1,8798,0.8798,0.733210108,0,1,8186,0.8186
CountMax ,hyperx7 ,20000,400,0.7,0.893796248,0,1,5769,0.9615,0.863078229,0,1,5773,0.962166667
CountMax ,hyperx7 ,20000,400,0.8,0.933366713,0,1,3944,0.986,0.915679416,0,1,3854,0.9635
CountMax ,hyperx7 ,20000,400,0.9,0.959787253,0,1,1995,0.9975,0.935308402,0,1,1923,0.9615
CountMax ,hyperx7 ,20000,400,0.99,0.970786077,0.620393869,1,200,1,0.945044622,0,1,192,0.96
CountMax ,hyperx7 ,20000,700,0.3,0.889170873,0,1,12988,0.927714286,0.772660261,0,1,11762,0.840142857
CountMax ,hyperx7 ,20000,700,0.5,0.936243022,0,1,9679,0.9679,0.866571659,0,1,9520,0.952
CountMax ,hyperx7 ,20000,700,0.7,0.974453636,0,1,5962,0.993666667,0.970115744,0,1,5998,0.999666667
CountMax ,hyperx7 ,20000,700,0.8,0.983946143,0,1,3990,0.9975,0.985378797,0,1,3997,0.99925
CountMax ,hyperx7 ,20000,700,0.9,0.989638275,0,1,1998,0.999,0.991666501,0,1,1998,0.999
CountMax ,hyperx7 ,20000,700,0.99,0.99465507,0.736748823,1,200,1,0.995610105,0.984934921,1,200,1
CountMax ,hyperx7 ,20000,1000,0.3,0.950693108,0,1,13575,0.969642857,0.897906274,0,1,13425,0.958928571
CountMax ,hyperx7 ,20000,1000,0.5,0.975019041,0,1,9891,0.9891,0.977756474,0.579439252,1,10000,1
CountMax ,hyperx7 ,20000,1000,0.7,0.990312636,0,1,5987,0.997833333,0.995772074,0.953813104,1,6000,1
CountMax ,hyperx7 ,20000,1000,0.8,0.993796123,0,1,3996,0.999,0.997986438,0.983993597,1,3999,0.99975
CountMax ,hyperx7 ,20000,1000,0.9,0.997160447,0.371502209,1,1999,0.9995,0.998886149,0.993936127,1,1999,0.9995
CountMax ,hyperx7 ,20000,1000,0.99,0.999301686,0.963918618,1,200,1,0.999381365,0.997746331,1,200,1
CountMax ,hyperx7 ,20000,2000,0.3,0.993472946,0,1,13954,0.996714286,1,1,1,14000,1
CountMax ,hyperx7 ,20000,2000,0.5,0.997857989,0,1,9996,0.9996,1,1,1,10000,1
CountMax ,hyperx7 ,20000,2000,0.7,0.998980564,0.436419125,1,6000,1,1,1,1,6000,1
CountMax ,hyperx7 ,20000,2000,0.8,0.999565504,0.668428373,1,3999,0.99975,1,1,1,3999,0.99975
CountMax ,hyperx7 ,20000,2000,0.9,0.999606066,0.679205852,1,1999,0.9995,1,1,1,1999,0.9995
CountMax ,hyperx7 ,20000,2000,0.99,0.99996091,0.997125085,1,200,1,1,1,1,200,1
CountMax ,hyperx7 ,20000,4000,0.3,0.999275396,0,1,13994,0.999571429,1,1,1,14000,1
CountMax ,hyperx7 ,20000,4000,0.5,0.999675885,0,1,9998,0.9998,1,1,1,10000,1
CountMax ,hyperx7 ,20000,4000,0.7,0.999936794,0.837545126,1,6000,1,1,1,1,6000,1
CountMax ,hyperx7 ,20000,4000,0.8,0.99994686,0.837545126,1,3999,0.99975,1,1,1,3999,0.99975
CountMax ,hyperx7 ,20000,4000,0.9,0.999988645,0.978212746,1,1999,0.9995,1,1,1,1999,0.9995
CountMax ,hyperx7 ,20000,4000,0.99,1,1,1,200,1,1,1,1,200,1
CountMax ,hyperx7 ,20000,7000,0.3,0.999854516,0,1,13999,0.999928571,1,1,1,14000,1
CountMax ,hyperx7 ,20000,7000,0.5,0.999992946,0.94488189,1,10000,1,1,1,1,10000,1
CountMax ,hyperx7 ,20000,7000,0.7,0.999998258,0.989650712,1,6000,1,1,1,1,6000,1
CountMax ,hyperx7 ,20000,7000,0.8,0.999997386,0.989650712,1,3999,0.99975,1,1,1,3999,0.99975
CountMax ,hyperx7 ,20000,7000,0.9,0.999999948,0.999895387,1,1999,0.9995,1,1,1,1999,0.9995
CountMax ,hyperx7 ,20000,7000,0.99,1,1,1,200,1,1,1,1,200,1
CountMax ,hyperx7 ,20000,10000,0.3,0.999984156,0.859649123,1,14000,1,1,1,1,14000,1
CountMax ,hyperx7 ,20000,10000,0.5,1,1,1,10000,1,1,1,1,10000,1
CountMax ,hyperx7 ,20000,10000,0.7,1,1,1,6000,1,1,1,1,6000,1
CountMax ,hyperx7 ,20000,10000,0.8,1,1,1,3999,0.99975,1,1,1,3999,0.99975
CountMax ,hyperx7 ,20000,10000,0.9,1,1,1,1999,0.9995,1,1,1,1999,0.9995
CountMax ,hyperx7 ,20000,10000,0.99,1,1,1,200,1,1,1,1,200,1
CountMax ,hyperx7 ,20000,50000,0.3,1,1,1,14000,1,1,1,1,14000,1
CountMax ,hyperx7 ,20000,50000,0.5,1,1,1,10000,1,1,1,1,10000,1
CountMax ,hyperx7 ,20000,50000,0.7,1,1,1,6000,1,1,1,1,6000,1
CountMax ,hyperx7 ,20000,50000,0.8,1,1,1,3999,0.99975,1,1,1,3999,0.99975
CountMax ,hyperx7 ,20000,50000,0.9,1,1,1,1999,0.9995,1,1,1,1999,0.9995
CountMax ,hyperx7 ,20000,50000,0.99,1,1,1,200,1,1,1,1,200,1
CountMax ,hyperx7 ,30000,10,0.3,0.014645713,0,0.999827705,555,0.026428571,0.018106132,0,0.998864926,522,0.024857143
CountMax ,hyperx7 ,30000,10,0.5,0.020232572,0,0.999827705,548,0.036533333,0.025132944,0,0.998864926,516,0.0344
CountMax ,hyperx7 ,30000,10,0.7,0.032527869,0,0.999827705,528,0.058666667,0.038226834,0,0.998864926,436,0.048444444
CountMax ,hyperx7 ,30000,10,0.8,0.0444947,0,0.999827705,477,0.0795,0.045972873,0,0.998864926,324,0.054
CountMax ,hyperx7 ,30000,10,0.9,0.060968978,0,0.997694198,327,0.109,0.047870773,0,0.998864926,155,0.051666667
CountMax ,hyperx7 ,30000,10,0.99,0.091614068,0,0.976695569,54,0.18,0.067145848,0,0.997969818,21,0.07
CountMax ,hyperx7 ,30000,50,0.3,0.077304859,0,1,2740,0.13047619,0.082804268,0,0.999760146,2378,0.113238095
CountMax ,hyperx7 ,30000,50,0.5,0.107452962,0,1,2721,0.1814,0.11501738,0,0.999760146,2351,0.156733333
CountMax ,hyperx7 ,30000,50,0.7,0.168614487,0,1,2537,0.281888889,0.172427652,0,0.999760146,1934,0.214888889
CountMax ,hyperx7 ,30000,50,0.8,0.222017122,0,1,2212,0.368666667,0.200479231,0,0.999760146,1381,0.230166667
CountMax ,hyperx7 ,30000,50,0.9,0.298426713,0,1,1465,0.488333333,0.211618931,0,0.999760146,678,0.226
CountMax ,hyperx7 ,30000,50,0.99,0.417879306,0,0.997201664,191,0.636666667,0.21456458,0,0.999103493,67,0.223333333
CountMax ,hyperx7 ,30000,100,0.3,0.166944552,0,1,5213,0.248238095,0.160829373,0,0.999924939,4481,0.213380952
CountMax ,hyperx7 ,30000,100,0.5,0.226256186,0,1,5031,0.3354,0.223674089,0,0.999924939,4430,0.295333333
CountMax ,hyperx7 ,30000,100,0.7,0.330396396,0,1,4348,0.483111111,0.324706524,0,0.999924939,3529,0.392111111
CountMax ,hyperx7 ,30000,100,0.8,0.409088977,0,1,3524,0.587333333,0.366380916,0,0.999924939,2476,0.412666667
CountMax ,hyperx7 ,30000,100,0.9,0.503990626,0,1,2150,0.716666667,0.388409759,0,0.999924939,1235,0.411666667
CountMax ,hyperx7 ,30000,100,0.99,0.623038095,0,0.999888608,256,0.853333333,0.363793446,0,0.999896879,113,0.376666667
CountMax ,hyperx7 ,30000,200,0.3,0.338108843,0,1,9179,0.437095238,0.306167113,0,1,8271,0.393857143
CountMax ,hyperx7 ,30000,200,0.5,0.424786217,0,1,8249,0.549933333,0.423078222,0,1,8111,0.540733333
CountMax ,hyperx7 ,30000,200,0.7,0.553700848,0,1,6457,0.717444444,0.563732306,0,1,5866,0.651777778
CountMax ,hyperx7 ,30000,200,0.8,0.640141614,0,1,4918,0.819666667,0.623917224,0,1,4106,0.684333333
CountMax ,hyperx7 ,30000,200,0.9,0.740910024,0,1,2766,0.922,0.659627267,0,0.99994127,2073,0.691
CountMax ,hyperx7 ,30000,200,0.99,0.833670302,0,1,295,0.983333333,0.675333175,0,0.999896879,208,0.693333333
CountMax ,hyperx7 ,30000,400,0.3,0.568725064,0,1,13857,0.659857143,0.584007899,0,1,14013,0.667285714
CountMax ,hyperx7 ,30000,400,0.5,0.66817011,0,1,11623,0.774866667,0.663306398,0,1,11097,0.7398
CountMax ,hyperx7 ,30000,400,0.7,0.790505279,0,1,8120,0.902222222,0.769304715,0,1,7810,0.867777778
CountMax ,hyperx7 ,30000,400,0.8,0.855241108,0,1,5722,0.953666667,0.831725585,0,1,5353,0.892166667
CountMax ,hyperx7 ,30000,400,0.9,0.908784536,0,1,2964,0.988,0.862639036,0,1,2681,0.893666667
CountMax ,hyperx7 ,30000,400,0.99,0.949378312,0.423709003,1,300,1,0.888728357,0,1,272,0.906666667
CountMax ,hyperx7 ,30000,700,0.3,0.774260733,0,1,17618,0.838952381,0.682818288,0,1,15679,0.746619048
CountMax ,hyperx7 ,30000,700,0.5,0.855064421,0,1,13769,0.917933333,0.760421357,0,1,12711,0.8474
CountMax ,hyperx7 ,30000,700,0.7,0.929025829,0,1,8790,0.976666667,0.894375608,0,1,8856,0.984
CountMax ,hyperx7 ,30000,700,0.8,0.956342253,0,1,5954,0.992333333,0.941760721,0,1,5901,0.9835
CountMax ,hyperx7 ,30000,700,0.9,0.973895753,0,1,2995,0.998333333,0.96330929,0,1,2953,0.984333333
CountMax ,hyperx7 ,30000,700,0.99,0.986636025,0.571860766,1,300,1,0.96868681,0,1,294,0.98
CountMax ,hyperx7 ,30000,1000,0.3,0.873213554,0,1,19204,0.91447619,0.756446431,0,1,17252,0.82152381
CountMax ,hyperx7 ,30000,1000,0.5,0.928527207,0,1,14438,0.962533333,0.852183683,0,1,14018,0.934533333
CountMax ,hyperx7 ,30000,1000,0.7,0.969920947,0,1,8926,0.991777778,0.962645348,0,1,8986,0.998444444
CountMax ,hyperx7 ,30000,1000,0.8,0.981153969,0,1,5981,0.996833333,0.981891203,0,1,5990,0.998333333
CountMax ,hyperx7 ,30000,1000,0.9,0.988220597,0,1,2997,0.999,0.989534462,0,1,2993,0.997666667
CountMax ,hyperx7 ,30000,1000,0.99,0.991756927,0.570178985,1,300,1,0.995521903,0.983078013,1,300,1
CountMax ,hyperx7 ,30000,2000,0.3,0.978704347,0,1,20744,0.987809524,0.984587131,0.625,1,21000,1
CountMax ,hyperx7 ,30000,2000,0.5,0.9900026,0,1,14938,0.995866667,0.997613423,0.956521739,1,15000,1
CountMax ,hyperx7 ,30000,2000,0.7,0.99674383,0,1,8995,0.999444444,0.999549621,0.994889267,1,9000,1
CountMax ,hyperx7 ,30000,2000,0.8,0.997903368,0,1,5997,0.9995,0.999791244,0.998283753,1,5999,0.999833333
CountMax ,hyperx7 ,30000,2000,0.9,0.998708172,0.499379212,1,2999,0.999666667,0.999893556,0.999409971,1,2999,0.999666667
CountMax ,hyperx7 ,30000,2000,0.99,0.999675348,0.948691977,1,300,1,0.999942551,0.999776178,1,300,1
CountMax ,hyperx7 ,30000,4000,0.3,0.997572636,0,1,20979,0.999,1,1,1,21000,1
CountMax ,hyperx7 ,30000,4000,0.5,0.998759194,0,1,14993,0.999533333,1,1,1,15000,1
CountMax ,hyperx7 ,30000,4000,0.7,0.999591479,0,1,8998,0.999777778,1,1,1,9000,1
CountMax ,hyperx7 ,30000,4000,0.8,0.999868827,0.839044909,1,5999,0.999833333,1,1,1,5999,0.999833333
CountMax ,hyperx7 ,30000,4000,0.9,0.99990102,0.907867651,1,2999,0.999666667,1,1,1,2999,0.999666667
CountMax ,hyperx7 ,30000,4000,0.99,0.999843684,0.955291193,1,300,1,1,1,1,300,1
CountMax ,hyperx7 ,30000,7000,0.3,0.999607048,0,1,20993,0.999666667,1,1,1,21000,1
CountMax ,hyperx7 ,30000,7000,0.5,0.999886699,0,1,14999,0.999933333,1,1,1,15000,1
CountMax ,hyperx7 ,30000,7000,0.7,0.999973598,0.865456238,1,9000,1,1,1,1,9000,1
CountMax ,hyperx7 ,30000,7000,0.8,0.999965938,0.865456238,1,5999,0.999833333,1,1,1,5999,0.999833333
CountMax ,hyperx7 ,30000,7000,0.9,0.999976916,0.97434345,1,2999,0.999666667,1,1,1,2999,0.999666667
CountMax ,hyperx7 ,30000,7000,0.99,0.999999878,0.999963541,1,300,1,1,1,1,300,1
CountMax ,hyperx7 ,30000,10000,0.3,0.9999221,0.157894737,1,21000,1,1,1,1,21000,1
CountMax ,hyperx7 ,30000,10000,0.5,0.999965587,0.866883117,1,15000,1,1,1,1,15000,1
CountMax ,hyperx7 ,30000,10000,0.7,0.99998726,0.946861405,1,9000,1,1,1,1,9000,1
CountMax ,hyperx7 ,30000,10000,0.8,0.999996429,0.979586461,1,5999,0.999833333,1,1,1,5999,0.999833333
CountMax ,hyperx7 ,30000,10000,0.9,0.999999664,0.999139464,1,2999,0.999666667,1,1,1,2999,0.999666667
CountMax ,hyperx7 ,30000,10000,0.99,1,1,1,300,1,1,1,1,300,1
CountMax ,hyperx7 ,30000,50000,0.3,1,1,1,21000,1,1,1,1,21000,1
CountMax ,hyperx7 ,30000,50000,0.5,1,1,1,15000,1,1,1,1,15000,1
CountMax ,hyperx7 ,30000,50000,0.7,1,1,1,9000,1,1,1,1,9000,1
CountMax ,hyperx7 ,30000,50000,0.8,1,1,1,5999,0.999833333,1,1,1,5999,0.999833333
CountMax ,hyperx7 ,30000,50000,0.9,1,1,1,2999,0.999666667,1,1,1,2999,0.999666667
CountMax ,hyperx7 ,30000,50000,0.99,1,1,1,300,1,1,1,1,300,1
CountMax ,hyperx7 ,40000,10,0.3,0.011037483,0,0.999957751,551,0.019678571,0.013366368,0,0.999688418,510,0.018214286
CountMax ,hyperx7 ,40000,10,0.5,0.015356966,0,0.999957751,546,0.0273,0.018551909,0,0.999688418,505,0.02525
CountMax ,hyperx7 ,40000,10,0.7,0.024460143,0,0.999957751,524,0.043666667,0.028862653,0,0.999688418,445,0.037083333
CountMax ,hyperx7 ,40000,10,0.8,0.032907917,0,0.999957751,469,0.058625,0.034772157,0,0.999688418,330,0.04125
CountMax ,hyperx7 ,40000,10,0.9,0.045119018,0,0.999957751,315,0.07875,0.037413007,0,0.999688418,163,0.04075
CountMax ,hyperx7 ,40000,10,0.99,0.067151028,0,0.997739281,45,0.1125,0.038434188,0,0.985084289,16,0.04
CountMax ,hyperx7 ,40000,50,0.3,0.057063945,0,1,2780,0.099285714,0.063970403,0,0.999945984,2405,0.085892857
CountMax ,hyperx7 ,40000,50,0.5,0.079440124,0,0.999753977,2763,0.13815,0.089211295,0,0.999945984,2394,0.1197
CountMax ,hyperx7 ,40000,50,0.7,0.125721556,0,0.999753977,2609,0.217416667,0.136126341,0,0.999945984,2042,0.170166667
CountMax ,hyperx7 ,40000,50,0.8,0.169108939,0,0.999753977,2314,0.28925,0.158620669,0,0.999945984,1471,0.183875
CountMax ,hyperx7 ,40000,50,0.9,0.231604854,0,0.999753977,1576,0.394,0.169607594,0,0.999945984,727,0.18175
CountMax ,hyperx7 ,40000,50,0.99,0.324633257,0,0.998107305,216,0.54,0.160845918,0,0.999945984,67,0.1675
CountMax ,hyperx7 ,40000,100,0.3,0.123094924,0,1,5312,0.189714286,0.124054446,0,0.999945984,4596,0.164142857
CountMax ,hyperx7 ,40000,100,0.5,0.169619988,0,1,5218,0.2609,0.172252625,0,0.999945984,4542,0.2271
CountMax ,hyperx7 ,40000,100,0.7,0.258737943,0,1,4724,0.393666667,0.260504181,0,0.999945984,3799,0.316583333
CountMax ,hyperx7 ,40000,100,0.8,0.331034726,0,1,3972,0.4965,0.300725616,0,0.999945984,2731,0.341375
CountMax ,hyperx7 ,40000,100,0.9,0.420964587,0,1,2498,0.6245,0.325291466,0,0.999945984,1389,0.34725
CountMax ,hyperx7 ,40000,100,0.99,0.533187651,0,0.999896748,307,0.7675,0.361582896,0,0.999945984,150,0.375
CountMax ,hyperx7 ,40000,200,0.3,0.257377377,0,1,9744,0.348,0.235168606,0,0.999940846,8549,0.305321429
CountMax ,hyperx7 ,40000,200,0.5,0.333105738,0,1,9018,0.4509,0.326700029,0,0.999940846,8442,0.4221
CountMax ,hyperx7 ,40000,200,0.7,0.458722162,0,1,7389,0.61575,0.470163043,0,0.999940846,6635,0.552916667
CountMax ,hyperx7 ,40000,200,0.8,0.550859455,0,1,5859,0.732375,0.525997396,0,0.999940846,4670,0.58375
CountMax ,hyperx7 ,40000,200,0.9,0.657621814,0,1,3433,0.85825,0.56178976,0,0.999940846,2367,0.59175
CountMax ,hyperx7 ,40000,200,0.99,0.74599362,0,1,374,0.935,0.555340972,0,0.999226405,229,0.5725
CountMax ,hyperx7 ,40000,400,0.3,0.466085863,0,1,15644,0.558714286,0.451395474,0,1,15497,0.553464286
CountMax ,hyperx7 ,40000,400,0.5,0.56129355,0,1,13501,0.67505,0.591083629,0,1,13693,0.68465
CountMax ,hyperx7 ,40000,400,0.7,0.699588003,0,1,10034,0.836166667,0.707821277,0,1,9607,0.800583333
CountMax ,hyperx7 ,40000,400,0.8,0.78554545,0,1,7374,0.92175,0.775863578,0,1,6721,0.840125
CountMax ,hyperx7 ,40000,400,0.9,0.862341099,0,1,3922,0.9805,0.80778507,0,1,3358,0.8395
CountMax ,hyperx7 ,40000,400,0.99,0.918606706,0,1,399,0.9975,0.791829551,0,1,324,0.81
CountMax ,hyperx7 ,40000,700,0.3,0.669390735,0,1,20929,0.747464286,0.643517001,0,1,19631,0.701107143
CountMax ,hyperx7 ,40000,700,0.5,0.764670647,0,1,16987,0.84935,0.7056892,0,1,15651,0.78255
CountMax ,hyperx7 ,40000,700,0.7,0.871000836,0,1,11359,0.946583333,0.829775096,0,1,11191,0.932583333
CountMax ,hyperx7 ,40000,700,0.8,0.921444508,0,1,7862,0.98275,0.89574588,0,1,7613,0.951625
CountMax ,hyperx7 ,40000,700,0.9,0.95501819,0,1,3986,0.9965,0.920108943,0,1,3791,0.94775
CountMax ,hyperx7 ,40000,700,0.99,0.969327498,0.098693986,1,400,1,0.93858651,0,1,382,0.955
CountMax ,hyperx7 ,40000,1000,0.3,0.791961509,0,1,23770,0.848928571,0.688647357,0,1,21077,0.75275
CountMax ,hyperx7 ,40000,1000,0.5,0.87016946,0,1,18495,0.92475,0.769073443,0,1,17134,0.8567
CountMax ,hyperx7 ,40000,1000,0.7,0.941188168,0,1,11777,0.981416667,0.911528133,0,1,11922,0.9935
CountMax ,hyperx7 ,40000,1000,0.8,0.966317661,0,1,7959,0.994875,0.95828467,0,1,7954,0.99425
CountMax ,hyperx7 ,40000,1000,0.9,0.981234177,0,1,3995,0.99875,0.976168108,0,1,3976,0.994
CountMax ,hyperx7 ,40000,1000,0.99,0.988495292,0.569267303,1,400,1,0.981792341,0,1,397,0.9925
CountMax ,hyperx7 ,40000,2000,0.3,0.948836755,0,1,27120,0.968571429,0.896386823,0,1,26703,0.953678571
CountMax ,hyperx7 ,40000,2000,0.5,0.97597487,0,1,19797,0.98985,0.980110342,0.647058824,1,20000,1
CountMax ,hyperx7 ,40000,2000,0.7,0.990973555,0,1,11987,0.998916667,0.996608527,0.961179008,1,12000,1
CountMax ,hyperx7 ,40000,2000,0.8,0.9951546,0,1,7997,0.999625,0.998511237,0.988124038,1,7999,0.999875
CountMax ,hyperx7 ,40000,2000,0.9,0.997859788,0.649681194,1,3999,0.99975,0.999248922,0.995989603,1,3999,0.99975
CountMax ,hyperx7 ,40000,2000,0.99,0.997387239,0.649681194,1,400,1,0.999549533,0.998525235,1,400,1
CountMax ,hyperx7 ,40000,4000,0.3,0.993028574,0,1,27894,0.996214286,1,1,1,28000,1
CountMax ,hyperx7 ,40000,4000,0.5,0.996962291,0,1,19977,0.99885,1,1,1,20000,1
CountMax ,hyperx7 ,40000,4000,0.7,0.999142829,0,1,11998,0.999833333,1,1,1,12000,1
CountMax ,hyperx7 ,40000,4000,0.8,0.999518377,0.493630226,1,7999,0.999875,1,1,1,7999,0.999875
CountMax ,hyperx7 ,40000,4000,0.9,0.999588943,0.493630226,1,3999,0.99975,1,1,1,3999,0.99975
CountMax ,hyperx7 ,40000,4000,0.99,0.999844918,0.953179559,1,400,1,1,1,1,400,1
CountMax ,hyperx7 ,40000,7000,0.3,0.999326098,0,1,27992,0.999714286,1,1,1,28000,1
CountMax ,hyperx7 ,40000,7000,0.5,0.9997812,0.384180791,1,20000,1,1,1,1,20000,1
CountMax ,hyperx7 ,40000,7000,0.7,0.999917016,0.629045307,1,12000,1,1,1,1,12000,1
CountMax ,hyperx7 ,40000,7000,0.8,0.999981611,0.964570699,1,7999,0.999875,1,1,1,7999,0.999875
CountMax ,hyperx7 ,40000,7000,0.9,0.999992449,0.991157112,1,3999,0.99975,1,1,1,3999,0.99975
CountMax ,hyperx7 ,40000,7000,0.99,0.999972374,0.991157112,1,400,1,1,1,1,400,1
CountMax ,hyperx7 ,40000,10000,0.3,0.999744565,0,1,27996,0.999857143,1,1,1,28000,1
CountMax ,hyperx7 ,40000,10000,0.5,0.9999338,0.389830508,1,20000,1,1,1,1,20000,1
CountMax ,hyperx7 ,40000,10000,0.7,0.999993466,0.965217391,1,12000,1,1,1,1,12000,1
CountMax ,hyperx7 ,40000,10000,0.8,0.999994978,0.968028053,1,7999,0.999875,1,1,1,7999,0.999875
CountMax ,hyperx7 ,40000,10000,0.9,0.999998728,0.99794388,1,3999,0.99975,1,1,1,3999,0.99975
CountMax ,hyperx7 ,40000,10000,0.99,0.999999238,0.999695137,1,400,1,1,1,1,400,1
CountMax ,hyperx7 ,40000,50000,0.3,1,1,1,28000,1,1,1,1,28000,1
CountMax ,hyperx7 ,40000,50000,0.5,1,1,1,20000,1,1,1,1,20000,1
CountMax ,hyperx7 ,40000,50000,0.7,1,1,1,12000,1,1,1,1,12000,1
CountMax ,hyperx7 ,40000,50000,0.8,1,1,1,7999,0.999875,1,1,1,7999,0.999875
CountMax ,hyperx7 ,40000,50000,0.9,1,1,1,3999,0.99975,1,1,1,3999,0.99975
CountMax ,hyperx7 ,40000,50000,0.99,1,1,1,400,1,1,1,1,400,1
CountMax ,hyperx7 ,50000,10,0.3,0.00880944,0,0.998470877,546,0.0156,0.010499724,0,0.997219717,504,0.0144
CountMax ,hyperx7 ,50000,10,0.5,0.012281715,0,0.998470877,544,0.02176,0.01453957,0,0.997219717,498,0.01992
CountMax ,hyperx7 ,50000,10,0.7,0.019230347,0,0.998470877,512,0.034133333,0.022937705,0,0.997219717,443,0.029533333
CountMax ,hyperx7 ,50000,10,0.8,0.026099418,0,0.998470877,464,0.0464,0.027241555,0,0.997219717,330,0.033
CountMax ,hyperx7 ,50000,10,0.9,0.03621287,0,0.998470877,334,0.0668,0.0292379,0,0.997219717,159,0.0318
CountMax ,hyperx7 ,50000,10,0.99,0.059123225,0,0.982052143,56,0.112,0.028999351,0,0.995816262,15,0.03
CountMax ,hyperx7 ,50000,50,0.3,0.044400524,0,1,2721,0.077742857,0.05154919,0,0.99963214,2421,0.069171429
CountMax ,hyperx7 ,50000,50,0.5,0.061868359,0,1,2706,0.10824,0.071892993,0,0.99963214,2405,0.0962
CountMax ,hyperx7 ,50000,50,0.7,0.09867489,0,1,2576,0.171733333,0.111285367,0,0.99963214,2099,0.139933333
CountMax ,hyperx7 ,50000,50,0.8,0.134509408,0,1,2318,0.2318,0.131584466,0,0.99963214,1545,0.1545
CountMax ,hyperx7 ,50000,50,0.9,0.190511948,0,0.999884773,1619,0.3238,0.142454807,0,0.99963214,769,0.1538
CountMax ,hyperx7 ,50000,50,0.99,0.270305383,0,0.99903082,220,0.44,0.135320799,0,0.999009283,70,0.14
CountMax ,hyperx7 ,50000,100,0.3,0.095961341,0,1,5470,0.156285714,0.10026947,0,0.999820024,4679,0.133685714
CountMax ,hyperx7 ,50000,100,0.5,0.133110259,0,0.999944083,5410,0.2164,0.1395727,0,0.999820024,4640,0.1856
CountMax ,hyperx7 ,50000,100,0.7,0.207051133,0,0.999944083,4998,0.3332,0.21357751,0,0.999820024,3961,0.264066667
CountMax ,hyperx7 ,50000,100,0.8,0.271016561,0,0.999944083,4304,0.4304,0.247817926,0,0.999820024,2861,0.2861
CountMax ,hyperx7 ,50000,100,0.9,0.360315319,0,0.999944083,2793,0.5586,0.265158725,0,0.999820024,1419,0.2838
CountMax ,hyperx7 ,50000,100,0.99,0.480850732,0,0.999806722,358,0.716,0.268368817,0,0.999572719,139,0.278
CountMax ,hyperx7 ,50000,200,0.3,0.205953027,0,1,10245,0.292714286,0.190669175,0,0.999973114,8782,0.250914286
CountMax ,hyperx7 ,50000,200,0.5,0.273163141,0,1,9708,0.38832,0.265298921,0,0.999973114,8696,0.34784
CountMax ,hyperx7 ,50000,200,0.7,0.387416914,0,1,8195,0.546333333,0.391752281,0,0.999973114,7035,0.469
CountMax ,hyperx7 ,50000,200,0.8,0.467497304,0,1,6570,0.657,0.449435779,0,0.999973114,5075,0.5075
CountMax ,hyperx7 ,50000,200,0.9,0.573128469,0,1,3929,0.7858,0.478604069,0,0.999973114,2537,0.5074
CountMax ,hyperx7 ,50000,200,0.99,0.700673087,0,1,457,0.914,0.49721322,0,0.999889305,256,0.512
CountMax ,hyperx7 ,50000,400,0.3,0.393230996,0,1,17066,0.4876,0.364951262,0,1,16045,0.458428571
CountMax ,hyperx7 ,50000,400,0.5,0.485784337,0,1,15081,0.60324,0.501835394,0,1,15513,0.62052
CountMax ,hyperx7 ,50000,400,0.7,0.619059723,0,1,11502,0.7668,0.642272255,0,1,10977,0.7318
CountMax ,hyperx7 ,50000,400,0.8,0.708307842,0,1,8660,0.866,0.708109463,0,1,7752,0.7752
CountMax ,hyperx7 ,50000,400,0.9,0.802097292,0,1,4772,0.9544,0.738157112,0,1,3851,0.7702
CountMax ,hyperx7 ,50000,400,0.99,0.875736774,0,1,494,0.988,0.755269227,0,0.999911444,386,0.772
CountMax ,hyperx7 ,50000,700,0.3,0.590394933,0,1,23575,0.673571429,0.596714079,0,1,23443,0.6698
CountMax ,hyperx7 ,50000,700,0.5,0.689117938,0,1,19631,0.78524,0.666788311,0,1,18570,0.7428
CountMax ,hyperx7 ,50000,700,0.7,0.812288853,0,1,13662,0.9108,0.773879767,0,1,13156,0.877066667
CountMax ,hyperx7 ,50000,700,0.8,0.877669433,0,1,9639,0.9639,0.846860994,0,1,9121,0.9121
CountMax ,hyperx7 ,50000,700,0.9,0.931727782,0,1,4965,0.993,0.879451581,0,1,4555,0.911
CountMax ,hyperx7 ,50000,700,0.99,0.970456947,0.461546561,1,500,1,0.907205363,0,1,462,0.924
CountMax ,hyperx7 ,50000,1000,0.3,0.718084915,0,1,27552,0.7872,0.659806405,0,1,25199,0.719971429
CountMax ,hyperx7 ,50000,1000,0.5,0.81028844,0,1,22047,0.88188,0.728732541,0,1,20295,0.8118
CountMax ,hyperx7 ,50000,1000,0.7,0.901836502,0,1,14431,0.962066667,0.859257703,0,1,14459,0.963933333
CountMax ,hyperx7 ,50000,1000,0.8,0.94004657,0,1,9875,0.9875,0.922713054,0,1,9736,0.9736
CountMax ,hyperx7 ,50000,1000,0.9,0.967644226,0,1,4991,0.9982,0.948272182,0,1,4864,0.9728
CountMax ,hyperx7 ,50000,1000,0.99,0.98219344,0.080438211,1,500,1,0.964865987,0,1,489,0.978
CountMax ,hyperx7 ,50000,2000,0.3,0.915601483,0,1,33056,0.944457143,0.826483922,0,1,30882,0.882342857
CountMax ,hyperx7 ,50000,2000,0.5,0.955432486,0,1,24441,0.97764,0.930376268,0,1,24836,0.99344
CountMax ,hyperx7 ,50000,2000,0.7,0.983156599,0,1,14942,0.996133333,0.988330114,0.811124694,1,15000,1
CountMax ,hyperx7 ,50000,2000,0.8,0.989778744,0,1,9986,0.9986,0.99486218,0.945608168,1,9999,0.9999
CountMax ,hyperx7 ,50000,2000,0.9,0.995719485,0,1,4998,0.9996,0.997519147,0.982970515,1,4999,0.9998
CountMax ,hyperx7 ,50000,2000,0.99,0.99860513,0.843538016,1,500,1,0.99870706,0.993327575,1,500,1
CountMax ,hyperx7 ,50000,4000,0.3,0.986974817,0,1,34722,0.992057143,0.998389344,0.882352941,1,35000,1
CountMax ,hyperx7 ,50000,4000,0.5,0.993910232,0,1,24930,0.9972,0.999776879,0.9875,1,25000,1
CountMax ,hyperx7 ,50000,4000,0.7,0.997624172,0,1,14992,0.999466667,0.999961961,0.998777506,1,15000,1
CountMax ,hyperx7 ,50000,4000,0.8,0.998743296,0,1,9998,0.9998,0.999981987,0.999605756,1,9999,0.9999
CountMax ,hyperx7 ,50000,4000,0.9,0.999103268,0.42833833,1,4999,0.9998,0.999992087,0.999875467,1,4999,0.9998
CountMax ,hyperx7 ,50000,4000,0.99,0.999613714,0.896417463,1,500,1,0.999996093,0.999955339,1,500,1
CountMax ,hyperx7 ,50000,7000,0.3,0.997882012,0,1,34960,0.998857143,1,1,1,35000,1
CountMax ,hyperx7 ,50000,7000,0.5,0.999216267,0,1,24993,0.99972,1,1,1,25000,1
CountMax ,hyperx7 ,50000,7000,0.7,0.999850898,0.532654792,1,15000,1,1,1,1,15000,1
CountMax ,hyperx7 ,50000,7000,0.8,0.999865813,0.532654792,1,9999,0.9999,1,1,1,9999,0.9999
CountMax ,hyperx7 ,50000,7000,0.9,0.999812336,0.532654792,1,4999,0.9998,1,1,1,4999,0.9998
CountMax ,hyperx7 ,50000,7000,0.99,0.999847318,0.932063427,1,500,1,1,1,1,500,1
CountMax ,hyperx7 ,50000,10000,0.3,0.999376443,0,1,34990,0.999714286,1,1,1,35000,1
CountMax ,hyperx7 ,50000,10000,0.5,0.999712361,0,1,24998,0.99992,1,1,1,25000,1
CountMax ,hyperx7 ,50000,10000,0.7,0.999950187,0.72344408,1,15000,1,1,1,1,15000,1
CountMax ,hyperx7 ,50000,10000,0.8,0.999988307,0.955438551,1,9999,0.9999,1,1,1,9999,0.9999
CountMax ,hyperx7 ,50000,10000,0.9,0.999992244,0.983418704,1,4999,0.9998,1,1,1,4999,0.9998
CountMax ,hyperx7 ,50000,10000,0.99,0.999999781,0.999932872,1,500,1,1,1,1,500,1
CountMax ,hyperx7 ,50000,50000,0.3,1,1,1,35000,1,1,1,1,35000,1
CountMax ,hyperx7 ,50000,50000,0.5,1,1,1,25000,1,1,1,1,25000,1
CountMax ,hyperx7 ,50000,50000,0.7,1,1,1,15000,1,1,1,1,15000,1
CountMax ,hyperx7 ,50000,50000,0.8,1,1,1,9999,0.9999,1,1,1,9999,0.9999
CountMax ,hyperx7 ,50000,50000,0.9,1,1,1,4999,0.9998,1,1,1,4999,0.9998
CountMax ,hyperx7 ,50000,50000,0.99,1,1,1,500,1,1,1,1,500,1
