83 , 81
23 , 21
1911 , 1906
60 , 55
161 , 161
450 , 445
171 , 169
57 , 52
804 , 799
3 , 3
25 , 22
13 , 7
17 , 12
3630 , 3622
1 , 0
148 , 143
8 , 8
1268 , 1266
51 , 49
5 , 3
43 , 43
2642 , 2640
2529 , 2527
2 , 2
21 , 21
1 , 1
8 , 6
45 , 22
2 , 0
89 , 87
5196 , 5169
6 , 4
497 , 495
63 , 57
1 , 1
288 , 261
1430 , 1430
4 , 4
230 , 225
777 , 772
5 , 0
765 , 763
2 , 0
17 , 17
851 , 849
3737 , 3737
6 , 4
7 , 7
1 , 0
31 , 29
94 , 91
904 , 902
12 , 12
495 , 495
147 , 144
314 , 285
90 , 84
475 , 470
2 , 2
100 , 94
31 , 29
2 , 0
20 , 20
5 , 5
6 , 6
2 , 0
268 , 266
2721 , 2721
1785 , 1783
35 , 35
1035 , 1035
1 , 0
3 , 1
662 , 662
9089 , 9087
562 , 533
611 , 603
83 , 81
27 , 24
56 , 54
1520 , 1518
1 , 0
19 , 14
515 , 513
9431 , 9426
3 , 0
5131 , 5129
1 , 1
4263 , 4258
36 , 31
2 , 0
2 , 0
1 , 0
1 , 0
14 , 9
1 , 0
22 , 17
4780 , 4780
2 , 2
200 , 182
8 , 3
22 , 22
39 , 37
370 , 362
304 , 302
45 , 39
164 , 138
176 , 171
545 , 543
2619 , 2619
5140 , 5138
1 , 1
10 , 8
281 , 279
656 , 627
27 , 27
1109 , 1107
385 , 380
5 , 0
1 , 0
5 , 0
267 , 267
6384 , 6378
28 , 20
11 , 0
344 , 344
9038 , 9036
1 , 1
26 , 24
3686 , 3684
15 , 15
1278 , 1251
29 , 27
1328 , 1326
4 , 2
39 , 10
166 , 164
520 , 518
1 , 0
119 , 117
197 , 195
16 , 14
10 , 8
1 , 1
71 , 68
2 , 0
1684 , 1666
47 , 45
20 , 20
5239 , 5239
12 , 10
563 , 558
498 , 496
1 , 0
24 , 22
293 , 291
34 , 31
1 , 0
19 , 19
8844 , 8844
49 , 47
68 , 66
4 , 2
1477 , 1475
101 , 99
2 , 2
207 , 181
76 , 71
39 , 37
9 , 2
1619 , 1619
1 , 1
227 , 187
453 , 451
53 , 53
2839 , 2837
14 , 12
3922 , 3920
3896 , 3894
4 , 0
2042 , 2042
109 , 109
681 , 674
51 , 33
166 , 163
259 , 257
1 , 0
19 , 17
31 , 25
138 , 136
1 , 0
116 , 116
16 , 14
1 , 0
1 , 0
2 , 0
2 , 2
70 , 43
91 , 91
18 , 15
80 , 80
12 , 10
1 , 0
1 , 0
2 , 2
6 , 6
1 , 0
1 , 0
163 , 161
85 , 39
11 , 9
87 , 61
2 , 0
3 , 1
2 , 2
4536 , 4531
1005 , 978
737 , 735
5 , 3
3901 , 3901
1 , 0
6 , 6
1 , 0
2817 , 2791
8 , 3
8 , 6
770 , 768
119 , 93
188 , 186
18 , 16
644 , 644
2065 , 2065
24 , 24
124 , 122
469 , 467
92 , 92
91 , 88
326 , 321
16 , 13
16 , 14
104 , 102
1 , 0
1175 , 1173
3641 , 3641
7 , 5
73 , 71
32 , 5
3 , 1
4423 , 4421
3 , 3
16 , 0
34 , 16
8 , 6
232 , 230
11 , 9
7 , 5
5 , 5
2 , 0
1409 , 1409
2319 , 2290
76 , 68
117 , 115
33 , 30
5 , 3
1318 , 1316
55 , 55
2 , 2
165 , 163
60 , 55
265 , 260
28 , 26
2 , 2
26 , 21
3153 , 3151
21 , 0
6718 , 6713
52 , 25
4 , 0
231 , 231
1142 , 1142
2469 , 2467
139 , 132
268 , 263
35 , 33
1 , 0
11 , 4
148 , 146
1048 , 1046
6 , 4
36 , 34
10 , 0
21 , 3
2314 , 2314
67 , 65
2087 , 2085
8902 , 8884
399 , 399
132 , 132
2 , 2
1242 , 1236
20 , 18
1919 , 1892
520 , 518
9 , 0
1064 , 1037
5 , 3
1 , 0
25 , 25
6 , 6
17 , 15
1431 , 1429
1 , 0
103 , 103
1 , 1
9393 , 9391
5476 , 5474
4379 , 4379
9324 , 9322
4 , 0
69 , 66
3730 , 3728
19 , 11
15 , 13
1 , 0
15 , 15
1 , 1
7 , 0
3931 , 3929
1 , 1
24 , 22
9 , 7
3913 , 3911
1 , 0
1863 , 1861
32 , 27
1 , 0
2670 , 2668
16 , 16
332 , 330
1226 , 1224
8 , 0
3 , 0
95 , 93
3727 , 3727
249 , 244
7 , 0
2065 , 2065
1876 , 1874
72 , 66
3812 , 3812
1 , 1
427 , 401
17 , 14
226 , 224
3331 , 3326
1 , 0
72 , 67
310 , 308
6340 , 6338
807 , 807
6969 , 6967
2 , 0
16 , 11
2638 , 2636
1 , 0
3657 , 3630
5572 , 5570
554 , 514
219 , 217
7299 , 7291
1 , 0
153 , 153
16 , 16
36 , 34
5 , 3
630 , 630
2034 , 2034
40 , 40
38 , 36
1 , 1
4 , 2
40 , 40
31 , 26
2 , 0
12 , 4
221 , 221
130 , 128
60 , 58
5593 , 5587
30 , 28
100 , 82
5 , 3
25 , 23
4110 , 4108
1759 , 1757
3 , 0
2014 , 2012
359 , 357
2112 , 2094
680 , 678
13 , 11
2 , 0
5 , 0
98 , 95
1858 , 1853
75 , 73
15 , 15
4737 , 4735
28 , 26
3 , 1
3 , 0
1 , 0
5 , 0
3194 , 3186
126 , 124
98 , 96
588 , 583
4 , 2
128 , 128
45 , 43
16 , 0
52 , 50
991 , 951
4 , 4
41 , 41
2382 , 2374
3 , 1
38 , 36
203 , 174
1 , 0
3129 , 3129
3 , 0
189 , 187
557 , 557
834 , 834
1 , 0
5 , 0
3132 , 3109
12 , 0
1553 , 1551
8 , 6
274 , 271
1 , 0
1058 , 1056
6 , 0
55 , 52
1 , 0
79 , 77
18 , 16
10 , 0
45 , 43
272 , 270
2 , 0
26 , 26
24 , 21
2580 , 2580
21 , 19
1 , 0
1 , 0
7803 , 7803
12 , 10
3956 , 3956
13 , 5
16 , 14
9 , 7
9130 , 9128
54 , 31
83 , 83
2 , 2
74 , 72
12 , 10
1878 , 1876
3478 , 3476
824 , 816
3 , 1
578 , 551
24 , 22
9363 , 9363
7028 , 7026
7405 , 7387
2263 , 2261
427 , 422
1 , 1
11 , 6
215 , 215
6 , 0
1 , 0
4 , 2
13 , 13
3235 , 3217
456 , 454
4 , 0
1306 , 1288
15 , 0
71 , 44
21 , 21
12 , 10
745 , 743
63 , 61
6 , 1
1 , 0
72 , 70
21 , 21
2480 , 2480
8521 , 8516
239 , 221
781 , 779
19 , 19
5 , 5
418 , 412
60 , 33
23 , 21
1 , 0
2 , 0
2 , 0
289 , 287
1881 , 1879
1 , 1
756 , 729
1 , 0
4524 , 4522
7 , 5
4 , 4
7 , 5
1618 , 1611
2 , 2
1 , 0
127 , 125
7 , 0
1486 , 1478
28 , 10
322 , 320
84 , 84
620 , 593
7166 , 7164
18 , 0
12 , 12
5 , 5
13 , 6
9017 , 9017
83 , 78
592 , 592
8288 , 8288
310 , 307
30 , 30
11 , 9
2 , 0
403 , 400
4 , 2
2437 , 2432
110 , 110
10 , 2
9848 , 9846
43 , 3
14 , 12
775 , 773
11 , 6
2 , 0
1 , 0
2850 , 2848
166 , 143
3 , 1
2 , 2
33 , 30
8 , 0
1876 , 1874
2688 , 2686
15 , 12
3 , 1
1090 , 1085
14 , 6
222 , 222
488 , 486
839 , 836
99 , 97
4 , 1
9 , 0
116 , 111
2210 , 2210
80 , 72
7118 , 7116
20 , 20
16 , 13
27 , 24
8 , 6
1 , 0
327 , 325
1 , 0
25 , 23
5 , 0
1 , 0
4 , 4
3 , 3
47 , 47
30 , 25
14 , 12
203 , 198
143 , 141
20 , 20
160 , 160
42 , 40
1553 , 1551
89 , 87
41 , 39
97 , 92
4955 , 4948
208 , 200
7 , 5
4300 , 4274
2 , 0
48 , 43
971 , 968
8 , 6
107 , 107
4004 , 4002
5 , 5
2146 , 2146
609 , 607
2 , 0
3 , 0
3 , 1
1367 , 1362
6146 , 6141
4885 , 4883
689 , 681
2 , 0
40 , 38
6 , 6
15 , 0
4 , 2
212 , 207
633 , 630
3 , 1
8 , 8
1 , 1
3 , 1
2241 , 2238
3932 , 3927
2764 , 2741
15 , 13
73 , 71
28 , 26
3 , 1
8 , 8
1080 , 1080
9 , 7
4676 , 4658
289 , 289
117 , 115
4 , 2
63 , 61
3330 , 3322
33 , 31
4 , 2
28 , 23
309 , 306
2527 , 2527
183 , 178
593 , 591
26 , 24
69 , 67
20 , 18
4268 , 4263
585 , 580
87 , 85
760 , 757
172 , 172
1 , 0
57 , 54
874 , 869
21 , 16
5458 , 5440
2204 , 2201
1574 , 1574
428 , 423
1157 , 1151
299 , 297
458 , 458
3 , 0
42 , 42
5 , 0
1387 , 1387
504 , 499
2 , 0
656 , 654
635 , 630
11 , 9
8642 , 8640
2772 , 2754
35 , 33
10 , 7
7 , 7
4 , 2
60 , 54
2208 , 2182
2 , 2
65 , 25
44 , 44
866 , 864
1 , 0
532 , 532
4567 , 4567
3 , 1
1334 , 1332
1766 , 1766
115 , 113
1 , 0
211 , 211
86 , 83
241 , 239
1 , 0
3 , 0
40 , 38
8 , 8
3 , 3
500 , 500
395 , 395
1015 , 1013
8917 , 8917
1370 , 1365
40 , 38
199 , 197
2 , 0
1 , 1
48 , 45
2 , 2
823 , 823
20 , 18
7128 , 7101
117 , 90
10 , 0
4 , 2
5291 , 5284
2 , 2
795 , 795
10 , 8
271 , 269
3779 , 3756
13 , 7
3 , 1
421 , 421
506 , 504
57 , 55
6 , 0
33 , 31
2 , 2
1703 , 1703
4737 , 4719
11 , 8
2 , 0
52 , 47
643 , 640
49 , 49
6320 , 6317
200 , 192
1 , 0
1236 , 1234
2 , 0
16 , 16
585 , 580
1402 , 1400
414 , 368
296 , 294
7350 , 7348
14 , 12
1514 , 1506
6 , 4
13 , 11
99 , 70
3183 , 3181
1 , 1
1045 , 1045
43 , 43
1568 , 1563
2 , 2
788 , 786
2 , 0
3216 , 3214
274 , 268
15 , 15
10 , 10
1737 , 1708
1 , 1
1616 , 1598
1 , 0
155 , 155
777 , 775
8372 , 8369
89 , 87
298 , 290
81 , 79
87 , 82
136 , 136
229 , 227
23 , 21
1 , 0
1 , 0
77 , 72
4738 , 4738
221 , 213
3153 , 3148
75 , 73
27 , 27
34 , 0
1 , 1
499 , 497
8 , 6
314 , 287
1940 , 1937
2540 , 2540
7605 , 7597
3844 , 3841
64 , 62
1 , 0
33 , 30
8074 , 8072
216 , 214
1835 , 1832
3289 , 3287
878 , 871
1 , 0
7 , 5
1424 , 1421
3322 , 3320
22 , 0
119 , 117
4 , 2
1865 , 1865
39 , 37
2 , 0
462 , 459
256 , 227
6789 , 6787
1 , 0
46 , 44
1323 , 1300
36 , 34
320 , 318
676 , 668
25 , 23
10 , 8
1 , 0
2 , 0
351 , 348
391 , 389
210 , 208
1 , 0
129 , 127
4 , 0
28 , 22
26 , 0
5 , 3
234 , 232
3 , 1
114 , 112
253 , 224
529 , 526
81 , 35
1 , 0
113 , 111
65 , 57
45 , 45
5 , 0
605 , 605
3 , 1
17 , 0
5663 , 5663
52 , 47
128 , 126
249 , 247
125 , 123
6738 , 6735
1 , 0
73 , 73
48 , 46
7872 , 7866
2 , 0
2 , 0
5 , 5
1058 , 1058
88 , 82
334 , 334
269 , 267
1 , 0
682 , 680
50 , 48
1 , 0
1259 , 1257
61 , 61
1836 , 1834
1 , 0
4477 , 4477
212 , 207
3 , 1
3858 , 3851
2264 , 2264
3049 , 3049
40 , 0
64 , 62
13 , 13
370 , 370
148 , 146
1 , 0
156 , 110
2255 , 2249
39 , 34
2 , 0
2 , 0
631 , 625
144 , 142
88 , 86
131 , 125
10 , 8
8 , 8
1 , 0
1948 , 1942
1689 , 1689
3 , 3
8877 , 8877
623 , 621
15 , 10
3 , 0
8404 , 8401
698 , 696
100 , 92
279 , 277
18 , 16
4520 , 4518
190 , 190
212 , 212
1 , 0
405 , 403
356 , 354
3614 , 3612
2 , 0
5933 , 5931
333 , 331
1 , 0
3 , 0
10 , 0
14 , 12
3431 , 3402
1 , 0
4253 , 4251
12 , 12
108 , 90
263 , 261
15 , 13
3 , 1
1 , 0
1 , 0
515 , 475
45 , 19
1024 , 1022
8652 , 8650
82 , 82
176 , 176
8 , 6
1 , 1
5 , 3
1 , 1
4 , 2
94 , 94
2 , 0
56 , 54
2167 , 2164
3661 , 3661
26 , 26
3 , 3
1 , 0
3 , 0
982 , 980
9739 , 9737
510 , 492
24 , 22
44 , 42
1 , 0
1 , 1
33 , 31
9251 , 9249
1 , 0
1 , 0
964 , 962
96 , 78
158 , 140
28 , 26
5 , 3
3480 , 3478
4178 , 4178
195 , 195
19 , 17
23 , 21
1 , 0
7531 , 7531
4 , 2
2 , 0
21 , 18
6698 , 6698
43 , 41
54 , 52
294 , 289
6 , 0
3 , 1
1 , 0
3390 , 3388
8 , 8
529 , 524
884 , 884
24 , 22
109 , 109
36 , 36
89 , 89
2419 , 2417
1 , 0
4 , 4
1 , 0
44 , 42
9769 , 9769
106 , 104
1 , 0
242 , 215
1 , 1
63 , 61
144 , 142
641 , 636
1413 , 1413
897 , 895
1 , 0
64 , 62
7 , 4
1 , 0
2 , 0
260 , 258
6146 , 6128
18 , 18
1063 , 1061
2306 , 2301
444 , 426
284 , 282
12 , 0
532 , 530
57 , 49
82 , 36
21 , 19
3 , 0
2122 , 2117
96 , 94
6450 , 6448
989 , 987
2 , 2
432 , 430
21 , 19
36 , 30
22 , 22
2247 , 2245
279 , 279
887 , 885
204 , 202
19 , 14
1 , 1
85 , 80
409 , 407
8 , 6
2 , 0
50 , 48
11 , 9
3433 , 3433
3937 , 3932
540 , 538
40 , 40
4 , 2
995 , 993
19 , 17
5 , 0
21 , 15
2 , 0
72 , 32
2 , 0
27 , 27
3021 , 3021
8 , 0
1391 , 1391
7 , 5
15 , 15
165 , 165
580 , 580
532 , 529
7 , 5
2 , 2
632 , 630
1 , 0
6 , 3
13 , 0
118 , 95
1354 , 1347
1 , 0
4 , 0
25 , 23
4249 , 4249
2773 , 2765
6183 , 6181
244 , 215
7 , 7
14 , 9
5572 , 5570
4344 , 4342
1 , 0
4 , 2
1 , 1
530 , 530
2 , 0
301 , 275
4 , 2
63 , 58
1628 , 1628
615 , 613
31 , 31
5246 , 5244
114 , 112
871 , 869
203 , 201
285 , 283
1439 , 1437
8537 , 8535
34 , 34
6959 , 6957
43 , 41
1634 , 1634
38 , 38
16 , 11
5733 , 5733
2 , 0
4 , 0
97 , 97
4886 , 4857
339 , 333
116 , 111
5314 , 5312
26 , 3
379 , 377
534 , 534
77 , 75
7 , 5
29 , 27
163 , 161
22 , 17
1 , 0
2084 , 2082
727 , 725
1 , 0
234 , 205
8 , 6
2152 , 2150
3 , 1
8 , 0
12 , 10
1693 , 1691
8 , 6
4117 , 4115
8007 , 8005
57 , 31
4 , 2
1027 , 1025
359 , 356
925 , 925
1 , 0
43 , 41
436 , 431
129 , 103
3 , 0
3 , 1
59 , 57
112 , 112
3010 , 3008
1 , 1
1 , 0
24 , 22
28 , 28
29 , 29
1 , 0
4659 , 4659
204 , 204
1 , 1
17 , 9
689 , 689
407 , 407
8 , 6
1 , 0
7 , 5
225 , 223
2004 , 2004
8 , 3
1 , 1
33 , 31
4 , 4
80 , 57
748 , 746
183 , 180
313 , 311
123 , 77
5153 , 5148
19 , 17
9 , 7
151 , 151
4172 , 4166
2 , 2
709 , 709
7149 , 7149
2 , 0
3 , 1
5024 , 5006
34 , 34
2670 , 2670
2745 , 2740
1 , 0
2805 , 2803
2 , 0
34 , 29
5213 , 5213
1 , 0
973 , 970
31 , 29
34 , 31
5725 , 5696
13 , 11
3570 , 3565
46 , 40
2 , 0
455 , 450
114 , 112
20 , 20
1324 , 1322
892 , 887
2398 , 2371
2 , 0
136 , 134
13 , 11
83 , 81
41 , 39
174 , 156
5742 , 5737
11 , 9
4757 , 4751
1 , 0
448 , 446
33 , 30
31 , 26
3 , 1
19 , 17
13 , 0
27 , 27
13 , 13
352 , 352
138 , 136
1263 , 1245
95 , 93
5618 , 5616
16 , 14
6 , 4
1 , 0
489 , 471
209 , 207
9 , 9
147 , 147
1453 , 1451
2 , 0
382 , 380
1 , 0
943 , 941
71 , 68
125 , 123
199 , 194
8135 , 8117
17 , 17
2 , 0
51 , 49
64 , 59
14 , 12
7 , 5
4072 , 4067
64 , 62
10 , 5
992 , 986
19 , 17
2 , 0
1 , 0
2 , 0
4 , 0
1 , 0
173 , 171
242 , 242
7952 , 7950
7 , 0
35 , 35
3551 , 3545
15 , 0
1 , 0
18 , 16
10 , 8
118 , 100
864 , 864
28 , 2
28 , 28
2700 , 2698
1061 , 1056
1365 , 1363
15 , 13
12 , 10
35 , 35
14 , 6
1 , 0
228 , 225
1 , 0
16 , 14
102 , 102
28 , 5
2108 , 2090
4575 , 4573
35 , 29
915 , 913
1 , 0
59 , 32
5861 , 5856
3 , 0
2934 , 2929
157 , 155
15 , 13
129 , 129
47 , 47
1442 , 1440
42 , 42
2 , 0
1 , 0
608 , 606
3 , 1
1 , 1
3463 , 3461
3675 , 3675
182 , 180
17 , 15
579 , 577
1803 , 1801
1046 , 1046
768 , 768
117 , 115
1 , 0
3596 , 3590
4765 , 4763
3463 , 3461
70 , 68
73 , 73
1 , 0
5185 , 5183
104 , 104
117 , 115
8 , 3
48 , 46
5 , 3
9204 , 9202
4 , 0
51 , 46
1189 , 1189
2466 , 2463
241 , 239
3301 , 3299
4176 , 4174
157 , 157
20 , 18
3 , 0
44 , 42
82 , 82
5736 , 5734
14 , 0
1 , 1
1 , 0
3 , 1
564 , 562
4 , 4
263 , 261
2761 , 2759
436 , 434
32 , 14
374 , 372
6739 , 6734
11 , 9
16 , 0
4 , 4
78 , 76
3 , 0
3219 , 3216
271 , 269
379 , 376
3993 , 3991
27 , 25
3404 , 3375
4867 , 4867
7312 , 7312
2 , 0
2327 , 2325
280 , 278
38 , 38
99 , 73
812 , 810
44 , 38
8628 , 8610
128 , 128
1053 , 1051
2557 , 2557
66 , 64
21 , 19
146 , 144
6 , 6
195 , 193
2 , 0
87 , 87
1 , 0
2 , 0
3660 , 3658
12 , 0
117 , 115
613 , 611
1 , 0
4 , 2
10 , 0
1630 , 1603
2154 , 2152
1 , 0
5262 , 5260
3 , 1
2 , 0
4 , 4
130 , 127
18 , 15
9384 , 9379
41 , 1
2 , 2
391 , 389
5 , 3
7811 , 7809
869 , 867
151 , 149
15 , 7
1 , 1
1397 , 1395
12 , 12
24 , 6
1 , 0
1198 , 1196
3087 , 3081
2126 , 2126
1530 , 1530
1 , 1
1994 , 1989
11 , 11
4569 , 4567
19 , 19
14 , 14
44 , 39
270 , 243
2 , 2
89 , 87
2001 , 1998
429 , 429
20 , 18
3 , 0
1 , 0
3393 , 3391
208 , 202
459 , 457
20 , 20
23 , 21
3742 , 3740
4686 , 4684
141 , 135
7744 , 7739
23 , 21
1 , 0
28 , 26
8253 , 8251
38 , 35
1108 , 1105
7 , 0
1 , 1
16 , 14
12 , 10
2 , 0
653 , 653
1 , 0
1 , 0
1 , 0
1750 , 1748
5 , 2
177 , 177
1950 , 1948
5 , 3
753 , 750
349 , 349
326 , 324
287 , 282
11 , 11
72 , 70
52 , 50
1 , 0
88 , 86
52 , 52
4089 , 4083
2 , 2
8 , 6
14 , 14
112 , 110
11 , 9
5039 , 5039
54 , 51
4 , 2
20 , 14
7 , 5
1174 , 1172
15 , 15
1 , 0
1 , 0
10 , 5
2061 , 2053
101 , 99
212 , 210
113 , 111
3 , 1
12 , 9
1 , 1
14 , 9
6 , 1
658 , 640
29 , 26
978 , 976
418 , 412
5229 , 5203
12 , 0
3 , 1
109 , 91
3036 , 3034
29 , 26
8986 , 8986
46 , 41
640 , 600
103 , 98
1099 , 1099
3473 , 3470
914 , 911
25 , 25
54 , 52
7425 , 7418
6416 , 6411
13 , 13
192 , 190
226 , 226
1 , 0
349 , 343
5181 , 5179
69 , 67
7793 , 7790
11 , 9
193 , 188
1 , 0
5533 , 5533
1 , 1
1697 , 1697
3767 , 3762
3 , 3
1290 , 1288
8 , 0
1 , 0
2 , 0
6 , 0
50 , 44
328 , 328
1 , 0
2092 , 2066
2 , 0
9808 , 9779
1928 , 1899
325 , 279
29 , 29
4828 , 4828
250 , 248
19 , 0
9 , 9
29 , 27
1531 , 1526
2 , 0
363 , 361
8 , 8
23 , 23
373 , 368
140 , 138
154 , 131
1510 , 1508
5065 , 5063
83 , 83
256 , 254
608 , 606
2918 , 2915
674 , 672
7088 , 7088
2 , 2
32 , 3
2588 , 2588
595 , 593
2538 , 2536
5847 , 5847
160 , 158
3 , 0
108 , 108
5282 , 5277
359 , 357
13 , 7
3868 , 3866
400 , 374
40 , 40
160 , 158
1562 , 1562
33 , 31
1 , 1
1 , 0
2 , 0
9162 , 9159
420 , 420
43 , 17
433 , 431
3285 , 3283
2172 , 2143
2 , 0
14 , 12
71 , 69
9 , 7
6609 , 6604
4818 , 4811
40 , 40
1514 , 1506
4 , 2
75 , 73
151 , 151
114 , 114
2618 , 2616
151 , 149
66 , 66
779 , 779
43 , 43
1 , 1
6 , 0
397 , 395
2 , 2
71 , 68
5190 , 5185
1636 , 1636
10 , 4
1186 , 1184
565 , 565
1997 , 1995
2 , 2
751 , 749
34 , 32
1 , 0
7726 , 7724
1 , 0
57 , 55
2188 , 2183
1 , 0
328 , 326
543 , 540
28 , 26
54 , 49
2644 , 2637
5 , 5
1 , 0
6 , 4
2901 , 2899
5 , 0
44 , 18
301 , 299
7 , 2
5 , 0
42 , 40
42 , 36
5 , 0
576 , 574
219 , 217
27 , 25
433 , 433
8746 , 8740
3 , 0
5 , 5
203 , 203
435 , 435
59 , 57
1 , 0
110 , 102
147 , 142
972 , 967
1 , 0
302 , 275
510 , 510
1323 , 1321
11 , 8
2081 , 2078
4 , 2
8 , 6
8 , 2
2422 , 2422
158 , 156
36 , 34
126 , 126
7 , 7
4 , 0
2958 , 2956
78 , 76
8100 , 8073
185 , 183
934 , 931
26 , 21
2618 , 2616
45 , 37
20 , 13
375 , 373
97 , 95
3 , 1
2646 , 2644
3 , 1
846 , 844
9629 , 9629
528 , 528
11 , 9
54 , 52
17 , 15
9981 , 9963
130 , 124
41 , 39
2 , 0
201 , 201
1 , 0
40 , 40
15 , 15
112 , 94
2 , 0
138 , 138
248 , 246
6675 , 6657
31 , 29
1470 , 1447
7644 , 7642
2 , 0
5937 , 5937
1577 , 1571
21 , 0
6 , 4
4 , 0
14 , 12
2 , 0
1105 , 1103
356 , 354
16 , 16
1 , 0
94 , 94
2516 , 2508
2995 , 2990
2 , 2
1 , 0
4281 , 4279
4 , 2
13 , 8
1 , 1
2099 , 2097
9227 , 9225
836 , 834
6508 , 6506
95 , 90
4026 , 4024
7 , 4
2 , 0
3924 , 3922
5 , 5
49 , 47
23 , 23
1107 , 1105
3505 , 3505
890 , 888
70 , 67
1 , 0
2 , 0
1493 , 1491
5 , 3
12 , 12
20 , 18
5633 , 5627
400 , 395
17 , 17
1632 , 1627
446 , 446
5 , 3
43 , 38
107 , 105
1 , 0
5 , 3
64 , 62
4048 , 4048
7 , 5
6435 , 6429
1 , 1
32 , 32
594 , 592
9 , 9
1 , 0
1 , 0
2817 , 2815
41 , 12
3234 , 3232
568 , 566
853 , 847
7178 , 7178
2 , 2
258 , 256
8902 , 8900
1446 , 1444
25 , 25
1 , 0
911 , 908
60 , 58
1 , 0
1 , 0
213 , 211
584 , 579
5 , 0
1 , 0
358 , 350
21 , 0
3 , 0
6 , 4
3603 , 3597
2735 , 2733
268 , 263
1383 , 1381
37 , 35
459 , 457
28 , 26
90 , 88
3 , 0
9 , 9
70 , 70
78 , 78
1235 , 1235
303 , 301
1 , 0
622 , 617
1 , 0
1653 , 1653
120 , 115
6 , 4
1846 , 1844
25 , 23
2 , 0
1223 , 1218
3928 , 3928
9019 , 8992
1503 , 1503
1 , 0
1 , 0
1 , 0
20 , 2
77 , 75
7 , 1
307 , 305
1575 , 1535
3119 , 3117
15 , 13
14 , 12
4 , 2
11 , 0
29 , 29
2777 , 2777
5641 , 5641
57 , 57
8636 , 8634
118 , 118
10 , 10
7016 , 7011
305 , 303
81 , 81
5196 , 5194
2167 , 2167
1721 , 1721
5208 , 5206
32 , 3
80 , 74
615 , 613
2189 , 2189
3521 , 3516
41 , 41
3052 , 3044
28 , 20
49 , 47
2 , 0
4413 , 4413
9083 , 9077
6 , 4
2 , 0
1923 , 1917
3 , 1
23 , 20
1116 , 1116
238 , 236
6 , 4
2088 , 2082
6648 , 6646
45 , 43
438 , 436
1416 , 1410
19 , 17
533 , 533
2143 , 2143
19 , 17
127 , 125
2 , 2
94 , 92
445 , 443
14 , 0
5 , 3
11 , 0
3 , 0
69 , 67
39 , 39
946 , 946
36 , 30
1 , 1
32 , 32
1770 , 1768
129 , 129
9508 , 9508
11 , 9
2 , 2
2 , 0
50 , 50
2 , 0
3 , 1
5 , 0
156 , 150
1 , 0
48 , 46
1 , 0
1 , 1
1 , 1
106 , 104
774 , 772
1 , 0
1 , 0
3852 , 3852
1 , 1
26 , 24
11 , 8
4334 , 4332
4204 , 4199
97 , 97
1 , 0
3370 , 3368
16 , 14
2518 , 2518
1731 , 1729
1986 , 1984
117 , 115
254 , 252
2 , 0
1490 , 1472
1 , 0
127 , 122
587 , 582
3750 , 3745
36 , 28
5842 , 5842
10 , 8
2 , 0
6 , 0
1115 , 1113
6 , 4
2 , 0
45 , 43
3659 , 3659
1 , 1
25 , 0
7119 , 7090
83 , 83
1510 , 1483
3 , 0
466 , 464
25 , 17
6 , 4
210 , 210
41 , 38
6 , 1
1618 , 1612
20 , 18
903 , 903
7 , 5
4124 , 4118
39 , 0
4143 , 4143
6 , 3
63 , 63
3 , 3
14 , 14
2 , 2
60 , 34
1 , 0
1 , 0
4 , 2
436 , 434
2 , 2
9 , 4
3353 , 3353
43 , 17
44 , 42
2062 , 2059
39 , 37
2790 , 2788
1 , 0
1683 , 1683
6935 , 6930
2 , 0
374 , 368
13 , 11
2 , 0
51 , 45
3 , 1
2 , 0
5082 , 5080
18 , 16
7910 , 7910
2705 , 2703
1595 , 1595
5 , 3
4 , 4
33 , 31
1998 , 1972
1 , 0
1808 , 1806
1 , 1
752 , 729
1 , 0
65 , 63
583 , 578
1 , 1
14 , 12
123 , 120
1378 , 1376
21 , 18
98 , 96
13 , 13
25 , 23
2923 , 2920
233 , 215
5974 , 5974
2 , 0
1677 , 1671
2712 , 2710
5 , 5
432 , 432
10 , 8
5558 , 5540
3 , 1
2267 , 2262
552 , 550
8 , 6
55 , 53
385 , 382
6 , 0
1 , 1
1 , 0
21 , 21
1 , 0
1 , 0
1 , 0
3631 , 3613
275 , 273
6413 , 6387
5 , 3
1161 , 1159
4168 , 4168
25 , 23
986 , 959
29 , 11
1 , 0
176 , 174
9252 , 9250
4 , 1
8 , 3
1 , 1
196 , 178
7370 , 7343
2123 , 2121
2 , 0
798 , 798
1353 , 1326
3790 , 3750
287 , 279
1 , 0
1904 , 1902
2464 , 2464
3190 , 3185
139 , 139
15 , 13
95 , 93
6211 , 6209
16 , 14
2866 , 2864
104 , 101
1 , 0
66 , 64
2615 , 2588
319 , 311
42 , 40
1037 , 1035
3878 , 3878
3 , 0
976 , 971
1672 , 1670
2 , 0
8 , 0
8 , 5
26 , 24
2 , 0
39 , 39
1 , 0
99 , 91
3690 , 3688
7 , 7
9 , 7
9581 , 9575
9589 , 9584
6071 , 6069
25 , 20
4713 , 4708
1 , 0
1805 , 1805
36 , 29
3038 , 3036
1 , 0
6 , 4
2 , 2
370 , 370
5 , 5
200 , 192
748 , 746
13 , 13
28 , 28
23 , 21
2057 , 2055
240 , 240
2 , 0
1718 , 1716
3365 , 3365
126 , 126
173 , 165
68 , 68
33 , 27
3950 , 3948
68 , 68
35 , 33
44 , 41
224 , 218
6 , 4
1 , 0
69 , 42
4307 , 4307
7 , 0
89 , 87
794 , 792
1 , 1
874 , 869
3214 , 3212
766 , 764
2926 , 2921
3 , 3
217 , 215
3 , 3
118 , 118
517 , 491
606 , 606
2 , 0
91 , 91
35 , 35
387 , 385
2468 , 2466
3 , 1
1 , 1
1982 , 1980
15 , 13
108 , 102
31 , 31
92 , 63
25 , 25
348 , 348
1358 , 1356
81 , 79
33 , 31
3 , 0
2 , 0
1736 , 1734
1 , 1
3188 , 3186
285 , 283
958 , 958
2747 , 2745
7 , 7
1 , 0
1 , 0
27 , 25
7981 , 7976
13 , 11
2792 , 2790
4 , 2
1124 , 1097
10 , 7
4851 , 4825
4 , 2
163 , 161
4 , 0
12 , 12
2388 , 2383
36 , 28
3 , 3
4 , 4
393 , 391
5 , 0
72 , 72
1 , 0
1 , 1
324 , 324
4 , 0
1 , 0
41 , 23
2978 , 2976
335 , 333
6 , 4
3207 , 3207
364 , 324
1409 , 1409
204 , 198
1 , 0
1 , 0
41 , 39
19 , 0
5 , 3
110 , 105
12 , 12
223 , 215
19 , 1
2799 , 2793
13 , 0
2029 , 2026
7418 , 7416
1314 , 1312
7273 , 7255
281 , 279
548 , 519
39 , 37
1 , 0
288 , 286
940 , 938
1 , 0
5337 , 5337
836 , 836
1216 , 1216
12 , 7
38 , 36
14 , 12
2 , 0
1 , 1
1 , 0
99 , 97
1154 , 1152
191 , 189
5 , 0
1522 , 1522
8793 , 8791
1702 , 1694
8689 , 8683
2 , 0
4454 , 4414
3240 , 3238
635 , 635
4 , 2
14 , 9
18 , 16
1 , 0
311 , 311
4095 , 4090
1 , 0
112 , 86
46 , 44
150 , 150
3 , 3
2173 , 2173
1 , 0
2 , 0
491 , 489
158 , 156
3810 , 3808
2 , 0
8339 , 8334
66 , 66
12 , 12
1851 , 1851
1274 , 1274
1 , 0
22 , 0
149 , 147
3 , 3
320 , 318
3221 , 3219
45 , 43
6819 , 6819
648 , 643
2902 , 2875
9 , 7
693 , 688
33 , 30
38 , 33
9 , 7
1233 , 1231
35 , 33
2 , 0
82 , 77
183 , 183
6614 , 6614
236 , 234
880 , 880
2 , 0
518 , 500
10 , 8
6 , 4
1 , 0
1 , 0
5341 , 5341
27 , 27
30 , 28
23 , 0
113 , 87
10 , 8
357 , 355
1 , 0
857 , 855
21 , 21
348 , 346
1 , 0
219 , 217
42 , 15
7487 , 7485
1520 , 1518
24 , 17
8 , 3
2 , 2
238 , 236
13 , 13
133 , 126
24 , 24
1448 , 1448
6 , 4
1927 , 1925
42 , 40
248 , 230
41 , 39
52 , 50
18 , 0
299 , 273
20 , 18
5470 , 5470
1213 , 1187
59 , 56
2998 , 2998
17 , 15
2872 , 2869
2 , 0
252 , 244
589 , 563
410 , 410
758 , 758
2353 , 2353
177 , 177
17 , 15
3 , 0
1176 , 1174
13 , 13
12 , 0
1 , 0
1 , 0
54 , 52
536 , 534
23 , 21
1 , 1
208 , 206
2 , 0
588 , 588
2473 , 2471
1 , 1
287 , 285
9 , 9
1 , 0
1 , 0
297 , 295
401 , 399
349 , 349
71 , 71
5070 , 5065
1 , 0
30 , 28
1 , 0
9452 , 9452
222 , 215
3245 , 3239
310 , 281
6152 , 6152
321 , 321
64 , 62
7 , 7
2105 , 2079
2 , 0
2 , 0
15 , 13
116 , 116
3644 , 3642
6 , 6
30 , 22
51 , 51
8 , 6
4 , 4
3 , 3
8 , 6
175 , 175
1 , 0
25 , 23
650 , 650
2018 , 2016
5959 , 5913
422 , 420
90 , 88
9 , 4
26 , 24
9 , 7
225 , 223
1 , 0
57 , 52
1 , 1
69 , 67
21 , 15
338 , 336
72 , 70
5 , 3
185 , 183
4 , 4
94 , 94
2 , 0
434 , 432
56 , 56
814 , 807
39 , 37
6 , 4
1 , 1
351 , 349
1986 , 1984
6 , 6
784 , 784
30 , 28
108 , 106
73 , 70
4776 , 4747
2 , 0
538 , 536
1513 , 1511
835 , 830
127 , 122
650 , 648
2794 , 2792
670 , 668
52 , 50
36 , 36
2 , 0
4355 , 4353
1 , 0
240 , 238
561 , 559
5308 , 5300
445 , 439
25 , 23
123 , 118
6 , 4
1 , 0
20 , 18
4 , 2
6 , 4
8 , 6
7 , 7
752 , 752
43 , 41
21 , 19
16 , 11
1 , 0
126 , 123
9457 , 9455
44 , 42
111 , 84
1340 , 1338
34 , 34
2222 , 2222
304 , 302
1441 , 1439
8 , 6
6476 , 6474
1 , 0
13 , 7
9 , 6
15 , 0
5735 , 5708
1 , 0
2 , 0
11 , 9
1 , 0
1 , 0
8778 , 8776
6 , 0
3191 , 3189
852 , 847
74 , 68
141 , 141
60 , 33
11 , 9
8650 , 8648
37 , 32
18 , 16
2 , 2
19 , 19
189 , 187
4605 , 4600
308 , 308
1 , 1
4185 , 4183
87 , 85
2004 , 2002
838 , 836
854 , 852
8143 , 8135
1 , 1
19 , 0
3231 , 3231
6489 , 6484
5209 , 5209
12 , 12
514 , 512
12 , 6
1 , 0
9 , 0
1 , 0
143 , 143
821 , 821
138 , 136
1300 , 1298
10 , 10
2426 , 2426
21 , 19
16 , 13
1666 , 1664
2144 , 2142
202 , 200
3299 , 3299
6624 , 6624
493 , 491
32 , 30
10 , 7
6750 , 6750
5 , 3
1305 , 1302
5 , 0
8 , 8
6 , 4
8 , 6
1380 , 1380
26 , 24
228 , 226
217 , 217
116 , 114
9008 , 9006
9 , 7
2 , 0
10 , 4
2030 , 2028
12 , 10
1 , 0
3 , 0
1 , 0
9 , 7
230 , 227
360 , 358
54 , 54
29 , 27
5124 , 5124
2 , 0
64 , 62
56 , 51
4877 , 4877
7 , 7
90 , 88
1 , 0
761 , 761
1 , 0
8 , 6
1 , 0
1100 , 1098
14 , 12
58 , 56
1003 , 995
28 , 20
449 , 444
6 , 4
1781 , 1775
18 , 16
99 , 97
712 , 710
12 , 7
1 , 0
304 , 302
374 , 334
6 , 6
5 , 3
405 , 402
207 , 204
2 , 0
905 , 903
2742 , 2742
11 , 11
2 , 0
12 , 10
4551 , 4524
467 , 465
16 , 0
1 , 0
8038 , 8036
124 , 124
1 , 0
1 , 1
1107 , 1107
111 , 106
531 , 513
543 , 540
12 , 9
3293 , 3288
5117 , 5111
32 , 30
306 , 303
1 , 1
29 , 29
30 , 27
3 , 0
35 , 33
9 , 7
197 , 197
9 , 9
1335 , 1335
1 , 0
69 , 69
2 , 0
11 , 9
4012 , 4010
1 , 0
16 , 14
47 , 47
62 , 59
9618 , 9591
3808 , 3808
1388 , 1386
22 , 17
7975 , 7975
603 , 574
9 , 3
8 , 2
2 , 0
7044 , 7044
106 , 104
3788 , 3786
1229 , 1227
404 , 404
633 , 633
2 , 0
1684 , 1682
3877 , 3850
698 , 669
2 , 0
74 , 72
29 , 27
835 , 835
819 , 817
3 , 1
66 , 66
96 , 69
3198 , 3195
55 , 55
278 , 276
430 , 428
20 , 17
2668 , 2668
30 , 25
5321 , 5321
85 , 85
2205 , 2203
410 , 410
36 , 31
496 , 496
3338 , 3336
2 , 2
3 , 1
280 , 251
827 , 827
3526 , 3524
9 , 4
1713 , 1711
34 , 34
4 , 2
1 , 0
2 , 0
223 , 221
12 , 12
8489 , 8471
186 , 186
3 , 1
1 , 1
4 , 2
68 , 68
4 , 2
29 , 27
1509 , 1507
55 , 53
9 , 9
3 , 3
1 , 1
23 , 21
760 , 734
4 , 0
8 , 6
2 , 0
60 , 58
1 , 0
7 , 5
17 , 15
5 , 5
2 , 0
9901 , 9899
10 , 10
4 , 0
559 , 553
52 , 52
8 , 6
116 , 114
135 , 132
876 , 871
124 , 121
35 , 35
16 , 16
19 , 17
1301 , 1299
62 , 60
5371 , 5366
79 , 77
64 , 61
16 , 16
600 , 598
17 , 0
152 , 150
2483 , 2477
3684 , 3682
1 , 0
5 , 5
5103 , 5103
5806 , 5804
300 , 298
159 , 157
1 , 0
273 , 267
21 , 16
1 , 0
1 , 0
3862 , 3857
9 , 0
63 , 61
5593 , 5593
106 , 106
4734 , 4729
682 , 664
35 , 32
64 , 58
6686 , 6680
27 , 25
2269 , 2269
58 , 53
370 , 368
111 , 109
100 , 98
1015 , 1013
1 , 0
82 , 80
978 , 976
37 , 35
39 , 33
12 , 12
248 , 246
6 , 3
16 , 14
201 , 199
4502 , 4500
3 , 0
67 , 65
1278 , 1252
7601 , 7596
12 , 12
760 , 758
161 , 159
341 , 339
1 , 0
115 , 113
1475 , 1473
1268 , 1222
251 , 246
2 , 2
22 , 20
5511 , 5506
477 , 469
20 , 12
49 , 20
9 , 3
1 , 1
1 , 0
10 , 10
245 , 243
2574 , 2556
9 , 4
263 , 261
56 , 51
7543 , 7538
2554 , 2552
493 , 493
4 , 0
13 , 11
1515 , 1513
6 , 4
9515 , 9513
3 , 1
35 , 35
105 , 97
762 , 733
1 , 0
3257 , 3255
81 , 79
5 , 0
4 , 2
648 , 648
2 , 2
8 , 3
1 , 0
21 , 19
5201 , 5199
3145 , 3127
3161 , 3161
13 , 11
1671 , 1669
2 , 0
4 , 2
3 , 1
2 , 2
1 , 0
2 , 0
2 , 0
453 , 451
3 , 0
2330 , 2328
217 , 215
54 , 54
1657 , 1655
3881 , 3879
23 , 21
1053 , 1051
8 , 3
1925 , 1923
649 , 642
4 , 0
5 , 3
110 , 110
1 , 0
32 , 30
2 , 0
2 , 0
18 , 16
32 , 32
199 , 197
4911 , 4909
1567 , 1567
12 , 6
1 , 0
9065 , 9063
2 , 0
1444 , 1436
1 , 0
12 , 12
76 , 47
264 , 259
8016 , 8016
4 , 2
17 , 17
21 , 19
195 , 190
7 , 2
13 , 11
22 , 20
436 , 436
202 , 173
381 , 381
1 , 0
3 , 0
2 , 0
202 , 197
178 , 176
2 , 0
903 , 885
7436 , 7430
3429 , 3427
920 , 915
509 , 507
1 , 0
6 , 1
1 , 0
10 , 10
52 , 50
1828 , 1828
1202 , 1200
158 , 156
1050 , 1044
6485 , 6482
14 , 9
1 , 0
5 , 5
1 , 0
4 , 2
544 , 542
1660 , 1660
3291 , 3289
1708 , 1706
8183 , 8181
726 , 724
9879 , 9877
7 , 0
959 , 957
2 , 0
3096 , 3094
25 , 23
102 , 96
452 , 426
6 , 6
16 , 13
223 , 221
2868 , 2866
9 , 9
2 , 2
2 , 0
14 , 14
11 , 9
1305 , 1299
72 , 70
179 , 177
2 , 0
1921 , 1919
587 , 582
648 , 648
1 , 0
3931 , 3931
176 , 173
27 , 25
33 , 31
5443 , 5441
1 , 0
1 , 1
1124 , 1118
7010 , 7008
1 , 1
7685 , 7685
9 , 7
2 , 0
168 , 166
41 , 39
7 , 2
3507 , 3505
95 , 95
229 , 227
635 , 633
5 , 0
5401 , 5396
3632 , 3614
1 , 0
21 , 19
86 , 84
1 , 0
13 , 8
26 , 21
264 , 262
3 , 1
123 , 123
1 , 0
1 , 0
7876 , 7873
1436 , 1434
2 , 0
8 , 6
11 , 4
7 , 5
111 , 85
1 , 1
13 , 5
1 , 0
2 , 0
1 , 1
3 , 0
4 , 2
1 , 0
15 , 13
4 , 2
11 , 9
1 , 0
1 , 0
2305 , 2305
7279 , 7253
483 , 456
12 , 0
1 , 0
36 , 31
8959 , 8954
850 , 842
25 , 19
15 , 15
4472 , 4472
35 , 33
6 , 0
1 , 0
213 , 211
284 , 255
2 , 0
256 , 227
5 , 5
18 , 0
3 , 0
2 , 0
240 , 238
2637 , 2635
5760 , 5760
13 , 11
18 , 10
3241 , 3241
7 , 0
1 , 0
34 , 34
2533 , 2510
48 , 46
1 , 0
5 , 3
1 , 1
2 , 2
1794 , 1794
5 , 0
3213 , 3213
8 , 6
1305 , 1303
582 , 580
8458 , 8435
2 , 2
622 , 620
1571 , 1565
1 , 1
205 , 205
35 , 30
5 , 3
172 , 169
1 , 0
788 , 786
1782 , 1764
685 , 683
17 , 17
1833 , 1831
21 , 15
671 , 669
1 , 1
2 , 0
64 , 37
15 , 9
4437 , 4430
1 , 0
7278 , 7276
4 , 0
1882 , 1864
197 , 195
96 , 67
10 , 10
29 , 23
14 , 9
1 , 0
25 , 25
32 , 27
284 , 282
856 , 854
5 , 3
83 , 57
7 , 7
9 , 7
2126 , 2124
1908 , 1906
1956 , 1954
1031 , 1026
610 , 610
5 , 0
79 , 76
357 , 357
9 , 7
49 , 47
74 , 72
1625 , 1620
3 , 0
11 , 9
22 , 0
1 , 0
1 , 0
855 , 828
218 , 172
8 , 0
1 , 0
3680 , 3678
5133 , 5131
3 , 1
955 , 953
339 , 334
41 , 39
12 , 12
598 , 596
1 , 0
2 , 2
5 , 0
1606 , 1604
1751 , 1751
300 , 298
77 , 77
1 , 0
10 , 8
7 , 5
8873 , 8873
13 , 11
5507 , 5505
6 , 3
1987 , 1958
3929 , 3927
89 , 89
4593 , 4588
1 , 0
1 , 0
149 , 147
491 , 489
61 , 59
3793 , 3793
8881 , 8879
8 , 3
5777 , 5759
3717 , 3712
330 , 328
1 , 0
1 , 1
1125 , 1123
4 , 0
5971 , 5969
4 , 2
12 , 10
9 , 0
1 , 0
16 , 14
382 , 380
2897 , 2895
8403 , 8403
1019 , 1019
72 , 54
245 , 243
5847 , 5842
1 , 1
350 , 350
1 , 0
8 , 6
6 , 0
738 , 738
19 , 19
8 , 3
2 , 0
25 , 19
369 , 367
12 , 12
1809 , 1807
116 , 109
520 , 518
207 , 205
39 , 13
9 , 7
4 , 1
4 , 1
2 , 0
9222 , 9220
1 , 0
92 , 92
243 , 243
88 , 85
159 , 157
32 , 30
3 , 0
177 , 151
4815 , 4815
8498 , 8495
9 , 3
1 , 0
4 , 2
9 , 0
1439 , 1437
22 , 22
1003 , 998
14 , 12
33 , 31
4634 , 4632
1488 , 1486
1732 , 1726
330 , 301
7557 , 7528
3 , 0
1403 , 1403
7337 , 7337
8 , 6
122 , 120
64 , 62
11 , 11
31 , 29
1653 , 1651
1 , 0
252 , 245
158 , 153
349 , 349
687 , 685
3 , 3
5985 , 5983
2 , 0
127 , 100
51 , 48
434 , 431
1 , 0
1191 , 1189
14 , 9
32 , 30
1438 , 1432
1 , 1
89 , 87
2724 , 2697
1327 , 1325
4 , 0
3 , 1
4 , 2
2788 , 2786
321 , 319
16 , 16
1133 , 1110
43 , 25
3594 , 3589
1 , 1
42 , 42
442 , 440
2794 , 2792
5 , 0
2 , 0
367 , 364
5 , 0
629 , 627
1 , 0
3 , 0
56 , 56
1613 , 1611
7 , 2
19 , 19
7599 , 7599
5454 , 5454
26 , 21
54 , 52
131 , 129
55 , 50
70 , 44
7223 , 7221
40 , 37
234 , 232
217 , 188
3315 , 3313
31 , 29
566 , 564
1 , 1
25 , 25
23 , 21
78 , 78
4 , 0
88 , 86
1 , 0
9812 , 9812
3 , 0
130 , 127
4 , 4
861 , 861
158 , 156
16 , 14
61 , 61
520 , 494
13 , 0
27 , 9
5294 , 5294
2358 , 2356
3669 , 3666
589 , 584
5950 , 5950
12 , 12
3300 , 3300
37 , 35
117 , 115
58 , 56
6 , 6
7 , 0
238 , 238
7 , 7
7 , 5
90 , 87
579 , 573
333 , 331
1277 , 1270
7153 , 7130
202 , 200
750 , 723
16 , 16
7745 , 7745
1100 , 1073
2036 , 2034
8 , 8
1516 , 1511
3469 , 3469
2 , 2
67 , 65
763 , 761
10 , 10
5 , 5
6261 , 6259
133 , 87
1544 , 1544
10 , 8
41 , 39
1 , 1
236 , 236
1217 , 1210
7507 , 7502
116 , 116
880 , 878
4159 , 4157
5437 , 5429
5661 , 5659
74 , 72
1 , 0
271 , 269
1827 , 1825
4070 , 4064
19 , 17
1317 , 1315
4 , 2
84 , 82
4738 , 4738
5353 , 5326
2 , 0
1 , 1
1 , 1
106 , 99
26 , 8
8756 , 8749
82 , 79
6793 , 6775
29 , 2
11 , 6
490 , 484
585 , 567
31 , 31
5 , 3
648 , 646
17 , 15
1657 , 1654
999 , 994
1359 , 1341
5 , 0
2645 , 2643
3746 , 3744
14 , 9
12 , 10
1987 , 1958
92 , 90
365 , 365
1874 , 1871
5282 , 5255
35 , 33
887 , 885
1 , 0
3258 , 3255
19 , 1
14 , 12
1 , 0
109 , 107
6 , 6
160 , 158
133 , 133
6 , 4
6122 , 6122
104 , 104
302 , 300
1508 , 1506
17 , 0
5 , 3
226 , 208
4 , 2
1 , 0
7947 , 7921
40 , 35
617 , 617
538 , 530
1 , 0
4 , 4
555 , 532
1060 , 1055
535 , 533
2850 , 2850
13 , 11
438 , 438
1 , 0
8417 , 8415
119 , 117
307 , 302
1797 , 1792
1 , 0
3202 , 3199
470 , 470
1564 , 1559
145 , 143
3 , 0
6 , 0
8217 , 8215
4320 , 4314
20 , 13
479 , 479
76 , 50
67 , 65
11 , 9
1 , 0
298 , 298
4807 , 4801
44 , 17
13 , 11
15 , 13
3 , 1
10 , 0
2 , 0
14 , 12
1025 , 1020
120 , 94
563 , 561
6 , 0
137 , 135
4759 , 4757
124 , 118
1 , 1
3 , 1
93 , 91
3 , 1
707 , 704
75 , 75
4 , 4
31 , 4
6 , 6
60 , 55
655 , 615
3 , 3
2174 , 2174
1 , 0
8 , 6
4 , 2
150 , 123
8 , 6
1 , 1
1 , 1
108 , 108
5 , 5
12 , 4
297 , 289
953 , 948
992 , 992
19 , 19
1 , 1
1 , 0
62 , 60
1 , 1
34 , 34
9078 , 9078
1624 , 1622
188 , 186
16 , 11
7150 , 7150
2 , 0
13 , 8
2 , 0
684 , 684
1 , 1
1 , 0
2408 , 2406
52 , 52
2 , 0
8 , 6
12 , 12
74 , 72
15 , 10
2 , 2
6615 , 6612
94 , 92
1779 , 1779
1 , 0
2697 , 2697
2314 , 2309
3140 , 3138
31 , 29
7136 , 7107
2 , 0
3 , 3
26 , 24
1026 , 1024
58 , 40
11 , 9
3 , 1
1 , 0
35 , 35
4993 , 4991
6 , 0
42 , 16
6546 , 6544
3687 , 3685
22 , 22
76 , 74
3 , 0
49 , 46
3 , 1
262 , 256
67 , 65
1 , 0
116 , 114
452 , 450
17 , 0
1 , 1
3592 , 3592
3 , 1
1416 , 1414
696 , 694
67 , 61
1 , 0
643 , 641
18 , 16
1 , 0
149 , 123
311 , 311
11 , 11
23 , 17
3 , 1
7043 , 7043
6 , 0
3474 , 3445
148 , 148
1 , 0
507 , 505
1 , 0
254 , 252
45 , 43
85 , 85
562 , 560
26 , 24
549 , 549
1194 , 1192
60 , 54
1 , 1
223 , 217
567 , 559
35 , 33
37 , 35
30 , 24
1 , 1
5 , 5
498 , 496
42 , 42
3 , 0
648 , 646
205 , 205
3671 , 3669
1478 , 1473
2450 , 2450
2497 , 2497
1 , 0
1 , 0
372 , 326
6 , 0
3 , 3
7836 , 7818
190 , 190
326 , 324
1 , 0
8 , 8
630 , 628
9 , 9
1 , 0
1 , 0
23 , 23
5386 , 5384
2985 , 2983
3981 , 3976
6661 , 6656
5492 , 5465
3092 , 3090
6279 , 6274
874 , 872
6965 , 6963
1 , 0
4 , 0
2 , 0
4811 , 4808
7812 , 7810
28 , 26
691 , 689
308 , 306
345 , 343
2253 , 2251
12 , 10
456 , 454
2 , 0
6 , 4
5578 , 5576
285 , 283
2 , 0
1070 , 1068
24 , 22
2 , 0
9 , 9
5647 , 5645
402 , 397
16 , 16
1190 , 1188
1204 , 1202
687 , 687
9222 , 9220
2219 , 2217
4461 , 4461
8076 , 8074
2 , 0
8 , 8
534 , 505
5 , 0
6482 , 6482
2203 , 2201
396 , 394
417 , 415
315 , 313
115 , 113
1 , 0
272 , 245
3 , 3
1162 , 1160
511 , 506
1679 , 1656
299 , 294
7137 , 7131
13 , 11
1846 , 1828
2 , 0
148 , 143
228 , 210
434 , 432
1 , 0
97 , 95
1230 , 1223
2 , 0
4 , 2
402 , 400
750 , 750
1386 , 1384
774 , 768
2789 , 2787
4 , 2
33 , 27
34 , 16
1 , 0
8606 , 8604
1292 , 1292
42 , 40
1 , 0
757 , 751
187 , 184
4 , 2
12 , 10
73 , 73
140 , 133
1 , 0
7172 , 7172
1 , 0
1 , 0
95 , 95
1 , 0
2796 , 2794
129 , 127
340 , 338
1 , 0
2 , 0
37 , 32
1 , 0
98 , 96
64 , 62
7832 , 7830
1534 , 1532
8 , 6
3522 , 3519
11 , 11
178 , 176
9 , 7
28 , 26
274 , 274
8294 , 8289
102 , 56
25 , 23
1 , 1
1950 , 1927
1 , 0
55 , 53
1003 , 995
1 , 1
5 , 5
1 , 0
5 , 0
175 , 175
580 , 572
8 , 8
320 , 318
9976 , 9976
285 , 283
972 , 970
27 , 24
2487 , 2485
129 , 129
721 , 721
4311 , 4309
224 , 224
967 , 965
1220 , 1214
5304 , 5302
33 , 28
4 , 2
7843 , 7843
1508 , 1508
144 , 104
47 , 47
1 , 1
9323 , 9321
553 , 553
2484 , 2481
659 , 657
279 , 274
125 , 122
25 , 23
28 , 26
2035 , 2033
56 , 56
7 , 7
25 , 23
1 , 0
1 , 0
6 , 6
11 , 11
6260 , 6258
89 , 87
1 , 1
1102 , 1100
36 , 36
1410 , 1408
57 , 55
28 , 26
1 , 0
6 , 4
104 , 86
17 , 15
2011 , 1982
6 , 0
6 , 6
353 , 327
2 , 2
372 , 370
9 , 7
5788 , 5786
2 , 2
4318 , 4316
2 , 0
2192 , 2187
57 , 28
3 , 1
3544 , 3538
43 , 41
18 , 18
22 , 0
461 , 458
5247 , 5247
3 , 0
3350 , 3347
1 , 1
9 , 7
141 , 141
427 , 409
243 , 216
4 , 2
5 , 5
49 , 47
327 , 325
28 , 26
1 , 0
1 , 0
140 , 138
181 , 179
5 , 3
201 , 174
7 , 5
40 , 38
645 , 643
11 , 5
3 , 0
1 , 0
26 , 24
3 , 3
11 , 9
8 , 5
3980 , 3953
1 , 0
1 , 0
523 , 520
121 , 121
199 , 194
3 , 1
6003 , 6001
5 , 3
6813 , 6813
1 , 0
49 , 47
1 , 0
1 , 1
596 , 594
456 , 454
7 , 0
699 , 699
1832 , 1792
39 , 39
185 , 183
11 , 9
5 , 3
879 , 877
2 , 0
6 , 4
5 , 3
2812 , 2812
681 , 679
8642 , 8640
3700 , 3698
30 , 3
22 , 17
17 , 17
9 , 7
4 , 2
31 , 29
6250 , 6250
2303 , 2303
34 , 32
2544 , 2539
233 , 230
20 , 12
7 , 7
81 , 81
1377 , 1375
26 , 23
272 , 267
179 , 161
61 , 56
1098 , 1096
366 , 366
14 , 12
2771 , 2765
423 , 421
204 , 202
1519 , 1517
10 , 8
163 , 163
10 , 8
24 , 24
11 , 11
5 , 3
6 , 4
1 , 1
464 , 459
1 , 1
494 , 489
1428 , 1426
82 , 80
8 , 6
12 , 0
3038 , 3036
30 , 27
155 , 153
7958 , 7956
5416 , 5410
6815 , 6813
6 , 1
13 , 13
2497 , 2495
168 , 166
9 , 0
6 , 0
4 , 0
6 , 6
1 , 1
79 , 79
413 , 413
458 , 456
27 , 22
2 , 0
22 , 20
123 , 118
1 , 0
126 , 126
26 , 24
2 , 0
4 , 0
1737 , 1735
620 , 618
527 , 525
1903 , 1901
1 , 0
4 , 0
52 , 50
1206 , 1206
4688 , 4686
10 , 10
531 , 523
376 , 374
2230 , 2212
1 , 0
7 , 0
42 , 42
1454 , 1452
1 , 0
7843 , 7817
1 , 0
1824 , 1819
219 , 211
157 , 157
1 , 0
2 , 0
2 , 0
3 , 1
5508 , 5503
14 , 14
22 , 20
1 , 0
169 , 162
1556 , 1556
978 , 973
35 , 32
211 , 209
3 , 3
884 , 879
4 , 0
1 , 0
850 , 850
47 , 44
3 , 3
4 , 0
7771 , 7771
1 , 0
121 , 119
1 , 1
2 , 0
2 , 0
5 , 2
98 , 96
34 , 29
1 , 0
21 , 15
4 , 2
2 , 0
440 , 438
610 , 608
7279 , 7279
1 , 0
94 , 88
49 , 43
119 , 119
8 , 6
2 , 2
2417 , 2415
1 , 0
264 , 264
331 , 305
9 , 7
1 , 0
1797 , 1795
5132 , 5132
9 , 9
22 , 20
48 , 45
20 , 18
1 , 0
1 , 0
140 , 138
1 , 1
1786 , 1768
5 , 0
2 , 0
70 , 65
3 , 0
589 , 587
26 , 24
4 , 0
54 , 52
60 , 60
1 , 0
6 , 4
9974 , 9972
5 , 3
9611 , 9611
213 , 211
5404 , 5402
2478 , 2476
3 , 1
53 , 46
39 , 37
52 , 46
1851 , 1846
3 , 0
546 , 517
66 , 61
1706 , 1701
9840 , 9838
921 , 919
1115 , 1113
286 , 257
238 , 236
29 , 27
5877 , 5877
528 , 526
6 , 4
29 , 27
1169 , 1167
6234 , 6232
2 , 0
500 , 498
33 , 28
3 , 0
1469 , 1467
1 , 0
183 , 183
5146 , 5146
1 , 0
23 , 20
2275 , 2273
37 , 32
3 , 0
5086 , 5084
1 , 0
374 , 374
19 , 19
26 , 24
7158 , 7156
1286 , 1257
431 , 431
3454 , 3452
26 , 18
48 , 43
480 , 478
2113 , 2111
34 , 31
1887 , 1885
1 , 0
96 , 67
931 , 904
4 , 4
3 , 3
3975 , 3973
1 , 0
1064 , 1064
1 , 0
8 , 0
1 , 0
3 , 1
2 , 0
127 , 124
992 , 974
244 , 242
4050 , 4048
17 , 15
46 , 46
468 , 466
11 , 9
9 , 9
15 , 13
2267 , 2267
40 , 38
9096 , 9096
8 , 8
7 , 1
11 , 6
6922 , 6896
72 , 67
6954 , 6952
187 , 185
970 , 968
3032 , 3014
101 , 101
244 , 242
309 , 306
8 , 6
9 , 9
4142 , 4142
14 , 12
319 , 296
1 , 0
20 , 15
1408 , 1405
431 , 428
2 , 2
2 , 0
1069 , 1067
119 , 114
16 , 14
26 , 24
729 , 723
95 , 93
1080 , 1075
3 , 1
4104 , 4102
1026 , 1008
3 , 1
275 , 270
1034 , 1029
55 , 52
1 , 0
1176 , 1168
1 , 0
153 , 147
17 , 12
420 , 417
6 , 1
9999 , 9997
7 , 5
1 , 0
3 , 1
1131 , 1129
8008 , 8006
277 , 237
7 , 0
63 , 63
286 , 284
12 , 0
2 , 0
2 , 0
101 , 99
33 , 33
3 , 1
151 , 149
2566 , 2564
6 , 4
2 , 2
16 , 14
594 , 592
3007 , 3005
2 , 2
320 , 318
2 , 2
2501 , 2501
188 , 186
11 , 9
11 , 9
5 , 3
14 , 14
45 , 45
3543 , 3537
1069 , 1067
9 , 4
7 , 0
5 , 3
6445 , 6443
119 , 117
2 , 0
5058 , 5031
37 , 35
2 , 0
2407 , 2378
64 , 64
303 , 303
5505 , 5465
292 , 290
259 , 259
67 , 67
595 , 595
2 , 2
150 , 148
3382 , 3380
9 , 7
25 , 22
7654 , 7652
92 , 87
282 , 280
2 , 0
1 , 1
6367 , 6367
3 , 0
31 , 29
8461 , 8454
532 , 532
5 , 3
943 , 943
2 , 0
3442 , 3442
17 , 15
3981 , 3979
479 , 477
7193 , 7166
32 , 30
9 , 1
839 , 812
7 , 1
3 , 0
74 , 72
4543 , 4543
6458 , 6456
417 , 417
1668 , 1666
87 , 87
5 , 3
3018 , 3013
1 , 1
63 , 61
3703 , 3701
10 , 2
535 , 533
13 , 8
37 , 35
1 , 0
7944 , 7939
7 , 1
648 , 648
2845 , 2843
1207 , 1205
31 , 29
3 , 0
81 , 81
751 , 725
2 , 0
1494 , 1492
35 , 33
208 , 206
59 , 59
1 , 1
292 , 290
660 , 655
18 , 16
2 , 0
4 , 2
1 , 0
9 , 7
19 , 17
3566 , 3540
1027 , 1025
1762 , 1760
5 , 5
8 , 8
5 , 3
199 , 197
323 , 321
174 , 166
7 , 0
2707 , 2705
41 , 23
1 , 0
1 , 0
23 , 21
23 , 0
1 , 0
778 , 778
45 , 42
5550 , 5550
429 , 427
583 , 581
1304 , 1278
8 , 0
100 , 98
61 , 59
7 , 4
147 , 145
16 , 16
3 , 3
5 , 0
1 , 1
520 , 518
3493 , 3491
1818 , 1816
2 , 0
6851 , 6848
3 , 0
3929 , 3929
8 , 6
2 , 0
68 , 68
5 , 0
3 , 1
769 , 762
1 , 0
7559 , 7559
226 , 226
16 , 8
7986 , 7981
1 , 1
51 , 49
286 , 257
15 , 13
439 , 439
3 , 1
7874 , 7868
121 , 119
516 , 516
1371 , 1366
7659 , 7657
1 , 0
11 , 6
29 , 29
1 , 0
2318 , 2289
781 , 778
2 , 0
4 , 0
8 , 3
34 , 31
3861 , 3859
1981 , 1979
3 , 1
1472 , 1467
4 , 0
68 , 65
266 , 266
106 , 88
69 , 69
81 , 79
315 , 309
5 , 3
20 , 20
2 , 0
1038 , 1038
23 , 0
19 , 13
4 , 0
297 , 290
2 , 2
32 , 30
66 , 64
2 , 0
11 , 9
2 , 0
3 , 1
1659 , 1657
2 , 0
3316 , 3314
10 , 4
1914 , 1912
32 , 30
1 , 0
133 , 131
2 , 0
257 , 239
53 , 53
105 , 103
69 , 67
506 , 504
17 , 17
1 , 0
4 , 1
10 , 10
14 , 0
1493 , 1491
5492 , 5490
8 , 6
7 , 5
57 , 55
23 , 15
4965 , 4959
134 , 134
2 , 0
1 , 1
33 , 33
691 , 689
2753 , 2748
530 , 504
1 , 0
410 , 408
74 , 68
320 , 320
4 , 2
421 , 416
6 , 0
3 , 3
1533 , 1528
8915 , 8908
2 , 0
4297 , 4297
1800 , 1792
645 , 643
5878 , 5873
1188 , 1188
28 , 26
9 , 9
1683 , 1665
7996 , 7994
10 , 8
6 , 0
120 , 117
2715 , 2713
33 , 31
4486 , 4484
3855 , 3852
2359 , 2357
4684 , 4678
124 , 121
718 , 716
3713 , 3711
194 , 194
1982 , 1980
66 , 64
1 , 0
2241 , 2239
20 , 0
1 , 0
227 , 222
1 , 0
322 , 320
2 , 0
9 , 7
2 , 0
132 , 109
129 , 129
4 , 2
229 , 227
20 , 18
217 , 190
2 , 2
4108 , 4106
3443 , 3441
28 , 25
948 , 948
2 , 2
273 , 271
5 , 3
8 , 6
1091 , 1065
24 , 24
6 , 6
7 , 5
7 , 2
6 , 0
12 , 12
9085 , 9083
5 , 3
4765 , 4765
5301 , 5295
1 , 0
8 , 6
4 , 4
3268 , 3263
325 , 323
2 , 0
8 , 5
832 , 832
2486 , 2484
20 , 20
501 , 499
6 , 0
133 , 131
5725 , 5723
195 , 189
9039 , 9037
563 , 545
39 , 36
699 , 697
3599 , 3597
5 , 5
2 , 2
765 , 758
2082 , 2077
581 , 581
33 , 31
2905 , 2905
1 , 0
2993 , 2987
6 , 4
142 , 140
7919 , 7919
480 , 480
37 , 10
158 , 153
2630 , 2628
555 , 553
1 , 1
877 , 875
308 , 303
2507 , 2489
3284 , 3282
22 , 14
4245 , 4243
1 , 0
2 , 2
418 , 416
12 , 12
357 , 331
7 , 5
221 , 194
130 , 128
78 , 72
1 , 0
647 , 645
3720 , 3720
103 , 101
20 , 18
3 , 0
6 , 4
6 , 4
6 , 4
2781 , 2779
234 , 232
1377 , 1375
632 , 630
121 , 119
2 , 0
20 , 18
742 , 740
9 , 7
535 , 517
446 , 444
1 , 0
1 , 0
14 , 12
941 , 936
1801 , 1796
955 , 950
142 , 140
779 , 777
135 , 133
20 , 20
248 , 230
270 , 270
1 , 0
57 , 55
363 , 345
577 , 577
426 , 424
14 , 9
16 , 11
1874 , 1869
88 , 86
29 , 27
230 , 225
1 , 0
939 , 937
2 , 0
19 , 17
190 , 188
117 , 115
5960 , 5958
4810 , 4808
7397 , 7395
4129 , 4129
2923 , 2923
34 , 32
9222 , 9220
26 , 26
2 , 0
571 , 544
209 , 180
222 , 222
72 , 70
442 , 436
3103 , 3101
6 , 0
8675 , 8673
1265 , 1239
6 , 4
3324 , 3319
35 , 29
477 , 475
29 , 23
5873 , 5871
2854 , 2852
3 , 3
440 , 440
35 , 32
12 , 12
1 , 0
584 , 584
28 , 28
7487 , 7485
4 , 2
226 , 224
41 , 15
336 , 330
654 , 648
2 , 2
1 , 0
393 , 391
13 , 11
108 , 103
252 , 246
745 , 743
5 , 0
1 , 0
657 , 655
741 , 739
1054 , 1054
1082 , 1082
14 , 9
2 , 0
572 , 532
2 , 0
7 , 5
93 , 93
1 , 0
1 , 0
576 , 574
781 , 779
148 , 148
1 , 0
2 , 0
9772 , 9745
4 , 2
296 , 296
11 , 6
1 , 0
42 , 40
187 , 187
7 , 2
340 , 322
4 , 2
5 , 3
2 , 2
2 , 2
1153 , 1148
4 , 2
338 , 336
2 , 0
6690 , 6664
473 , 471
113 , 111
5 , 2
24 , 22
9 , 7
7 , 4
1 , 0
18 , 16
4406 , 4406
266 , 264
452 , 450
36 , 36
12 , 6
1 , 1
6 , 4
27 , 25
258 , 258
98 , 96
160 , 158
637 , 632
337 , 335
10 , 0
3 , 1
82 , 77
403 , 401
4639 , 4637
68 , 63
1 , 0
2 , 0
808 , 806
1597 , 1597
24 , 22
139 , 137
1168 , 1168
3123 , 3123
109 , 107
4262 , 4254
229 , 229
4767 , 4765
23 , 21
5 , 3
606 , 604
96 , 89
7033 , 7033
165 , 163
5 , 3
3158 , 3158
2 , 0
2721 , 2719
912 , 905
2 , 0
450 , 448
1 , 0
37 , 35
11 , 9
27 , 27
20 , 17
637 , 635
596 , 596
19 , 17
1085 , 1083
1 , 1
6 , 0
3 , 1
1668 , 1668
11 , 9
2615 , 2613
102 , 99
5 , 3
528 , 520
64 , 58
1 , 0
207 , 201
4 , 0
66 , 64
5558 , 5551
1016 , 1016
4 , 0
4949 , 4942
43 , 14
1 , 0
21 , 21
2 , 0
17 , 12
180 , 178
2 , 0
11 , 11
2 , 0
59 , 57
65 , 60
3 , 1
4 , 4
3843 , 3838
139 , 139
209 , 207
3 , 0
53 , 30
18 , 13
2 , 0
9 , 7
20 , 14
17 , 17
3721 , 3719
3 , 1
8 , 6
2 , 0
1 , 0
2982 , 2980
5579 , 5579
20 , 20
267 , 261
2 , 0
1288 , 1286
8 , 6
13 , 10
29 , 11
3672 , 3672
3697 , 3695
170 , 168
469 , 469
9249 , 9247
689 , 689
1 , 0
740 , 734
97 , 95
10 , 5
2 , 0
1 , 0
190 , 161
11 , 9
59 , 57
32 , 30
1 , 1
317 , 315
1 , 0
474 , 456
57 , 55
8633 , 8628
1 , 0
45 , 27
1 , 0
38 , 38
4 , 4
2 , 0
2425 , 2419
1 , 0
29 , 27
277 , 275
6 , 4
4 , 4
9 , 9
143 , 116
1041 , 1041
50 , 48
9 , 7
292 , 290
10 , 8
3 , 3
298 , 296
8356 , 8327
1 , 0
1 , 0
9 , 7
284 , 258
3408 , 3406
5 , 3
1 , 0
2 , 0
4 , 2
276 , 274
4981 , 4979
4253 , 4224
1703 , 1674
2 , 0
287 , 285
136 , 136
101 , 99
5930 , 5930
3054 , 3052
80 , 57
3282 , 3280
59 , 59
1390 , 1385
26 , 8
1 , 0
4112 , 4107
310 , 304
211 , 211
19 , 19
41 , 41
27 , 27
11 , 9
16 , 11
1 , 1
33 , 33
1 , 0
2 , 0
135 , 133
5 , 3
293 , 293
5171 , 5145
7 , 5
43 , 43
217 , 215
8 , 5
21 , 19
841 , 841
278 , 276
1755 , 1755
699 , 694
2 , 0
17 , 15
9 , 7
2 , 2
1 , 1
129 , 129
6 , 6
3370 , 3368
234 , 234
8290 , 8285
150 , 150
63 , 61
1218 , 1216
885 , 883
6 , 4
245 , 219
147 , 144
655 , 609
629 , 629
258 , 256
31 , 29
7530 , 7525
691 , 689
6 , 4
155 , 129
257 , 257
1 , 0
4 , 2
2 , 0
319 , 317
3 , 1
1 , 1
1203 , 1201
268 , 239
14 , 9
1 , 0
1 , 0
4 , 4
1 , 1
2596 , 2567
1054 , 1048
7 , 0
5762 , 5760
6 , 6
1 , 0
46 , 44
59 , 41
483 , 456
21 , 21
336 , 318
1457 , 1434
1 , 0
4421 , 4419
4 , 2
13 , 7
2 , 0
245 , 243
1 , 0
135 , 133
56 , 53
93 , 91
1 , 0
1064 , 1046
7316 , 7314
1696 , 1691
134 , 129
520 , 518
3 , 0
35 , 30
4 , 2
198 , 196
19 , 11
642 , 640
2424 , 2422
2449 , 2447
2 , 0
1 , 0
67 , 61
3 , 1
2 , 0
2 , 0
16 , 14
1716 , 1714
53 , 51
2191 , 2145
2 , 0
1 , 0
177 , 172
12 , 10
4 , 2
36 , 36
7808 , 7808
324 , 322
103 , 103
16 , 14
639 , 637
68 , 68
7876 , 7874
34 , 28
82 , 56
894 , 892
13 , 8
8 , 5
3 , 0
1 , 0
44 , 42
11 , 9
1 , 0
16 , 11
3 , 0
2 , 0
2 , 0
2981 , 2981
41 , 39
13 , 11
3 , 0
5 , 0
11 , 0
2 , 0
445 , 443
53 , 48
2 , 0
2130 , 2130
5 , 3
1027 , 1019
254 , 249
580 , 578
3 , 3
87 , 82
2 , 0
354 , 352
1 , 0
1 , 0
363 , 361
21 , 19
1888 , 1886
1 , 0
303 , 301
31 , 29
28 , 26
1905 , 1905
1 , 1
6 , 4
2 , 2
1 , 1
10 , 8
1 , 0
4 , 4
5 , 3
3 , 0
66 , 59
3 , 1
2358 , 2356
770 , 768
1 , 1
304 , 302
61 , 61
1 , 0
31 , 29
37 , 35
751 , 751
2 , 0
118 , 100
4 , 2
83 , 81
1 , 0
1 , 1
5 , 3
1 , 0
68 , 39
2 , 2
178 , 138
3602 , 3597
663 , 658
2338 , 2338
38 , 36
2586 , 2584
520 , 518
2 , 0
59 , 57
97 , 95
72 , 70
7725 , 7723
18 , 16
324 , 319
59 , 56
4 , 2
14 , 14
235 , 233
688 , 686
17 , 17
1 , 0
6 , 1
8375 , 8375
376 , 376
594 , 586
66 , 66
1 , 0
279 , 277
1 , 1
5 , 0
3190 , 3185
2 , 2
671 , 669
1 , 1
3730 , 3728
9 , 6
2 , 0
3293 , 3288
225 , 223
1177 , 1177
1172 , 1170
3640 , 3638
5264 , 5235
3851 , 3846
6 , 6
2 , 0
4 , 1
125 , 123
1 , 0
2506 , 2504
748 , 748
196 , 194
16 , 16
2 , 0
1 , 0
18 , 16
4300 , 4298
1 , 0
2 , 0
5852 , 5850
1648 , 1642
1 , 0
2 , 0
6 , 6
304 , 299
18 , 16
6 , 4
10 , 8
869 , 862
3 , 0
1 , 0
43 , 43
1 , 0
5843 , 5843
149 , 146
2 , 0
10 , 8
1 , 0
36 , 34
143 , 141
10 , 10
70 , 70
198 , 196
3 , 3
70 , 68
9 , 7
1468 , 1466
173 , 171
8566 , 8561
116 , 114
22 , 20
1 , 1
837 , 835
385 , 345
7141 , 7139
628 , 626
1145 , 1140
467 , 465
7 , 5
3318 , 3316
3602 , 3599
3583 , 3581
1442 , 1440
2266 , 2258
1266 , 1220
10 , 10
188 , 148
27 , 0
147 , 124
5317 , 5315
1 , 0
1978 , 1976
272 , 270
154 , 154
330 , 330
13 , 11
53 , 48
6178 , 6176
911 , 909
19 , 17
119 , 119
375 , 373
12 , 12
4 , 2
1591 , 1591
9814 , 9812
514 , 514
15 , 13
8183 , 8183
2366 , 2364
19 , 17
225 , 225
1718 , 1718
110 , 108
398 , 393
28 , 28
487 , 485
874 , 872
23 , 23
4 , 0
486 , 484
30 , 28
1 , 0
1 , 0
67 , 67
111 , 109
42 , 42
3 , 1
1 , 0
304 , 302
7 , 5
1854 , 1828
5124 , 5122
3799 , 3781
16 , 14
5 , 3
167 , 165
192 , 192
1 , 0
1290 , 1288
190 , 188
7 , 7
33 , 33
621 , 619
160 , 155
43 , 38
1 , 0
1 , 0
3878 , 3876
7 , 5
270 , 264
606 , 604
152 , 150
128 , 126
385 , 377
2 , 0
318 , 316
7 , 4
632 , 632
8 , 6
133 , 104
95 , 93
13 , 11
15 , 13
199 , 199
101 , 99
438 , 438
4522 , 4522
4 , 0
41 , 39
1668 , 1662
1 , 0
613 , 613
177 , 175
211 , 209
39 , 37
9213 , 9205
11 , 9
56 , 30
1 , 0
96 , 96
17 , 12
8 , 6
984 , 984
1 , 0
110 , 108
7 , 5
23 , 21
6 , 6
4 , 2
170 , 165
12 , 7
3032 , 3003
992 , 990
5 , 3
1 , 0
5331 , 5331
1 , 0
2 , 0
1 , 0
987 , 985
1 , 0
3541 , 3539
53 , 51
40 , 37
106 , 79
9876 , 9874
8601 , 8599
6036 , 6034
6 , 4
2 , 0
17 , 12
1327 , 1319
409 , 406
837 , 835
4 , 1
7 , 7
132 , 130
13 , 11
1 , 0
8 , 3
11 , 9
459 , 457
9921 , 9903
2437 , 2434
75 , 73
5 , 0
6182 , 6180
18 , 10
106 , 104
74 , 66
4205 , 4200
3 , 1
35 , 33
9 , 7
38 , 33
47 , 47
1493 , 1491
14 , 11
60 , 58
111 , 109
8 , 3
37 , 35
1 , 1
1 , 0
6 , 1
94 , 88
4 , 2
1 , 1
1 , 0
1659 , 1656
23 , 21
918 , 916
1 , 1
1085 , 1083
51 , 48
31 , 2
3569 , 3567
216 , 214
5324 , 5306
13 , 13
1 , 0
266 , 266
32 , 30
748 , 743
6 , 4
3 , 1
21 , 21
26 , 26
12 , 12
942 , 940
45 , 45
5 , 5
2251 , 2222
91 , 85
1 , 0
2922 , 2922
456 , 454
5965 , 5963
241 , 241
7972 , 7969
1 , 0
5212 , 5209
15 , 13
637 , 635
2 , 2
3 , 0
2 , 2
327 , 322
1732 , 1732
1 , 0
132 , 132
4 , 1
26 , 0
3 , 1
70 , 70
299 , 297
1 , 0
8 , 0
1643 , 1641
1 , 0
2 , 0
1594 , 1586
536 , 531
7 , 5
21 , 19
2 , 0
4079 , 4079
106 , 80
1047 , 1045
174 , 172
683 , 683
5984 , 5982
8959 , 8957
6679 , 6653
11 , 9
2 , 0
10 , 7
503 , 498
230 , 225
1 , 0
1 , 0
643 , 641
151 , 151
10 , 5
4 , 2
7 , 7
2067 , 2065
479 , 479
1 , 1
19 , 19
2508 , 2508
34 , 32
2 , 0
117 , 99
1780 , 1778
4 , 2
5 , 0
1 , 0
17 , 9
7738 , 7738
6 , 3
188 , 188
3122 , 3114
6 , 4
10 , 10
221 , 219
4 , 4
39 , 37
2356 , 2354
23 , 15
17 , 17
13 , 5
329 , 329
743 , 741
1 , 0
39 , 37
6 , 6
29 , 23
1 , 1
2 , 0
11 , 9
5 , 3
81 , 79
30 , 28
693 , 691
11 , 11
1648 , 1648
43 , 0
2 , 0
2 , 0
3155 , 3155
5 , 3
16 , 14
297 , 295
1968 , 1966
41 , 41
2060 , 2031
15 , 13
1 , 0
181 , 155
1 , 0
30 , 28
2034 , 2007
323 , 321
1 , 0
108 , 108
1034 , 1034
27 , 25
79 , 53
26 , 24
6717 , 6717
1853 , 1853
1 , 0
6 , 4
380 , 380
1 , 0
1 , 0
58 , 52
81 , 78
8840 , 8840
1342 , 1337
1010 , 1005
10 , 0
839 , 837
72 , 69
2 , 0
8001 , 8001
1 , 0
3777 , 3772
201 , 201
190 , 188
3926 , 3926
29 , 23
57 , 52
1 , 0
3834 , 3832
23 , 0
2499 , 2497
26 , 24
4 , 2
109 , 83
34 , 32
5420 , 5393
824 , 822
2 , 0
1 , 0
5 , 3
2 , 0
7812 , 7794
1492 , 1487
18 , 18
20 , 20
1871 , 1868
1 , 0
1347 , 1345
8 , 2
2 , 0
1 , 0
2 , 0
3528 , 3528
135 , 133
934 , 932
73 , 71
3932 , 3927
1347 , 1341
1 , 0
36 , 34
109 , 107
3 , 0
991 , 989
315 , 313
5 , 2
1 , 0
13 , 11
45 , 43
22 , 19
1863 , 1861
126 , 126
201 , 199
42 , 42
4089 , 4087
2742 , 2724
1 , 1
1 , 0
6 , 1
5 , 0
1 , 0
25 , 23
423 , 421
1373 , 1371
1333 , 1331
10 , 0
558 , 556
73 , 73
265 , 265
1169 , 1167
4648 , 4646
1 , 0
6114 , 6109
1 , 0
264 , 264
419 , 417
6072 , 6070
4 , 0
3 , 1
2 , 2
9 , 7
83 , 81
143 , 141
34 , 26
45 , 43
128 , 122
68 , 66
594 , 592
8628 , 8626
494 , 492
659 , 657
29 , 27
347 , 347
142 , 140
8152 , 8150
1 , 0
2570 , 2568
20 , 17
7434 , 7432
18 , 18
94 , 92
172 , 170
478 , 473
389 , 384
48 , 46
1351 , 1351
206 , 204
82 , 82
1604 , 1599
5 , 3
4517 , 4515
1798 , 1796
5352 , 5350
2 , 0
5997 , 5992
142 , 140
1730 , 1712
7 , 5
17 , 15
6 , 0
1428 , 1428
9398 , 9371
85 , 58
5359 , 5357
1 , 1
91 , 89
22 , 20
24 , 22
2 , 2
181 , 179
1631 , 1631
173 , 170
6 , 4
1454 , 1454
203 , 198
518 , 510
1738 , 1738
3682 , 3676
7048 , 7048
335 , 309
6230 , 6203
8267 , 8262
3701 , 3699
884 , 884
1094 , 1067
3667 , 3640
54 , 52
104 , 102
236 , 236
32 , 27
5 , 3
206 , 204
1 , 0
715 , 712
128 , 126
100 , 94
1 , 1
892 , 890
219 , 217
5281 , 5279
34 , 28
5 , 3
27 , 25
5 , 3
34 , 16
15 , 13
169 , 169
2 , 0
93 , 91
6 , 6
817 , 809
4699 , 4694
10 , 8
508 , 506
9 , 6
1727 , 1727
1 , 0
961 , 956
3 , 3
3 , 3
1 , 1
2151 , 2151
1025 , 1025
522 , 520
21 , 18
4 , 0
150 , 124
83 , 81
6 , 0
1 , 0
256 , 254
1 , 0
9 , 0
1 , 0
6 , 0
733 , 728
170 , 170
417 , 417
15 , 13
42 , 40
12 , 12
15 , 7
1 , 0
20 , 20
395 , 393
10 , 5
12 , 10
13 , 11
43 , 25
741 , 735
39 , 0
12 , 10
182 , 180
45 , 42
3109 , 3109
158 , 135
47 , 45
524 , 524
2330 , 2327
4 , 4
974 , 974
1 , 1
3240 , 3240
46 , 43
253 , 227
419 , 419
280 , 278
7 , 0
51 , 49
128 , 128
6 , 6
34 , 28
36 , 36
655 , 653
2236 , 2231
655 , 647
1918 , 1916
28 , 28
1 , 1
1 , 0
3826 , 3826
7 , 2
1 , 0
86 , 84
290 , 288
12 , 7
60 , 60
2078 , 2076
2 , 0
350 , 350
9 , 9
3233 , 3231
1789 , 1787
2 , 0
431 , 405
6 , 6
45 , 45
138 , 133
806 , 804
9428 , 9428
361 , 361
1 , 0
2481 , 2476
3356 , 3356
73 , 71
1 , 0
3241 , 3239
2779 , 2777
203 , 201
3 , 1
824 , 824
1 , 0
397 , 397
1099 , 1097
11 , 6
83 , 81
1 , 0
21 , 21
1571 , 1566
12 , 12
4 , 2
1347 , 1347
2 , 0
1470 , 1468
8 , 6
18 , 16
191 , 191
10 , 8
1 , 1
210 , 205
8 , 0
8 , 0
350 , 348
1 , 1
33 , 31
2452 , 2450
27 , 25
3 , 3
1 , 0
252 , 249
38 , 36
216 , 214
6 , 4
9045 , 9005
4248 , 4243
5 , 0
5 , 3
1 , 0
1768 , 1766
3 , 1
6 , 4
1 , 0
880 , 878
39 , 39
1354 , 1352
2677 , 2677
5047 , 5045
1 , 1
232 , 224
2 , 0
34 , 32
174 , 145
1831 , 1831
9638 , 9636
3255 , 3253
59 , 57
27 , 25
283 , 281
19 , 1
45 , 45
2 , 0
1814 , 1809
18 , 16
3 , 1
3106 , 3099
181 , 179
131 , 131
2 , 0
3462 , 3460
1 , 1
2 , 2
117 , 115
59 , 56
2915 , 2913
21 , 16
4 , 2
89 , 84
5 , 3
6 , 4
123 , 96
4859 , 4859
16 , 14
140 , 138
2883 , 2877
4 , 4
2160 , 2155
1183 , 1181
6 , 4
2 , 0
40 , 40
2018 , 2016
162 , 160
489 , 484
22 , 20
1 , 1
31 , 29
670 , 670
141 , 135
125 , 123
4 , 2
11 , 9
1476 , 1476
3 , 0
153 , 151
1 , 0
2879 , 2874
2 , 0
6280 , 6277
260 , 260
475 , 475
6712 , 6707
3 , 3
27 , 25
1515 , 1513
93 , 91
1108 , 1103
7 , 0
62 , 62
8352 , 8350
1 , 1
1528 , 1526
12 , 9
1 , 0
48 , 48
4 , 2
134 , 127
2400 , 2398
1 , 1
1742 , 1742
6632 , 6632
57 , 39
6270 , 6268
405 , 403
1 , 1
6 , 4
2 , 0
3 , 0
9127 , 9127
2715 , 2710
15 , 13
734 , 694
1883 , 1883
229 , 227
33 , 33
60 , 33
385 , 377
3 , 0
3227 , 3227
2364 , 2362
8 , 6
2 , 0
6 , 0
169 , 167
87 , 87
28 , 28
9249 , 9247
1200 , 1174
565 , 560
20 , 18
44 , 42
1 , 1
1 , 0
2 , 0
393 , 393
5 , 0
1 , 0
73 , 71
20 , 20
140 , 138
28 , 28
192 , 163
8 , 1
228 , 226
322 , 322
11 , 9
8112 , 8110
539 , 537
210 , 208
8097 , 8095
110 , 108
23 , 23
7438 , 7436
6 , 6
115 , 109
1541 , 1541
5 , 0
21 , 0
3 , 0
282 , 280
7 , 0
15 , 15
57 , 17
251 , 249
34 , 32
12 , 7
672 , 672
523 , 521
5841 , 5841
4 , 0
56 , 56
3 , 1
1679 , 1677
13 , 11
47 , 45
441 , 439
3027 , 3027
267 , 265
5247 , 5242
4 , 2
34 , 34
10 , 8
3 , 3
698 , 696
1863 , 1861
1 , 0
1 , 0
960 , 957
175 , 149
2547 , 2545
8769 , 8743
289 , 289
16 , 14
702 , 697
12 , 10
1 , 0
2 , 2
318 , 318
4 , 0
15 , 15
164 , 162
9 , 4
923 , 921
30 , 28
81 , 73
21 , 21
135 , 133
324 , 286
1361 , 1359
2617 , 2615
5092 , 5092
198 , 195
40 , 38
5906 , 5877
5 , 3
6800 , 6798
3 , 1
821 , 819
1348 , 1346
18 , 16
8 , 6
6996 , 6994
2 , 0
1 , 0
5 , 3
1936 , 1936
1911 , 1882
1 , 1
1 , 0
26 , 21
131 , 129
5 , 0
40 , 35
198 , 192
271 , 271
2 , 0
104 , 99
1077 , 1069
5 , 5
51 , 49
81 , 79
28 , 26
7055 , 7055
670 , 652
5002 , 5000
25 , 0
4 , 4
26 , 23
85 , 83
18 , 16
3817 , 3794
23 , 21
2359 , 2357
2114 , 2112
1 , 0
234 , 226
3 , 3
403 , 403
4 , 0
420 , 418
108 , 106
57 , 55
302 , 264
30 , 27
11 , 0
535 , 535
3 , 0
2009 , 2009
12 , 10
1 , 0
37 , 37
25 , 23
96 , 70
15 , 13
2173 , 2171
2690 , 2690
9916 , 9916
25 , 23
3 , 0
1823 , 1821
266 , 237
41 , 39
159 , 157
340 , 313
67 , 64
3 , 3
23 , 0
191 , 189
100 , 100
1 , 0
7482 , 7480
2593 , 2591
164 , 159
115 , 110
4681 , 4679
1 , 0
926 , 924
133 , 131
34 , 32
5 , 3
5 , 5
20 , 17
1 , 1
40 , 11
4841 , 4839
86 , 86
2401 , 2383
89 , 89
9727 , 9701
4 , 2
236 , 236
1171 , 1169
88 , 59
20 , 18
1 , 1
1 , 0
3571 , 3569
8896 , 8894
4447 , 4442
2 , 0
13 , 11
145 , 143
11 , 9
11 , 9
2 , 0
141 , 141
1528 , 1499
8344 , 8342
32 , 32
1519 , 1513
2 , 0
42 , 36
7423 , 7423
4900 , 4871
203 , 201
7 , 7
19 , 1
2 , 0
702 , 702
7845 , 7843
13 , 13
2558 , 2556
196 , 170
14 , 12
28 , 28
4 , 2
17 , 12
5 , 5
73 , 71
1762 , 1760
2 , 2
1041 , 1033
299 , 271
10 , 0
3966 , 3964
349 , 347
1 , 0
1145 , 1143
14 , 12
19 , 19
560 , 554
2878 , 2872
2 , 0
4 , 4
1 , 1
3 , 1
1578 , 1576
179 , 177
999 , 991
1206 , 1204
790 , 788
897 , 897
7 , 5
5669 , 5642
1461 , 1459
52 , 50
7376 , 7371
8380 , 8378
3836 , 3812
4453 , 4451
5 , 3
189 , 187
65 , 60
181 , 181
379 , 376
16 , 16
1404 , 1399
431 , 428
1 , 0
5798 , 5796
4 , 1
165 , 163
1599 , 1591
20 , 18
8 , 6
46 , 41
921 , 919
31 , 29
5 , 3
5 , 3
23 , 21
925 , 925
46 , 40
602 , 600
1 , 0
25 , 25
82 , 77
527 , 521
66 , 58
43 , 40
474 , 468
1 , 0
2984 , 2982
31 , 29
2 , 2
2 , 0
25 , 0
86 , 86
95 , 93
909 , 907
22 , 20
2 , 0
145 , 121
1723 , 1723
165 , 165
3 , 0
5607 , 5605
3481 , 3479
405 , 403
18 , 18
562 , 560
135 , 135
883 , 881
440 , 413
110 , 108
52 , 50
2 , 0
1073 , 1067
81 , 81
8 , 6
1910 , 1910
1 , 0
4 , 2
161 , 159
7 , 5
2 , 0
553 , 551
29 , 24
5 , 5
3 , 1
1 , 0
6 , 4
3233 , 3233
59 , 57
2176 , 2171
6 , 0
4 , 0
264 , 262
2 , 0
4661 , 4659
45 , 43
236 , 234
1 , 1
2 , 2
765 , 763
2 , 0
14 , 9
4 , 2
2857 , 2855
438 , 436
7179 , 7179
233 , 231
1 , 0
6 , 4
4758 , 4756
8 , 0
5616 , 5614
8990 , 8972
141 , 139
49 , 47
49 , 47
110 , 108
385 , 361
86 , 84
10 , 8
52 , 49
418 , 418
8 , 6
2023 , 2023
10 , 0
8 , 8
88 , 86
295 , 295
174 , 172
1897 , 1892
5 , 5
1 , 1
1 , 0
2109 , 2106
2 , 0
1403 , 1403
82 , 80
100 , 98
116 , 89
4 , 0
45 , 43
6 , 4
290 , 284
123 , 123
145 , 143
11 , 0
4 , 2
1 , 0
420 , 393
54 , 49
4062 , 4060
6124 , 6118
85 , 80
2215 , 2213
8 , 0
47 , 41
1 , 0
19 , 19
161 , 159
30 , 30
46 , 44
7914 , 7914
34 , 32
33 , 31
587 , 587
4 , 4
3231 , 3231
2 , 0
40 , 38
346 , 319
5952 , 5934
1 , 0
2 , 0
13 , 11
2128 , 2122
5 , 3
1 , 0
687 , 687
8 , 8
8985 , 8983
1 , 1
47 , 45
7021 , 7019
2 , 2
4672 , 4672
7 , 7
135 , 133
4 , 2
145 , 137
417 , 417
872 , 870
2 , 2
6198 , 6198
2 , 0
804 , 804
56 , 56
1667 , 1665
5 , 3
2097 , 2095
20 , 18
34 , 32
1 , 0
262 , 260
1 , 1
91 , 91
3688 , 3686
1843 , 1841
4 , 1
1 , 1
1 , 1
33 , 33
13 , 7
1 , 0
180 , 178
15 , 0
9809 , 9807
1 , 0
11 , 11
71 , 47
44 , 26
306 , 304
412 , 410
166 , 166
966 , 963
3973 , 3935
1373 , 1370
1 , 1
8703 , 8701
162 , 162
21 , 19
31 , 29
1647 , 1641
3277 , 3272
3980 , 3978
147 , 145
1 , 0
1787 , 1785
5790 , 5766
201 , 174
1 , 0
40 , 38
21 , 19
4 , 1
91 , 88
7 , 7
37 , 37
1 , 1
19 , 17
1437 , 1430
820 , 799
50 , 43
89 , 87
696 , 689
27 , 22
645 , 637
832 , 832
56 , 56
2711 , 2709
2 , 0
660 , 658
2075 , 2073
2118 , 2118
226 , 224
276 , 274
286 , 283
198 , 173
40 , 40
3 , 0
1 , 0
12 , 10
3 , 1
1 , 0
526 , 518
56 , 54
1 , 0
8 , 3
55 , 53
1 , 0
75 , 73
60 , 54
760 , 758
515 , 513
3 , 1
1978 , 1976
4228 , 4228
3499 , 3497
1 , 0
69 , 44
3 , 3
1772 , 1764
122 , 120
6590 , 6588
1897 , 1890
3040 , 3038
3 , 1
190 , 188
913 , 895
153 , 147
3201 , 3176
364 , 364
9277 , 9277
2998 , 2960
16 , 16
66 , 63
149 , 122
26 , 20
1690 , 1663
7 , 5
24 , 22
44 , 38
9 , 9
31 , 29
20 , 18
286 , 286
8682 , 8655
2 , 0
350 , 348
1143 , 1141
653 , 653
816 , 816
84 , 79
5783 , 5765
9768 , 9766
4 , 0
1004 , 983
5 , 5
6 , 6
1729 , 1724
9 , 7
33 , 25
91 , 89
3558 , 3556
3 , 3
2073 , 2073
65 , 63
2535 , 2533
18 , 15
515 , 512
7 , 4
92 , 87
1 , 0
1897 , 1897
2 , 0
796 , 772
116 , 116
2 , 0
183 , 178
4 , 2
3502 , 3481
1 , 0
5445 , 5443
7983 , 7981
2351 , 2344
2 , 0
2 , 0
1 , 0
3069 , 3067
2 , 2
658 , 656
18 , 18
2 , 0
9775 , 9772
7663 , 7661
7403 , 7401
4777 , 4775
24 , 22
5 , 0
97 , 97
2 , 0
2 , 2
1243 , 1241
6793 , 6793
86 , 84
4 , 0
394 , 367
440 , 440
2005 , 2003
7 , 5
332 , 332
257 , 257
255 , 255
1 , 0
4937 , 4912
6 , 4
60 , 55
114 , 109
1 , 0
1 , 0
476 , 476
40 , 40
8261 , 8259
4 , 0
7823 , 7823
4147 , 4120
21 , 21
1 , 1
2476 , 2471
2 , 0
1666 , 1664
3 , 1
3979 , 3979
1 , 0
1 , 0
1023 , 1021
7 , 5
8015 , 8015
52 , 50
332 , 324
56 , 35
56 , 51
4 , 2
250 , 250
70 , 68
1 , 0
703 , 698
2 , 2
1 , 0
713 , 711
70 , 46
23 , 0
16 , 10
4 , 1
2046 , 2041
618 , 616
2 , 0
158 , 156
8684 , 8682
208 , 208
1919 , 1894
186 , 184
1779 , 1777
515 , 515
41 , 41
69 , 51
647 , 642
136 , 134
1 , 0
3 , 1
8814 , 8812
74 , 72
1 , 0
26 , 24
145 , 143
5 , 2
5 , 3
19 , 13
635 , 635
3059 , 3054
3 , 1
7 , 4
1 , 0
2 , 0
314 , 314
40 , 38
1710 , 1708
585 , 582
5 , 5
14 , 12
247 , 247
433 , 431
9230 , 9230
2494 , 2491
1732 , 1732
3000 , 3000
312 , 310
87 , 85
3 , 0
1 , 0
22 , 22
3 , 3
2 , 2
4101 , 4101
809 , 806
9347 , 9347
11 , 8
6217 , 6217
263 , 261
239 , 239
69 , 67
1255 , 1253
2485 , 2480
2 , 0
35 , 17
150 , 150
174 , 156
512 , 512
1 , 0
1 , 0
402 , 381
1 , 0
15 , 13
427 , 424
110 , 108
11 , 9
81 , 79
5 , 5
148 , 146
484 , 479
154 , 130
576 , 574
3 , 1
627 , 603
77 , 75
1 , 0
3 , 1
1 , 0
24 , 24
336 , 334
2 , 0
2750 , 2748
1 , 1
216 , 213
1972 , 1967
1966 , 1966
1745 , 1745
3252 , 3225
40 , 35
6 , 1
10 , 8
6094 , 6070
53 , 51
3 , 3
14 , 14
20 , 18
1976 , 1974
37 , 35
21 , 16
40 , 38
65 , 60
1 , 0
24 , 24
5442 , 5440
1 , 0
1197 , 1195
230 , 228
2 , 2
206 , 204
31 , 29
33 , 31
67 , 64
12 , 5
27 , 25
2787 , 2785
1460 , 1453
4969 , 4951
680 , 678
2167 , 2167
559 , 559
65 , 60
248 , 246
1247 , 1247
13 , 10
28 , 21
253 , 251
6 , 4
9388 , 9386
25 , 19
2 , 0
3 , 1
705 , 703
699 , 697
6051 , 6051
3 , 0
1 , 0
65 , 63
2 , 0
140 , 140
1 , 1
5 , 5
440 , 440
9 , 7
1 , 1
1984 , 1982
1451 , 1446
286 , 260
1 , 0
12 , 12
97 , 79
40 , 40
2 , 0
169 , 167
375 , 373
6083 , 6081
2620 , 2618
10 , 10
1 , 0
109 , 91
34 , 32
111 , 109
245 , 227
896 , 871
54 , 52
5 , 3
463 , 457
954 , 952
20 , 2
5 , 0
1613 , 1611
13 , 13
1216 , 1210
3 , 1
1315 , 1313
65 , 63
1487 , 1482
16 , 14
973 , 971
64 , 58
193 , 191
8835 , 8833
3 , 1
449 , 424
2557 , 2554
534 , 534
1 , 0
2 , 0
1 , 1
9947 , 9945
11 , 5
998 , 992
35 , 0
211 , 211
2 , 0
83 , 81
196 , 194
4910 , 4907
1655 , 1653
1340 , 1338
2 , 0
1 , 0
8 , 2
2073 , 2071
73 , 73
4 , 2
333 , 331
5967 , 5965
1284 , 1282
3 , 0
2 , 0
94 , 92
100 , 98
161 , 156
5629 , 5629
39 , 37
20 , 20
5444 , 5442
3506 , 3504
1002 , 1000
3 , 1
111 , 105
511 , 509
20 , 0
4770 , 4752
1 , 1
3561 , 3559
3 , 0
1 , 0
9 , 9
3326 , 3300
3028 , 3023
95 , 95
7261 , 7255
15 , 13
127 , 127
609 , 591
15 , 0
3 , 0
331 , 329
1 , 0
2 , 0
18 , 16
3255 , 3255
2431 , 2426
1185 , 1183
6 , 4
2188 , 2188
374 , 372
588 , 586
2 , 2
361 , 359
1 , 0
1 , 0
278 , 278
217 , 217
17 , 15
4103 , 4098
4346 , 4341
45 , 43
12 , 12
58 , 56
4992 , 4984
82 , 82
10 , 8
8 , 0
9841 , 9839
138 , 112
6 , 6
25 , 23
638 , 638
1 , 0
881 , 881
6 , 1
624 , 616
1 , 0
3 , 0
1571 , 1571
82 , 80
2 , 2
1617 , 1612
1 , 0
87 , 85
11 , 9
2 , 2
5 , 3
2162 , 2160
58 , 56
15 , 10
695 , 693
4 , 4
1485 , 1480
34 , 34
772 , 770
15 , 13
156 , 154
4 , 0
2239 , 2237
189 , 189
180 , 180
1204 , 1202
408 , 408
204 , 202
8 , 6
9207 , 9181
2 , 2
4098 , 4096
1322 , 1315
15 , 13
192 , 190
36 , 34
106 , 100
28 , 26
1080 , 1054
278 , 257
7 , 7
6669 , 6669
245 , 243
22 , 20
1 , 0
35 , 33
96 , 96
5 , 3
86 , 86
3 , 0
4301 , 4275
217 , 215
1 , 0
3905 , 3903
2 , 0
2174 , 2174
15 , 13
5 , 0
4537 , 4537
19 , 16
2 , 0
45 , 43
6 , 4
12 , 7
1 , 0
13 , 0
1 , 1
2 , 2
765 , 765
11 , 0
403 , 403
30 , 30
319 , 319
2 , 0
1 , 0
234 , 232
152 , 150
58 , 56
101 , 96
3 , 0
7 , 5
43 , 41
1 , 0
1 , 0
1 , 0
81 , 45
3591 , 3589
3385 , 3369
4 , 4
883 , 880
1 , 0
13 , 11
62 , 62
32 , 29
70 , 68
1675 , 1672
653 , 653
11 , 11
18 , 18
831 , 825
21 , 19
25 , 23
69 , 46
4 , 0
81 , 79
82 , 79
6805 , 6805
4117 , 4115
1919 , 1903
96 , 60
8 , 6
2619 , 2619
463 , 458
885 , 885
1 , 0
512 , 510
19 , 14
2 , 2
6 , 1
84 , 82
35 , 33
3 , 1
5823 , 5823
8662 , 8660
5 , 3
18 , 0
4749 , 4746
6 , 4
222 , 206
7 , 2
3593 , 3587
8 , 6
2 , 2
1214 , 1209
1342 , 1322
2832 , 2829
6315 , 6313
3000 , 2998
180 , 178
147 , 147
118 , 116
8723 , 8715
1 , 0
390 , 388
62 , 40
5 , 3
276 , 271
703 , 698
12 , 7
1373 , 1367
50 , 47
166 , 164
1 , 1
2117 , 2117
13 , 11
4 , 2
43 , 41
80 , 80
9436 , 9412
3 , 3
172 , 172
688 , 688
10 , 2
158 , 142
266 , 264
1 , 0
802 , 800
3812 , 3786
6590 , 6588
5 , 5
810 , 786
63 , 55
122 , 122
394 , 394
7111 , 7109
40 , 38
2 , 0
8 , 6
79 , 77
9367 , 9367
643 , 643
4 , 4
4580 , 4578
1614 , 1612
1370 , 1344
12 , 12
4 , 0
9 , 2
51 , 49
170 , 168
37 , 35
45 , 45
3180 , 3175
40 , 38
8540 , 8516
1722 , 1720
469 , 467
63 , 38
1 , 1
60 , 52
62 , 54
723 , 723
1067 , 1061
1 , 0
1 , 0
7903 , 7901
1 , 0
27 , 25
2978 , 2978
3291 , 3289
2 , 0
3 , 1
1 , 0
1 , 0
40 , 38
25 , 25
1503 , 1478
65 , 63
1153 , 1153
12 , 10
1452 , 1450
52 , 50
42 , 40
22 , 20
1419 , 1417
10 , 0
198 , 174
2 , 2
462 , 446
2 , 2
859 , 857
245 , 243
6 , 4
1 , 0
84 , 68
8891 , 8889
36 , 36
1997 , 1995
952 , 950
1734 , 1732
9 , 3
1470 , 1468
29 , 27
156 , 154
59 , 59
7 , 5
44 , 42
3157 , 3155
9945 , 9943
188 , 186
1 , 1
4 , 2
544 , 539
670 , 670
410 , 408
1 , 0
10 , 0
27 , 5
9 , 9
933 , 933
22 , 20
4387 , 4384
592 , 590
721 , 719
2 , 2
66 , 44
5005 , 4999
7684 , 7660
67 , 51
45 , 25
7174 , 7172
7524 , 7519
679 , 679
6649 , 6647
1 , 1
9878 , 9876
1 , 0
2668 , 2668
3704 , 3688
109 , 107
2317 , 2310
628 , 626
2 , 0
1 , 0
2 , 0
118 , 118
4508 , 4506
85 , 83
18 , 18
70 , 65
512 , 510
1 , 0
124 , 102
1 , 0
43 , 43
20 , 20
1 , 0
403 , 401
41 , 41
8903 , 8901
15 , 9
57 , 55
26 , 24
125 , 125
262 , 238
1 , 0
60 , 55
818 , 816
489 , 487
416 , 414
6695 , 6693
37 , 21
74 , 71
834 , 834
4027 , 4007
357 , 355
1411 , 1411
241 , 239
200 , 197
182 , 180
147 , 147
33 , 31
239 , 237
9555 , 9553
874 , 872
5552 , 5552
34 , 34
666 , 664
86 , 86
376 , 376
3977 , 3955
25 , 20
37 , 35
4160 , 4155
4 , 2
23 , 21
13 , 0
140 , 120
53 , 48
1 , 0
1 , 0
3 , 1
1743 , 1741
434 , 432
105 , 103
8 , 6
98 , 92
1482 , 1480
1 , 1
1218 , 1211
145 , 145
58 , 36
1 , 1
2241 , 2221
34 , 31
4435 , 4435
2395 , 2393
28 , 26
1426 , 1418
472 , 466
250 , 248
902 , 897
5 , 5
1 , 1
1045 , 1045
151 , 148
9946 , 9944
178 , 176
112 , 112
100 , 100
15 , 15
6 , 0
3 , 0
85 , 83
92 , 90
27 , 24
189 , 187
5515 , 5494
51 , 51
62 , 46
32 , 30
231 , 231
263 , 261
705 , 703
1 , 0
39 , 31
12 , 7
164 , 162
69 , 69
9 , 9
95 , 88
4830 , 4828
981 , 981
1112 , 1110
53 , 48
12 , 10
5783 , 5781
1342 , 1340
4153 , 4128
6965 , 6963
8 , 0
5474 , 5472
7 , 5
143 , 141
46 , 25
14 , 14
13 , 6
134 , 113
14 , 12
1 , 0
13 , 0
4342 , 4340
5406 , 5390
13 , 11
8 , 6
1 , 1
2 , 0
76 , 70
5000 , 4976
15 , 13
7 , 5
34 , 34
1 , 0
7 , 5
1 , 0
31 , 29
58 , 58
23 , 23
1 , 0
4 , 2
46 , 23
1409 , 1409
1 , 0
73 , 71
4 , 0
58 , 58
17 , 12
1 , 0
9 , 7
1016 , 1014
2 , 0
924 , 922
7 , 2
53 , 51
7160 , 7158
218 , 216
8936 , 8934
43 , 43
75 , 75
49 , 47
4 , 2
43 , 41
2683 , 2667
154 , 152
572 , 572
2322 , 2320
2101 , 2099
1 , 0
136 , 136
1 , 0
2489 , 2487
5425 , 5423
84 , 82
2 , 0
156 , 131
93 , 91
3270 , 3268
41 , 39
2 , 0
1427 , 1427
350 , 350
1 , 0
5 , 5
3 , 1
5 , 3
74 , 66
3 , 0
274 , 272
9 , 9
27 , 27
35 , 33
1 , 0
3088 , 3088
182 , 180
1 , 0
1 , 1
5253 , 5237
49 , 49
1283 , 1281
19 , 17
277 , 269
16 , 14
76 , 74
6 , 4
4082 , 4075
3 , 1
6 , 0
2 , 2
3419 , 3417
43 , 43
668 , 668
121 , 119
15 , 10
526 , 524
1403 , 1403
2 , 2
5 , 5
545 , 543
17 , 15
4 , 2
461 , 461
4 , 4
674 , 672
3 , 1
237 , 221
1854 , 1852
1 , 1
4626 , 4624
2 , 0
145 , 145
178 , 155
38 , 31
322 , 322
852 , 836
3 , 1
13 , 13
138 , 138
8271 , 8269
7 , 5
1 , 1
7 , 0
1 , 0
800 , 798
2163 , 2161
404 , 402
2867 , 2862
508 , 503
3 , 1
1298 , 1282
3474 , 3474
1232 , 1229
5 , 0
2 , 0
166 , 160
414 , 412
36 , 34
231 , 229
15 , 13
251 , 246
1 , 0
2 , 0
13 , 13
1 , 0
13 , 13
2417 , 2414
10 , 0
3764 , 3762
174 , 174
102 , 78
63 , 55
139 , 137
6 , 6
45 , 43
11 , 0
6441 , 6439
341 , 341
54 , 52
3117 , 3115
70 , 68
825 , 825
2 , 0
2994 , 2992
2 , 2
4 , 2
1180 , 1178
18 , 18
14 , 12
1 , 0
1 , 0
799 , 799
544 , 542
5 , 5
19 , 17
3 , 3
4828 , 4826
5064 , 5062
9835 , 9833
34 , 32
8949 , 8949
23 , 21
7617 , 7615
2 , 0
322 , 320
12 , 12
14 , 11
117 , 101
1196 , 1196
1395 , 1393
258 , 256
1 , 0
6708 , 6705
742 , 740
2155 , 2153
3036 , 3034
6039 , 6037
6 , 1
4 , 4
1752 , 1752
112 , 89
73 , 54
7306 , 7304
1937 , 1932
85 , 77
1281 , 1279
1150 , 1148
15 , 15
3197 , 3192
8 , 8
23 , 23
1 , 0
347 , 341
1 , 1
3483 , 3477
2 , 0
1084 , 1082
1 , 0
5 , 3
1718 , 1718
3128 , 3121
6 , 4
154 , 154
97 , 95
42 , 40
1 , 1
1192 , 1192
7337 , 7337
24 , 24
61 , 37
5 , 3
449 , 444
761 , 761
3 , 0
3044 , 3042
68 , 66
31 , 15
2 , 0
194 , 192
2513 , 2511
101 , 99
9278 , 9276
365 , 365
81 , 79
34 , 32
202 , 200
20 , 18
4240 , 4232
2130 , 2128
705 , 702
2 , 0
4834 , 4832
1 , 0
22 , 22
5603 , 5601
11 , 9
4757 , 4757
42 , 40
26 , 8
50 , 48
1 , 0
1567 , 1565
6359 , 6357
29 , 26
1 , 0
518 , 516
9 , 9
62 , 57
3 , 3
29 , 29
548 , 524
276 , 274
36 , 34
21 , 19
10 , 5
3371 , 3369
155 , 153
1 , 1
2 , 0
2092 , 2090
485 , 483
2811 , 2809
2 , 0
338 , 336
22 , 22
11 , 0
388 , 365
20 , 18
6 , 0
155 , 153
144 , 139
7434 , 7432
860 , 853
2 , 0
2338 , 2338
647 , 645
1 , 1
7 , 2
50 , 48
652 , 650
12 , 10
3175 , 3175
816 , 814
42 , 22
1 , 0
57 , 51
75 , 70
312 , 306
1 , 1
1 , 1
712 , 710
2505 , 2489
15 , 12
123 , 123
1030 , 1028
2 , 2
455 , 455
11 , 9
1 , 0
865 , 865
1 , 0
4777 , 4775
6 , 6
189 , 189
1989 , 1987
737 , 735
3207 , 3207
9 , 9
89 , 87
147 , 145
2311 , 2309
13 , 11
213 , 213
25 , 23
97 , 77
1527 , 1527
2 , 2
462 , 457
263 , 258
3821 , 3821
1406 , 1398
1 , 1
9 , 9
3 , 3
2172 , 2170
574 , 574
286 , 286
4 , 4
21 , 13
611 , 609
1 , 0
776 , 760
5 , 0
579 , 577
488 , 488
25 , 25
289 , 289
2 , 0
210 , 210
10 , 10
178 , 178
4 , 4
2 , 0
87 , 69
4 , 0
32 , 32
7 , 5
5873 , 5871
1 , 0
6745 , 6743
1 , 0
9835 , 9835
402 , 369
2 , 0
6152 , 6152
1 , 0
312 , 307
1 , 0
870 , 870
2 , 0
1 , 0
458 , 458
4427 , 4425
1454 , 1446
104 , 104
2 , 2
1 , 1
3673 , 3671
509 , 507
2 , 2
3 , 0
7978 , 7976
1 , 0
15 , 13
12 , 10
176 , 171
3533 , 3533
988 , 985
8380 , 8378
38 , 36
49 , 49
487 , 472
3 , 3
31 , 29
551 , 551
1 , 0
1 , 0
1 , 0
942 , 942
454 , 454
814 , 812
158 , 153
28 , 6
61 , 61
4 , 4
3884 , 3882
10 , 10
14 , 12
8413 , 8413
1 , 0
13 , 11
18 , 0
6 , 4
3311 , 3303
1276 , 1274
1 , 0
4472 , 4470
15 , 12
1643 , 1638
20 , 15
2 , 0
3156 , 3154
1 , 0
13 , 0
399 , 399
30 , 30
83 , 68
79 , 77
1 , 0
72 , 69
1 , 0
9250 , 9248
2 , 2
1 , 1
26 , 24
187 , 187
161 , 161
203 , 195
2 , 2
31 , 29
10 , 8
146 , 146
1174 , 1172
3469 , 3469
2 , 0
1 , 0
42 , 40
9 , 7
246 , 244
396 , 394
2 , 2
724 , 722
9 , 0
27 , 24
149 , 144
2578 , 2578
73 , 50
1 , 1
1521 , 1521
1276 , 1276
26 , 26
1280 , 1278
5 , 5
66 , 64
1 , 0
14 , 14
5 , 5
6 , 6
70 , 65
4 , 4
49 , 49
12 , 12
4 , 4
30 , 30
1 , 0
117 , 114
1 , 1
4 , 2
4 , 4
147 , 128
7051 , 7051
5 , 3
3232 , 3230
37 , 22
22 , 3
12 , 10
581 , 581
815 , 815
42 , 42
102 , 100
1 , 1
74 , 72
1338 , 1338
17 , 2
1 , 0
76 , 76
16 , 14
10 , 8
2215 , 2213
1136 , 1134
3298 , 3292
4 , 2
1331 , 1329
36 , 36
5 , 3
1471 , 1465
108 , 108
3008 , 3006
13 , 13
1 , 1
959 , 959
12 , 10
2764 , 2764
6 , 4
1810 , 1808
3 , 0
3960 , 3960
1373 , 1371
2 , 2
735 , 733
246 , 244
57 , 57
1363 , 1361
6881 , 6881
1 , 0
6593 , 6590
92 , 86
2166 , 2166
25 , 23
150 , 135
4 , 2
1510 , 1510
16 , 16
39 , 39
447 , 442
963 , 963
37 , 15
50 , 50
5 , 5
151 , 146
1112 , 1110
1933 , 1928
34 , 32
33 , 33
1068 , 1068
1246 , 1244
267 , 245
130 , 128
96 , 96
2225 , 2208
192 , 192
116 , 116
3 , 0
2 , 0
3 , 0
33 , 31
30 , 27
1934 , 1932
14 , 14
7 , 5
9 , 4
497 , 495
67 , 67
885 , 885
1743 , 1741
6351 , 6329
7297 , 7292
40 , 40
130 , 125
1 , 0
799 , 797
44 , 42
168 , 163
111 , 108
6608 , 6608
1271 , 1271
1 , 0
23 , 23
4 , 0
12 , 12
14 , 9
7123 , 7101
13 , 11
113 , 113
7826 , 7821
353 , 351
253 , 250
5 , 3
8 , 8
8 , 5
18 , 16
193 , 193
2 , 0
6622 , 6603
9 , 7
1 , 0
16 , 11
389 , 389
190 , 190
1681 , 1681
1707 , 1701
4 , 4
9975 , 9973
51 , 45
2 , 0
2 , 0
6934 , 6932
302 , 302
3 , 1
20 , 18
20 , 14
1 , 0
300 , 298
1 , 1
5001 , 4999
13 , 8
22 , 20
5932 , 5927
1131 , 1129
3 , 1
14 , 12
777 , 777
3 , 3
10 , 8
588 , 588
2 , 2
12 , 10
253 , 253
7 , 2
2950 , 2950
44 , 39
24 , 22
1213 , 1211
22 , 22
70 , 65
2 , 2
7141 , 7136
2462 , 2456
41 , 39
1805 , 1787
509 , 507
8359 , 8357
1 , 0
4130 , 4128
3852 , 3850
14 , 12
6424 , 6419
2 , 0
1 , 1
7510 , 7510
569 , 567
27 , 27
3441 , 3441
39 , 37
67 , 50
1 , 0
1 , 0
589 , 587
871 , 871
6721 , 6716
2034 , 2032
15 , 10
26 , 24
9 , 9
4626 , 4626
8399 , 8399
6 , 4
8 , 6
92 , 87
1356 , 1354
18 , 13
90 , 85
82 , 82
6269 , 6267
54 , 52
17 , 15
377 , 361
6 , 0
25 , 20
24 , 22
4 , 2
4 , 2
191 , 191
9 , 7
3 , 1
1 , 1
69 , 67
18 , 18
3218 , 3218
32 , 27
1 , 0
7 , 2
2 , 2
60 , 60
8876 , 8874
19 , 17
183 , 183
1333 , 1333
8927 , 8925
4586 , 4565
1 , 1
461 , 430
197 , 192
5 , 5
239 , 239
4 , 2
3325 , 3325
5489 , 5489
7077 , 7077
2 , 0
33 , 31
1241 , 1241
13 , 11
20 , 18
1042 , 1040
307 , 305
802 , 800
2 , 2
2 , 2
2858 , 2856
68 , 47
3422 , 3422
24 , 22
2 , 0
522 , 501
1 , 0
32 , 32
1 , 0
7063 , 7063
2 , 0
924 , 922
2827 , 2822
7 , 5
54 , 51
11 , 9
79 , 58
189 , 187
20 , 20
367 , 365
8173 , 8171
3 , 0
125 , 123
25 , 25
813 , 808
9691 , 9689
12 , 10
5084 , 5082
780 , 778
580 , 575
16 , 14
232 , 214
63 , 61
447 , 447
2 , 2
38 , 36
4 , 0
11 , 6
68 , 66
105 , 103
93 , 91
1121 , 1119
2451 , 2451
7772 , 7770
2419 , 2419
24 , 24
116 , 96
97 , 95
2488 , 2486
1 , 0
7 , 7
1 , 0
23 , 21
45 , 45
2 , 2
587 , 582
5456 , 5456
77 , 72
299 , 299
2 , 0
25 , 23
3 , 1
407 , 405
13 , 13
245 , 240
71 , 69
8 , 5
4 , 4
2 , 0
1 , 0
2 , 2
4 , 1
2 , 0
1867 , 1862
2 , 2
4 , 0
11 , 6
161 , 159
103 , 101
19 , 19
47 , 42
1213 , 1213
1 , 0
406 , 406
44 , 42
10 , 10
6 , 4
1 , 1
122 , 120
30 , 30
69 , 55
485 , 483
355 , 353
23 , 18
2 , 0
18 , 13
2 , 2
105 , 103
18 , 0
19 , 14
2 , 2
18 , 12
24 , 8
1738 , 1732
6760 , 6757
1 , 1
5846 , 5844
123 , 120
11 , 11
5007 , 5005
30 , 10
19 , 19
7453 , 7453
9 , 6
358 , 355
206 , 204
1 , 0
1 , 0
2997 , 2995
14 , 9
7 , 7
6 , 3
290 , 290
770 , 768
117 , 117
33 , 31
117 , 115
690 , 688
443 , 438
1223 , 1218
1 , 1
1064 , 1050
5 , 0
3 , 3
7 , 0
1 , 1
29 , 27
7 , 5
601 , 599
24 , 22
17 , 17
460 , 458
699 , 699
245 , 245
1 , 0
2 , 2
650 , 648
22 , 19
633 , 631
115 , 113
7 , 5
2 , 2
350 , 347
1 , 0
2 , 0
2751 , 2751
631 , 631
307 , 305
8 , 0
115 , 115
86 , 84
5 , 3
2776 , 2774
92 , 89
1892 , 1892
278 , 278
2 , 0
1384 , 1384
1 , 1
140 , 140
4 , 2
2118 , 2118
9 , 7
69 , 49
8103 , 8103
152 , 135
85 , 83
1 , 1
761 , 744
32 , 27
506 , 506
3 , 3
1 , 1
2 , 2
94 , 89
9636 , 9636
2 , 2
4 , 2
1 , 1
24 , 24
23 , 21
940 , 940
7886 , 7886
3 , 3
2843 , 2838
2 , 0
1659 , 1657
4 , 4
1293 , 1293
20 , 18
9739 , 9720
4698 , 4698
17 , 15
3 , 0
16 , 16
35 , 32
1646 , 1644
3 , 3
1 , 0
101 , 99
18 , 16
532 , 530
4029 , 4027
2610 , 2610
2276 , 2273
17 , 0
4 , 4
720 , 718
9800 , 9800
1963 , 1963
91 , 86
5328 , 5313
702 , 700
320 , 318
3 , 1
43 , 37
2686 , 2686
2 , 2
242 , 239
2262 , 2262
919 , 916
11 , 8
5 , 5
21 , 21
33 , 30
1078 , 1076
1761 , 1759
2402 , 2400
1343 , 1341
2 , 0
3 , 3
5976 , 5971
2 , 2
110 , 110
1 , 0
429 , 429
2332 , 2329
2 , 0
13 , 11
96 , 96
4610 , 4595
1 , 0
4 , 2
6586 , 6583
2238 , 2234
1 , 0
4 , 2
517 , 515
7418 , 7418
3783 , 3781
129 , 127
514 , 511
118 , 118
4 , 2
1095 , 1093
1 , 1
58 , 58
108 , 108
44 , 44
1 , 0
94 , 92
18 , 18
5360 , 5358
3604 , 3602
335 , 332
153 , 153
1214 , 1214
4 , 1
246 , 246
80 , 74
183 , 183
889 , 886
1398 , 1396
1 , 0
4908 , 4908
399 , 397
1 , 0
8 , 0
93 , 91
18 , 5
161 , 161
2 , 0
3238 , 3236
3550 , 3544
119 , 119
64 , 64
28 , 26
6227 , 6225
1005 , 1005
7962 , 7962
4 , 4
12 , 12
381 , 381
6 , 4
1 , 0
143 , 143
2 , 0
12 , 0
11 , 9
8 , 5
8 , 8
1 , 1
1 , 0
52 , 50
12 , 12
1447 , 1445
3678 , 3662
47 , 47
8 , 2
2 , 0
6385 , 6385
4 , 2
1 , 1
1 , 0
74 , 74
28 , 26
56 , 56
1 , 0
17 , 14
3 , 3
3 , 3
1949 , 1946
36 , 34
309 , 307
11 , 9
8 , 8
1 , 0
129 , 129
1 , 0
19 , 17
93 , 93
1191 , 1191
7095 , 7095
6 , 4
1 , 1
154 , 154
1 , 1
35 , 33
172 , 172
821 , 819
174 , 170
6048 , 6046
433 , 430
366 , 366
1 , 1
9964 , 9964
10 , 10
154 , 152
827 , 825
209 , 209
1 , 1
2 , 0
7088 , 7085
2 , 0
2 , 0
43 , 43
165 , 163
38 , 36
3 , 1
1 , 0
620 , 620
16 , 14
19 , 15
4173 , 4171
166 , 148
3 , 3
6 , 3
1020 , 1018
1 , 0
4790 , 4787
17 , 0
1 , 1
49 , 47
208 , 205
170 , 168
5 , 2
3 , 3
974 , 972
248 , 248
11 , 9
8127 , 8127
85 , 83
1559 , 1556
66 , 63
8 , 6
33 , 31
1681 , 1681
1897 , 1895
2 , 2
276 , 273
9303 , 9301
238 , 238
7 , 7
125 , 125
1 , 1
6 , 3
176 , 174
1039 , 1037
1 , 0
2327 , 2324
953 , 953
102 , 100
133 , 121
1727 , 1727
7 , 5
1 , 0
324 , 322
19 , 17
124 , 121
3059 , 3057
10 , 8
1696 , 1694
1542 , 1539
2471 , 2469
1 , 0
4 , 0
103 , 103
2929 , 2927
308 , 308
3 , 0
18 , 18
31 , 29
244 , 244
24 , 22
5149 , 5146
718 , 716
1233 , 1231
3949 , 3947
157 , 154
16 , 13
283 , 281
24 , 12
442 , 440
1065 , 1061
114 , 111
45 , 45
6365 , 6362
9025 , 9025
5 , 2
5 , 5
1006 , 1004
49 , 49
9 , 9
8 , 8
16 , 14
3 , 3
1543 , 1543
30 , 25
74 , 72
1808 , 1808
593 , 591
602 , 600
2 , 2
4316 , 4313
73 , 71
17 , 15
4194 , 4192
3 , 1
3354 , 3354
96 , 84
7 , 4
820 , 818
1223 , 1223
4 , 4
6 , 4
3967 , 3965
2 , 0
1 , 1
12 , 12
212 , 209
6 , 1
114 , 112
306 , 303
36 , 34
28 , 28
3637 , 3635
2 , 0
18 , 16
1 , 1
939 , 939
4653 , 4651
23 , 23
30 , 28
868 , 866
264 , 260
4698 , 4698
7 , 0
1024 , 1022
8 , 8
4 , 1
106 , 106
1128 , 1126
1 , 0
561 , 555
6648 , 6644
1 , 0
403 , 401
1 , 1
1 , 1
40 , 38
1 , 1
1066 , 1066
1 , 0
3495 , 3495
157 , 157
3 , 0
1 , 0
526 , 524
85 , 83
201 , 199
5 , 0
132 , 130
2 , 2
2 , 0
206 , 206
3082 , 3080
15 , 12
1 , 1
169 , 152
13 , 11
309 , 307
21 , 19
991 , 989
2 , 0
1 , 0
57 , 54
42 , 42
5456 , 5454
54 , 51
23 , 21
5 , 3
1 , 0
14 , 14
204 , 204
657 , 655
2 , 0
10 , 7
85 , 83
3 , 3
51 , 51
2388 , 2386
137 , 137
7 , 5
408 , 406
7714 , 7714
8071 , 8068
294 , 292
7530 , 7528
2 , 0
1 , 1
448 , 448
286 , 269
64 , 62
549 , 549
1309 , 1307
382 , 359
1 , 1
7424 , 7422
1749 , 1749
2 , 0
692 , 690
2 , 0
5 , 5
2 , 0
22 , 22
3 , 1
5 , 5
105 , 102
31 , 31
47 , 45
180 , 176
1802 , 1798
2555 , 2553
2 , 0
54 , 51
1 , 0
2 , 0
1 , 1
2 , 2
1 , 1
1948 , 1934
56 , 39
2000 , 1988
25 , 25
518 , 518
178 , 175
162 , 159
258 , 256
1560 , 1558
1 , 0
2 , 2
13 , 13
489 , 489
1 , 0
732 , 732
662 , 662
14 , 12
2 , 2
10 , 7
1674 , 1658
867 , 867
2 , 2
138 , 134
325 , 323
67 , 67
2484 , 2481
1118 , 1118
19 , 19
6 , 4
582 , 578
123 , 123
4429 , 4427
1748 , 1748
707 , 707
8 , 6
7 , 7
10 , 8
2168 , 2166
40 , 38
1251 , 1251
160 , 160
203 , 201
676 , 674
18 , 18
12 , 12
8 , 6
2 , 0
1272 , 1259
26 , 26
817 , 817
894 , 892
9480 , 9478
1320 , 1318
14 , 14
16 , 14
699 , 699
4060 , 4060
3 , 1
3725 , 3723
2087 , 2083
1589 , 1586
5 , 3
25 , 23
1 , 0
79 , 77
5 , 5
74 , 72
6919 , 6919
1424 , 1421
59 , 57
37 , 35
65 , 63
464 , 462
83 , 81
6 , 4
2 , 2
23 , 21
4 , 4
16 , 0
5 , 3
674 , 672
8789 , 8787
7552 , 7552
70 , 55
6506 , 6506
129 , 126
2 , 2
69 , 67
25 , 21
113 , 101
17 , 15
2 , 0
5821 , 5821
190 , 184
7873 , 7871
19 , 19
4 , 4
252 , 250
2253 , 2251
1 , 0
1047 , 1045
3 , 0
8932 , 8930
4305 , 4305
12 , 10
8 , 8
11 , 9
9 , 9
1 , 0
4 , 4
17 , 17
521 , 518
2197 , 2195
429 , 414
2 , 0
1808 , 1808
6 , 3
3641 , 3639
2 , 0
6090 , 6090
2 , 0
1 , 1
157 , 157
7 , 5
2 , 0
13 , 10
112 , 112
1 , 0
105 , 103
3093 , 3090
5350 , 5350
917 , 915
19 , 19
7 , 4
47 , 45
126 , 126
9840 , 9838
1 , 0
3 , 1
475 , 472
6 , 6
2099 , 2099
28 , 28
4 , 4
4 , 1
327 , 316
7 , 5
8 , 6
61 , 61
2 , 0
2 , 0
12 , 9
61 , 61
3700 , 3700
8250 , 8248
972 , 958
191 , 188
710 , 708
1233 , 1231
9973 , 9971
687 , 684
5 , 3
856 , 856
4 , 0
7 , 5
185 , 185
15 , 15
177 , 166
5 , 5
138 , 138
1837 , 1835
4 , 2
652 , 652
49 , 49
540 , 538
7 , 0
212 , 212
24 , 21
1 , 0
60 , 49
1 , 1
8 , 6
223 , 220
24 , 24
1012 , 1010
244 , 244
8 , 6
52 , 52
8 , 6
479 , 479
6638 , 6636
8 , 6
8 , 8
3 , 0
6912 , 6910
1 , 0
1 , 0
4 , 2
5282 , 5268
203 , 198
12 , 10
423 , 423
1 , 1
4466 , 4464
13 , 13
4827 , 4827
189 , 189
1 , 1
4 , 0
634 , 632
3 , 0
4 , 2
377 , 377
12 , 9
5961 , 5959
47 , 47
211 , 211
20 , 18
43 , 40
288 , 286
12 , 10
2868 , 2868
12 , 12
108 , 106
207 , 196
133 , 131
4446 , 4444
117 , 115
71 , 66
400 , 400
3 , 0
33 , 33
45 , 45
52 , 50
3 , 3
22 , 22
6 , 4
499 , 497
1 , 0
2098 , 2098
1 , 0
7 , 5
8 , 8
133 , 130
105 , 105
829 , 829
206 , 201
6930 , 6930
5 , 3
83 , 83
36 , 25
690 , 690
840 , 840
10 , 10
9 , 9
43 , 43
20 , 17
76 , 74
12 , 7
1004 , 1001
1 , 0
1 , 0
100 , 96
96 , 94
119 , 117
785 , 782
997 , 992
4 , 4
2 , 2
151 , 149
5 , 2
4220 , 4218
11 , 0
207 , 203
223 , 220
1 , 0
210 , 210
880 , 878
1 , 0
2499 , 2497
6432 , 6430
6416 , 6414
12 , 8
8484 , 8481
6 , 4
43 , 41
390 , 390
2 , 0
3 , 1
650 , 645
1 , 0
737 , 734
23 , 21
10 , 7
1932 , 1918
7963 , 7963
673 , 673
797 , 797
1 , 0
1335 , 1333
8315 , 8315
29 , 27
1661 , 1661
349 , 347
10 , 8
85 , 85
35 , 35
2 , 0
463 , 463
5 , 2
2022 , 2020
230 , 220
74 , 72
48 , 48
1561 , 1559
1 , 0
733 , 731
118 , 118
9 , 9
2 , 0
1 , 1
228 , 224
1 , 0
36 , 33
138 , 136
63 , 61
102 , 100
1 , 0
1070 , 1070
280 , 280
15 , 12
2639 , 2637
787 , 776
4 , 2
3005 , 3002
127 , 125
2 , 0
355 , 352
475 , 475
736 , 734
1 , 0
96 , 96
53 , 51
6307 , 6305
3217 , 3215
27 , 25
6 , 4
4783 , 4781
65 , 62
1142 , 1142
6 , 0
3 , 1
52 , 52
4046 , 4042
663 , 661
20 , 20
22 , 22
26 , 24
1 , 0
1584 , 1582
8320 , 8318
32 , 22
21 , 19
1 , 1
3286 , 3286
7660 , 7657
2923 , 2921
10 , 8
161 , 159
7 , 7
4381 , 4379
1 , 1
2475 , 2465
117 , 115
1 , 0
118 , 118
2 , 2
1 , 0
112 , 112
3 , 0
6 , 4
214 , 212
94 , 92
9375 , 9373
26 , 26
3 , 0
29 , 24
1945 , 1945
66 , 66
82 , 80
3 , 3
838 , 827
140 , 140
3000 , 2998
885 , 882
214 , 212
3 , 0
32 , 30
1 , 0
4200 , 4189
92 , 92
5860 , 5858
17 , 17
5 , 3
2606 , 2604
3 , 3
13 , 3
4434 , 4434
1799 , 1799
3 , 0
5 , 3
11 , 9
2310 , 2310
4936 , 4936
140 , 140
22 , 22
3413 , 3413
23 , 23
360 , 360
690 , 690
151 , 149
1 , 1
1458 , 1456
1 , 0
1 , 0
3 , 3
83 , 83
8250 , 8250
1324 , 1322
59 , 59
26 , 24
752 , 750
1 , 0
267 , 264
315 , 315
11 , 9
7 , 7
10 , 10
2 , 0
5 , 5
2061 , 2061
64 , 64
1 , 1
12 , 12
10 , 10
2904 , 2904
3630 , 3630
283 , 283
12 , 12
23 , 23
627 , 627
1114 , 1109
891 , 889
16 , 6
16 , 16
61 , 61
2 , 0
9 , 7
2 , 2
499 , 497
357 , 357
16 , 14
2 , 0
17 , 17
1212 , 1210
63 , 61
10 , 8
5 , 5
9 , 9
7 , 7
2 , 0
190 , 188
6 , 6
41 , 39
3347 , 3338
1 , 0
1 , 0
70 , 70
1128 , 1126
4 , 2
8 , 8
2922 , 2922
385 , 383
33 , 33
941 , 932
234 , 234
8442 , 8440
380 , 380
10 , 7
3 , 3
3 , 1
8454 , 8454
2 , 0
40 , 38
137 , 133
74 , 74
19 , 17
355 , 353
96 , 96
1539 , 1537
157 , 157
419 , 417
18 , 16
1 , 1
7 , 5
2 , 0
99 , 99
12 , 3
47 , 45
7 , 5
44 , 42
321 , 317
76 , 76
5776 , 5776
35 , 26
1220 , 1218
408 , 406
576 , 575
182 , 180
3 , 3
75 , 73
273 , 271
5080 , 5078
2 , 0
1 , 1
2 , 0
46 , 44
1560 , 1558
3004 , 3002
26 , 26
684 , 682
22 , 20
7342 , 7342
7333 , 7331
267 , 265
193 , 193
91 , 91
233 , 233
2 , 0
285 , 268
1 , 0
391 , 391
5 , 3
1 , 1
662 , 662
84 , 84
63 , 61
4 , 0
1 , 0
1126 , 1124
1801 , 1799
334 , 330
1 , 0
19 , 17
12 , 12
5744 , 5742
825 , 825
6 , 5
6132 , 6130
2 , 0
406 , 406
634 , 634
40 , 38
1 , 1
98 , 98
1 , 1
437 , 436
103 , 103
12 , 10
1796 , 1796
8 , 6
1 , 1
132 , 130
6385 , 6383
1 , 0
1917 , 1915
34 , 34
3551 , 3551
26 , 24
180 , 178
321 , 319
6 , 5
1335 , 1335
1 , 0
142 , 142
1 , 0
11 , 9
222 , 214
357 , 355
465 , 465
2337 , 2335
8 , 6
380 , 380
1 , 1
7010 , 7008
21 , 19
5 , 5
2 , 0
82 , 80
332 , 332
1924 , 1922
6097 , 6096
3336 , 3334
4 , 2
84 , 84
1028 , 1026
1 , 1
2 , 0
8 , 8
60 , 60
96 , 96
2324 , 2322
2341 , 2341
19 , 19
65 , 65
36 , 36
4754 , 4752
15 , 15
72 , 70
48 , 48
995 , 995
1 , 0
2886 , 2884
261 , 253
7684 , 7676
8922 , 8920
26 , 26
113 , 111
9110 , 9108
585 , 585
198 , 182
8 , 8
24 , 22
772 , 770
937 , 935
526 , 524
19 , 19
205 , 205
179 , 179
1381 , 1380
8094 , 8094
4 , 3
15 , 14
3 , 1
3 , 0
1 , 1
36 , 36
11 , 11
101 , 101
109 , 107
44 , 44
3593 , 3591
346 , 344
1 , 1
3334 , 3332
980 , 978
1 , 0
7 , 7
5 , 3
94 , 94
22 , 13
126 , 124
2 , 2
145 , 143
3039 , 3039
7 , 7
54 , 54
2 , 2
204 , 202
1240 , 1240
1 , 0
13 , 13
844 , 842
524 , 522
59 , 55
152 , 150
750 , 746
486 , 484
54 , 54
7639 , 7638
138 , 138
1 , 0
1 , 0
47 , 45
7 , 7
551 , 549
218 , 218
14 , 14
2317 , 2315
9563 , 9561
249 , 249
1 , 1
24 , 22
1 , 1
35 , 33
36 , 36
1 , 1
1014 , 1013
11 , 9
3799 , 3795
105 , 103
12 , 4
548 , 546
813 , 813
57 , 55
2 , 2
2 , 2
6611 , 6611
163 , 161
12 , 5
1 , 0
24 , 22
1333 , 1331
6 , 0
6774 , 6774
10 , 10
113 , 111
402 , 400
11 , 10
3 , 1
329 , 329
2 , 1
7 , 7
213 , 210
3 , 3
7207 , 7206
5382 , 5381
441 , 439
8 , 8
1 , 0
77 , 77
7399 , 7397
25 , 17
142 , 140
41 , 39
6 , 4
24 , 24
8 , 8
8180 , 8178
2 , 0
129 , 129
329 , 328
866 , 864
105 , 105
7320 , 7318
6 , 6
11 , 10
2 , 2
2 , 2
2 , 2
3207 , 3207
27 , 27
52 , 50
2 , 2
6 , 6
28 , 25
1 , 0
1 , 0
163 , 161
80 , 73
4 , 2
54 , 54
439 , 431
100 , 100
1596 , 1596
1 , 1
9806 , 9806
5 , 5
1527 , 1525
586 , 586
4047 , 4045
8 , 6
491 , 490
3 , 0
239 , 239
9989 , 9989
25 , 18
698 , 696
291 , 289
4885 , 4884
364 , 362
1385 , 1384
156 , 156
2 , 2
3 , 3
2 , 0
80 , 79
7 , 5
12 , 11
1 , 1
4 , 4
9 , 7
474 , 467
58 , 56
6233 , 6233
1 , 1
7496 , 7495
5 , 3
660 , 653
4145 , 4143
6 , 4
1 , 0
14 , 13
27 , 27
5 , 5
220 , 219
558 , 556
10 , 10
83 , 83
6 , 4
1 , 0
13 , 11
50 , 50
334 , 334
2186 , 2184
25 , 25
3471 , 3471
106 , 104
20 , 20
565 , 563
124 , 124
784 , 783
4301 , 4301
1035 , 1035
82 , 82
246 , 246
172 , 166
5 , 4
4 , 0
100 , 100
1 , 1
3 , 2
1 , 0
703 , 703
470 , 470
173 , 173
54 , 54
3 , 0
4646 , 4645
130 , 128
28 , 26
4 , 0
844 , 844
1 , 1
1 , 1
3048 , 3047
1865 , 1863
1 , 0
264 , 264
137 , 136
4 , 4
40 , 38
2490 , 2490
1 , 1
19 , 19
75 , 75
3 , 1
138 , 138
3288 , 3282
204 , 204
1 , 0
66 , 66
1 , 0
8318 , 8316
5 , 5
2218 , 2217
12 , 12
705 , 705
7113 , 7113
7 , 4
4683 , 4681
602 , 601
228 , 227
1504 , 1504
11 , 10
16 , 14
9287 , 9287
2274 , 2274
788 , 788
270 , 270
1319 , 1319
122 , 121
181 , 181
326 , 326
15 , 14
188 , 187
11 , 11
9057 , 9057
21 , 21
4 , 4
35 , 33
3944 , 3943
10 , 7
13 , 13
102 , 102
4341 , 4341
2 , 1
1015 , 1015
2180 , 2179
3 , 3
138 , 138
1 , 1
1 , 1
21 , 21
293 , 293
64 , 64
1750 , 1745
1 , 1
588 , 588
1 , 0
80 , 80
12 , 12
1752 , 1752
7 , 7
1548 , 1546
59 , 59
3628 , 3628
40 , 39
321 , 321
259 , 259
109 , 109
14 , 14
19 , 19
1129 , 1129
2012 , 2011
1 , 1
34 , 33
10 , 10
8 , 8
26 , 26
5 , 5
5 , 4
1 , 0
133 , 133
1 , 1
499 , 499
61 , 61
5 , 5
1 , 0
2264 , 2264
1074 , 1074
7 , 7
9 , 9
18 , 18
441 , 439
2 , 0
1 , 0
1 , 1
82 , 77
1 , 1
1 , 1
452 , 452
2 , 1
5 , 5
305 , 304
6 , 6
790 , 790
10 , 10
104 , 103
247 , 247
1 , 0
98 , 97
1122 , 1122
13 , 13
1282 , 1281
9 , 7
12 , 12
7 , 6
3 , 2
2 , 0
9687 , 9682
419 , 419
36 , 36
1420 , 1420
2414 , 2414
9 , 9
1 , 0
1 , 0
1 , 1
689 , 689
5276 , 5276
24 , 24
1213 , 1213
5 , 5
21 , 21
111 , 110
2 , 1
1240 , 1235
4360 , 4360
1935 , 1935
6318 , 6318
3 , 3
468 , 462
25 , 25
1212 , 1212
6 , 6
61 , 61
6713 , 6707
143 , 143
28 , 27
1414 , 1414
1708 , 1708
2318 , 2318
27 , 27
1 , 1
16 , 16
7 , 7
12 , 12
20 , 19
19 , 19
4 , 4
771 , 771
4 , 4
1507 , 1506
468 , 468
440 , 439
810 , 810
131 , 131
6001 , 6001
6 , 6
3 , 1
93 , 93
17 , 17
18 , 18
3 , 3
1579 , 1579
8963 , 8963
1 , 1
1 , 1
221 , 221
1446 , 1446
1 , 1
40 , 40
509 , 508
4872 , 4872
2 , 2
103 , 102
26 , 26
3 , 2
1 , 1
9 , 8
1303 , 1303
36 , 36
127 , 127
303 , 303
5 , 5
8890 , 8890
3104 , 3100
541 , 541
2 , 2
76 , 76
4679 , 4679
1 , 1
12 , 12
5 , 3
8 , 4
57 , 55
72 , 72
5 , 5
6 , 6
18 , 18
5 , 5
11 , 9
886 , 886
133 , 129
1 , 0
11 , 11
76 , 75
3094 , 3094
151 , 151
2 , 2
18 , 17
27 , 27
4483 , 4483
7241 , 7241
23 , 23
1 , 1
1337 , 1337
596 , 596
5997 , 5997
1776 , 1775
2 , 2
15 , 12
4254 , 4254
2 , 2
3091 , 3090
1 , 1
2 , 2
55 , 55
322 , 322
307 , 307
1 , 1
3 , 3
4244 , 4241
420 , 420
1 , 1
69 , 69
401 , 401
9523 , 9522
112 , 108
4267 , 4267
66 , 66
1 , 1
2 , 2
6443 , 6442
2 , 2
96 , 96
1 , 1
17 , 17
2256 , 2251
3 , 3
423 , 423
1212 , 1212
9 , 9
36 , 36
6 , 6
3266 , 3266
25 , 25
304 , 304
431 , 431
1 , 1
3 , 3
1 , 1
5 , 5
4935 , 4931
2 , 2
4 , 3
65 , 65
6 , 3
3944 , 3944
3380 , 3380
37 , 37
1404 , 1404
3 , 3
1 , 1
15 , 14
2 , 2
4 , 4
6603 , 6603
6834 , 6834
18 , 18
8446 , 8446
1058 , 1054
242 , 242
56 , 56
7261 , 7261
7 , 6
2946 , 2945
67 , 67
38 , 38
3 , 3
2 , 2
1 , 1
12 , 12
87 , 87
719 , 717
47 , 47
1044 , 1044
4 , 3
2147 , 2145
6382 , 6382
1 , 1
2340 , 2340
43 , 43
6674 , 6674
880 , 880
3012 , 3012
227 , 227
6 , 3
1 , 1
2 , 2
439 , 437
38 , 38
445 , 445
13 , 13
1 , 1
32 , 32
32 , 32
965 , 965
6797 , 6797
2550 , 2550
13 , 13
9672 , 9672
1571 , 1571
702 , 702
1232 , 1232
28 , 28
64 , 63
345 , 342
11 , 11
3228 , 3228
15 , 14
1 , 1
2 , 2
1 , 1
12 , 12
2 , 2
14 , 14
363 , 363
636 , 636
1 , 1
291 , 291
258 , 258
28 , 28
10 , 10
72 , 70
406 , 406
17 , 17
9258 , 9258
57 , 57
13 , 13
1 , 1
1 , 1
6 , 4
8421 , 8421
281 , 281
1 , 1
1 , 1
620 , 618
3 , 3
18 , 18
27 , 27
6599 , 6599
5846 , 5844
4 , 3
1389 , 1389
427 , 427
12 , 12
416 , 416
1 , 1
4220 , 4220
1 , 1
890 , 890
1 , 1
2819 , 2819
5 , 3
495 , 494
191 , 191
89 , 87
5 , 5
2 , 2
1 , 1
69 , 69
3 , 3
8577 , 8577
2215 , 2215
14 , 14
967 , 967
2 , 2
21 , 21
8 , 8
1 , 1
220 , 220
67 , 67
20 , 19
509 , 509
440 , 440
441 , 441
4 , 4
72 , 72
1686 , 1685
18 , 16
401 , 401
8428 , 8428
135 , 135
6 , 6
9 , 9
7129 , 7128
21 , 21
960 , 960
5688 , 5688
45 , 45
94 , 94
64 , 63
1 , 1
11 , 11
3870 , 3870
1092 , 1092
6816 , 6816
18 , 18
54 , 54
4413 , 4413
3 , 3
11 , 11
777 , 777
1741 , 1741
59 , 59
7 , 7
424 , 424
3 , 3
112 , 111
1 , 1
27 , 27
1 , 0
32 , 32
922 , 922
23 , 23
82 , 82
251 , 251
867 , 867
135 , 135
20 , 20
26 , 26
21 , 21
38 , 38
1758 , 1758
144 , 144
2 , 2
38 , 38
1 , 1
1315 , 1315
4032 , 4032
646 , 646
2118 , 2118
1 , 1
3820 , 3820
3 , 3
21 , 21
6 , 6
776 , 776
946 , 946
1 , 1
9 , 9
4 , 4
5 , 5
5067 , 5067
1 , 1
76 , 76
1 , 1
11 , 11
4538 , 4538
27 , 27
2 , 2
4 , 2
1363 , 1363
1 , 1
97 , 97
1581 , 1581
2905 , 2905
4422 , 4422
7 , 6
17 , 17
1988 , 1988
224 , 224
24 , 24
278 , 278
10 , 10
130 , 129
9393 , 9393
85 , 85
169 , 169
1 , 1
8 , 8
3234 , 3234
9170 , 9170
110 , 110
1 , 1
4 , 4
2 , 2
74 , 74
1070 , 1070
1 , 1
1 , 1
2 , 2
2 , 2
28 , 28
927 , 927
82 , 82
1 , 1
4846 , 4846
22 , 22
19 , 19
71 , 71
14 , 14
64 , 64
31 , 31
3 , 3
422 , 422
1619 , 1619
174 , 174
292 , 292
71 , 71
81 , 81
129 , 129
645 , 645
3999 , 3999
2 , 2
8 , 8
5 , 5
7 , 7
1 , 1
14 , 14
356 , 356
22 , 22
2 , 2
4 , 4
10 , 10
575 , 575
54 , 54
8531 , 8531
2994 , 2994
1186 , 1186
83 , 83
1 , 1
2 , 2
5 , 5
90 , 90
5462 , 5462
28 , 28
164 , 164
18 , 18
28 , 28
23 , 23
144 , 144
2542 , 2542
8 , 8
130 , 130
77 , 77
30 , 30
6 , 6
8 , 8
69 , 69
10 , 10
1252 , 1252
3794 , 3794
1 , 1
545 , 545
2 , 2
3 , 3
10 , 10
2 , 2
60 , 60
