365 , 246
1 , 0
735 , 0
77 , 58
9 , 9
34 , 34
1 , 1
2 , 0
1 , 1
9 , 0
4 , 0
9694 , 9390
6 , 3
244 , 244
4277 , 3465
614 , 606
319 , 306
715 , 0
4 , 4
5 , 5
19 , 0
8841 , 5604
2 , 2
59 , 0
1851 , 1851
16 , 13
2 , 2
3448 , 2650
4 , 0
6 , 5
14 , 0
291 , 291
3 , 0
9443 , 9124
157 , 0
210 , 210
4593 , 4587
17 , 0
73 , 0
3 , 0
15 , 0
26 , 26
334 , 254
1941 , 1941
40 , 0
171 , 93
54 , 54
198 , 132
423 , 0
98 , 27
9404 , 9402
25 , 20
20 , 20
2181 , 2091
12 , 0
413 , 0
3257 , 3257
7 , 7
414 , 221
5648 , 5648
12 , 12
3 , 0
4274 , 4274
2268 , 2259
6550 , 6485
143 , 0
1636 , 1636
6 , 0
1 , 0
11 , 0
1337 , 1337
11 , 11
5 , 5
1 , 0
3153 , 3133
7143 , 7140
15 , 0
12 , 12
1 , 0
6 , 6
2937 , 2924
79 , 39
5 , 0
456 , 438
7 , 7
5390 , 5390
8 , 2
15 , 2
429 , 429
3808 , 3807
645 , 645
366 , 0
405 , 396
129 , 0
2693 , 2693
3 , 0
62 , 0
1471 , 1468
2964 , 1209
2803 , 2158
1044 , 1044
5 , 5
127 , 0
21 , 0
734 , 734
495 , 471
3 , 3
14 , 14
6917 , 6916
17 , 3
16 , 4
148 , 0
5 , 0
38 , 21
1 , 0
1522 , 966
7055 , 7006
5 , 5
190 , 157
1 , 1
10 , 10
60 , 32
151 , 87
2 , 0
177 , 0
2 , 0
263 , 260
425 , 425
3 , 0
671 , 671
65 , 0
101 , 93
42 , 27
3 , 3
58 , 56
354 , 347
6202 , 6171
2207 , 1926
6214 , 6214
136 , 132
1173 , 1171
5881 , 5881
22 , 22
14 , 0
137 , 0
2 , 0
43 , 0
6 , 0
67 , 67
1 , 0
4 , 0
7 , 7
4 , 4
2439 , 2439
164 , 164
10 , 0
308 , 301
31 , 31
1171 , 1171
201 , 0
1 , 0
61 , 61
3 , 0
6 , 0
2654 , 2604
1540 , 1540
2 , 0
1 , 1
6557 , 6557
30 , 0
2454 , 2096
2 , 0
8 , 0
1 , 1
6 , 4
16 , 0
2 , 2
6 , 0
167 , 119
41 , 41
480 , 173
25 , 0
4 , 0
2 , 0
101 , 90
6 , 0
13 , 0
170 , 170
179 , 70
3 , 3
1 , 1
112 , 82
1 , 0
17 , 17
72 , 69
11 , 0
1196 , 365
2 , 0
52 , 0
891 , 754
1 , 0
26 , 26
9 , 9
1 , 0
4 , 3
1 , 0
7744 , 7744
3 , 3
235 , 62
6 , 0
4 , 3
28 , 0
1866 , 1844
16 , 16
4178 , 4178
425 , 425
10 , 10
1 , 0
574 , 363
267 , 267
66 , 66
117 , 0
51 , 27
1095 , 1089
26 , 0
12 , 6
1 , 1
4875 , 4875
108 , 108
5362 , 4317
136 , 0
7171 , 7171
1165 , 1133
1875 , 1875
33 , 0
10 , 10
2 , 0
2 , 0
4023 , 3280
48 , 0
7 , 0
2 , 0
7242 , 4903
18 , 18
9435 , 8509
229 , 229
598 , 598
656 , 0
42 , 42
1700 , 1700
1 , 0
705 , 430
37 , 37
1963 , 54
8 , 8
58 , 34
5063 , 4707
83 , 54
467 , 252
3282 , 0
1 , 0
1 , 0
288 , 251
439 , 434
414 , 414
5 , 0
243 , 0
9950 , 9931
4824 , 4824
226 , 224
156 , 0
3 , 0
2 , 2
7 , 0
21 , 15
16 , 16
162 , 162
2 , 2
1161 , 108
1158 , 1158
206 , 0
15 , 0
66 , 63
638 , 10
4740 , 4731
1934 , 1934
108 , 5
5933 , 5932
140 , 140
5743 , 3107
20 , 20
185 , 0
34 , 0
1 , 0
39 , 39
5 , 0
82 , 79
9 , 9
430 , 422
1066 , 1066
9418 , 9417
601 , 582
1359 , 1350
1837 , 1833
6 , 6
1900 , 1900
167 , 0
3 , 0
53 , 53
4750 , 4626
3590 , 3590
1751 , 1751
714 , 48
4036 , 4036
9 , 1
475 , 297
136 , 136
4507 , 4333
927 , 0
2138 , 780
460 , 448
409 , 0
40 , 12
8401 , 8401
6 , 0
8419 , 8202
969 , 969
2 , 2
1695 , 1695
3 , 3
1947 , 1942
10 , 10
38 , 0
1 , 1
1230 , 1214
3430 , 3430
107 , 107
358 , 0
58 , 49
1 , 0
6 , 6
19 , 0
63 , 0
294 , 289
1 , 1
117 , 0
2588 , 1687
85 , 0
770 , 0
828 , 0
335 , 335
181 , 177
100 , 100
2012 , 2012
1 , 0
13 , 4
8 , 8
1618 , 1580
166 , 0
7 , 7
1 , 0
49 , 0
19 , 19
12 , 0
1 , 0
205 , 65
26 , 0
656 , 646
2 , 2
26 , 0
2 , 0
3788 , 3696
43 , 0
372 , 242
185 , 185
13 , 0
4 , 4
1362 , 1355
5251 , 5250
532 , 532
2 , 2
6 , 6
25 , 0
1 , 0
77 , 0
6 , 0
985 , 947
187 , 0
4694 , 4649
53 , 53
228 , 228
660 , 660
1 , 0
4 , 4
1 , 0
1333 , 1293
1 , 0
3 , 0
120 , 0
44 , 0
3 , 0
2 , 0
26 , 0
17 , 17
186 , 111
883 , 883
2 , 0
2690 , 2690
6 , 3
977 , 829
2 , 0
62 , 0
3082 , 3082
3118 , 1672
2 , 2
1728 , 1701
1 , 0
9 , 9
1498 , 1498
2267 , 2267
2081 , 2080
1390 , 1390
1398 , 1398
345 , 0
1141 , 793
38 , 0
1755 , 1755
5 , 0
292 , 278
1389 , 1389
13 , 8
1 , 1
6 , 0
67 , 0
119 , 19
8250 , 8250
2447 , 2238
1 , 0
62 , 45
872 , 855
1 , 0
3660 , 3531
17 , 0
3 , 0
15 , 15
2 , 0
2141 , 2141
4 , 4
1 , 0
4 , 0
686 , 28
649 , 436
20 , 19
531 , 519
211 , 0
18 , 0
16 , 16
755 , 596
145 , 128
3 , 3
5033 , 5033
4345 , 0
5 , 0
44 , 0
43 , 43
2 , 0
5 , 0
26 , 24
15 , 15
3 , 0
7063 , 6362
1 , 0
1466 , 1466
1 , 0
880 , 880
5685 , 5317
45 , 44
291 , 0
13 , 0
310 , 0
177 , 160
254 , 219
3 , 3
40 , 40
1 , 0
196 , 3
328 , 0
119 , 0
3190 , 3186
4 , 0
292 , 282
2 , 2
58 , 0
13 , 13
1733 , 1715
3 , 0
397 , 0
3921 , 3920
627 , 508
5 , 0
3780 , 3724
47 , 47
2637 , 1272
4162 , 4162
6 , 6
534 , 528
4431 , 4346
12 , 0
6039 , 6020
371 , 371
3997 , 3997
544 , 531
33 , 33
4697 , 4697
156 , 156
11 , 8
909 , 909
1305 , 307
22 , 0
2192 , 2192
51 , 0
458 , 285
81 , 81
2 , 0
93 , 34
2181 , 2181
124 , 107
66 , 65
6 , 0
148 , 148
8 , 7
115 , 73
4641 , 4578
1 , 0
819 , 0
2 , 0
961 , 961
6 , 0
4 , 0
21 , 0
443 , 421
15 , 15
198 , 0
5 , 0
9 , 9
5372 , 5372
549 , 549
124 , 105
804 , 804
87 , 0
37 , 34
3046 , 2324
101 , 93
2861 , 2861
1004 , 1004
5 , 1
5788 , 5209
659 , 659
25 , 0
27 , 0
2 , 0
38 , 38
1 , 0
23 , 23
26 , 0
19 , 0
1173 , 1173
13 , 6
3 , 0
41 , 32
116 , 104
79 , 23
193 , 93
1 , 0
3 , 0
2 , 0
1 , 1
9 , 0
2438 , 2438
173 , 169
2 , 0
9958 , 9956
816 , 816
637 , 623
2 , 0
26 , 26
1 , 0
1 , 1
14 , 14
99 , 71
4 , 4
1 , 1
2561 , 2561
1416 , 1415
5 , 0
7 , 6
7 , 0
5 , 0
1865 , 155
4743 , 4743
3 , 0
23 , 0
22 , 0
11 , 0
7533 , 7411
4629 , 223
9 , 9
99 , 0
578 , 451
306 , 306
2 , 0
347 , 346
2704 , 2313
1457 , 1425
7 , 7
2 , 0
465 , 234
19 , 0
6 , 0
9823 , 9752
17 , 17
723 , 156
9362 , 9362
324 , 277
6 , 6
79 , 12
309 , 0
1360 , 1143
1165 , 1165
4234 , 4234
2542 , 2348
2675 , 2612
50 , 0
5140 , 3969
38 , 0
952 , 784
258 , 258
42 , 0
846 , 472
5 , 0
2 , 0
65 , 44
16 , 0
459 , 437
28 , 13
106 , 0
3 , 0
1 , 0
118 , 19
1 , 0
141 , 141
3847 , 3847
8631 , 8631
1898 , 1612
156 , 0
36 , 0
25 , 24
669 , 247
1 , 1
53 , 0
8 , 8
65 , 0
850 , 850
1366 , 1366
1204 , 1204
7 , 0
4 , 0
5261 , 5261
22 , 22
71 , 0
94 , 94
6 , 6
223 , 82
1 , 0
3306 , 3306
2637 , 2600
26 , 26
11 , 11
7 , 7
596 , 596
15 , 0
176 , 176
6 , 6
576 , 576
17 , 0
6608 , 6608
3099 , 2535
265 , 13
18 , 7
1 , 0
21 , 21
3860 , 3860
24 , 0
9 , 0
5843 , 5843
256 , 0
760 , 399
115 , 115
3814 , 3814
2 , 0
15 , 15
6 , 6
455 , 0
1 , 0
120 , 0
13 , 10
10 , 10
7530 , 7515
5742 , 5700
592 , 577
1 , 1
1 , 0
58 , 0
16 , 11
2 , 2
479 , 0
6 , 6
1 , 1
46 , 0
1823 , 243
24 , 24
146 , 146
160 , 0
20 , 0
2 , 0
244 , 244
2576 , 2189
14 , 0
1 , 0
7 , 1
2 , 0
2236 , 2236
30 , 30
2 , 0
22 , 15
1 , 0
3864 , 3711
4 , 0
3 , 0
1 , 1
382 , 0
4116 , 3944
461 , 0
312 , 312
7683 , 7589
10 , 10
38 , 17
1 , 0
2 , 2
7 , 0
25 , 25
515 , 188
1 , 0
1 , 0
871 , 871
1054 , 1054
360 , 0
12 , 12
4973 , 4348
4923 , 4923
49 , 0
6936 , 6915
3838 , 3833
444 , 444
171 , 171
3 , 1
409 , 404
19 , 0
7515 , 7135
1 , 0
1239 , 1160
1 , 0
3084 , 3084
34 , 0
3 , 3
59 , 59
3163 , 3163
5131 , 5131
27 , 0
1913 , 1635
4 , 0
1740 , 1708
3 , 0
1608 , 1415
2859 , 2853
38 , 0
883 , 883
14 , 14
20 , 0
206 , 0
40 , 0
174 , 172
8 , 8
5 , 0
151 , 151
551 , 0
1 , 0
1 , 1
1 , 0
1245 , 1228
239 , 239
1 , 0
1 , 1
2 , 0
55 , 54
18 , 17
1669 , 1669
414 , 414
4388 , 4312
8 , 7
3332 , 1762
702 , 702
4690 , 2947
1 , 0
757 , 752
284 , 284
1224 , 1184
1 , 1
1553 , 1528
3 , 0
39 , 0
16 , 0
9280 , 9221
20 , 0
199 , 175
4 , 4
1025 , 0
317 , 305
2277 , 2184
49 , 0
55 , 54
3042 , 3042
2810 , 2810
214 , 214
4 , 4
2 , 2
883 , 883
1 , 0
16 , 0
91 , 29
227 , 227
1 , 0
33 , 0
1 , 0
619 , 616
568 , 567
370 , 129
3 , 0
72 , 0
5316 , 5315
4503 , 4405
4493 , 4487
4 , 2
4051 , 4051
18 , 18
8 , 0
1 , 1
541 , 541
88 , 88
8 , 1
172 , 172
3 , 0
1818 , 1812
51 , 51
1530 , 1454
1 , 0
2498 , 2435
12 , 0
3243 , 3227
236 , 236
3212 , 3082
672 , 0
821 , 821
10 , 9
112 , 0
18 , 0
4905 , 4826
3874 , 3743
330 , 329
3501 , 3501
108 , 99
190 , 0
2 , 2
4283 , 4045
108 , 0
121 , 121
454 , 0
6935 , 6822
7 , 0
5383 , 5243
1 , 0
1 , 0
116 , 0
1 , 1
5279 , 5276
43 , 0
7 , 0
6443 , 4997
9 , 0
565 , 565
2276 , 2174
17 , 17
9 , 9
3056 , 3056
1 , 0
4 , 0
3 , 3
3923 , 3917
20 , 3
9673 , 9673
17 , 0
3 , 3
1 , 1
251 , 186
717 , 368
9090 , 8745
1 , 1
4245 , 4245
4699 , 4392
7 , 0
14 , 14
3602 , 1356
1 , 1
6024 , 5249
160 , 0
1968 , 1937
3 , 0
390 , 390
18 , 0
1 , 0
2 , 2
7613 , 7613
247 , 241
5841 , 5801
1 , 1
4 , 0
11 , 11
8 , 8
2588 , 2523
16 , 5
22 , 0
1158 , 0
191 , 191
7 , 0
177 , 177
2609 , 981
9968 , 9968
4639 , 4540
16 , 6
5808 , 5808
36 , 35
16 , 0
1 , 0
1 , 0
23 , 21
6318 , 6318
9 , 0
16 , 0
11 , 0
5 , 5
1 , 0
79 , 0
121 , 121
8 , 0
3461 , 3461
22 , 0
128 , 125
2 , 0
163 , 63
112 , 112
449 , 394
831 , 831
1 , 0
164 , 164
3184 , 3184
117 , 117
11 , 11
1469 , 1469
19 , 0
615 , 615
1974 , 1890
7 , 0
13 , 0
31 , 0
403 , 403
1012 , 1010
5553 , 5553
199 , 0
140 , 140
1 , 0
3883 , 3606
7317 , 6538
7561 , 7316
308 , 210
14 , 14
2822 , 2785
5 , 0
14 , 10
20 , 5
4 , 0
11 , 0
3555 , 2091
16 , 0
1470 , 1470
7 , 0
434 , 434
9 , 0
47 , 39
2 , 2
2006 , 2006
335 , 303
63 , 0
8148 , 8148
174 , 173
24 , 0
932 , 914
3 , 2
2 , 0
195 , 195
2 , 0
40 , 30
6427 , 6385
113 , 113
67 , 0
289 , 289
613 , 399
1099 , 0
30 , 22
7 , 0
1 , 1
12 , 2
7776 , 7776
41 , 0
2 , 0
30 , 0
5553 , 5553
4378 , 4375
91 , 91
2 , 2
9295 , 9289
60 , 0
66 , 66
51 , 51
697 , 213
41 , 0
35 , 35
8981 , 8981
24 , 17
7 , 0
149 , 149
477 , 0
1 , 1
697 , 638
6 , 0
1103 , 1102
18 , 0
18 , 0
2384 , 2362
3 , 0
118 , 93
3948 , 3662
3159 , 3159
4 , 4
2 , 0
92 , 0
431 , 383
1 , 0
1899 , 1899
3 , 0
43 , 42
2129 , 2126
367 , 0
9013 , 9013
210 , 210
320 , 237
6079 , 6079
71 , 67
1616 , 1616
1 , 0
5 , 5
683 , 681
25 , 0
2 , 2
445 , 275
13 , 0
5 , 5
6 , 6
4 , 4
22 , 17
1 , 1
176 , 176
1 , 1
18 , 18
204 , 94
1 , 0
190 , 0
9 , 0
15 , 0
4 , 0
947 , 919
22 , 0
3 , 0
4 , 0
1675 , 1636
700 , 0
1 , 0
2 , 0
2 , 0
184 , 184
1814 , 1814
2518 , 2109
110 , 110
1452 , 1334
6103 , 6008
1734 , 1734
88 , 88
762 , 635
90 , 54
1463 , 1403
10 , 10
39 , 0
2215 , 2214
49 , 39
2 , 2
2450 , 2409
1159 , 0
12 , 0
25 , 25
89 , 89
1 , 0
365 , 348
3 , 2
213 , 0
10 , 0
2083 , 2007
144 , 144
3 , 0
14 , 0
6353 , 6353
10 , 0
2 , 0
2 , 0
212 , 192
120 , 120
4 , 0
1 , 1
7 , 0
29 , 29
1177 , 1079
151 , 76
2498 , 2493
1044 , 223
101 , 0
4100 , 4100
14 , 0
102 , 102
544 , 544
1 , 0
6838 , 6838
6038 , 3173
630 , 630
618 , 618
209 , 123
110 , 0
3 , 0
524 , 222
5145 , 5145
84 , 84
2 , 0
7 , 0
15 , 0
31 , 28
141 , 0
80 , 80
3 , 0
11 , 0
6 , 0
4056 , 4054
5081 , 5080
1528 , 0
92 , 81
3976 , 2330
211 , 211
5924 , 5924
4 , 4
3495 , 3495
268 , 149
520 , 509
7078 , 7078
12 , 0
2657 , 2657
1 , 0
20 , 20
1 , 0
162 , 120
29 , 0
90 , 70
1 , 0
24 , 24
72 , 0
2 , 2
848 , 839
10 , 10
98 , 0
6 , 0
46 , 0
4 , 4
1 , 0
720 , 720
1 , 0
10 , 10
1341 , 1341
2 , 2
2 , 1
37 , 32
1585 , 1571
2 , 0
352 , 352
16 , 15
8 , 8
1 , 1
6 , 6
118 , 108
1428 , 1237
25 , 0
5 , 0
1 , 0
134 , 12
4964 , 4637
1084 , 1084
1270 , 1270
3 , 3
94 , 0
40 , 40
490 , 490
1081 , 1072
224 , 224
1 , 0
578 , 440
829 , 829
472 , 472
214 , 153
7223 , 7076
5910 , 5910
1 , 1
1 , 0
6215 , 6188
5 , 0
160 , 156
1022 , 1000
10 , 0
2570 , 2205
664 , 573
2 , 0
37 , 37
3151 , 3066
4 , 0
70 , 70
2 , 0
1 , 0
30 , 29
310 , 0
1 , 1
6644 , 6642
5 , 0
2 , 0
8 , 0
616 , 616
51 , 0
342 , 0
4 , 0
1 , 1
6097 , 6097
197 , 185
169 , 160
51 , 45
8 , 0
200 , 0
1203 , 1203
13 , 0
9 , 0
1870 , 1500
8391 , 8283
3 , 0
61 , 0
4941 , 4872
46 , 0
31 , 31
1 , 0
1556 , 1517
151 , 151
2 , 0
5552 , 5121
546 , 487
15 , 0
1 , 1
85 , 79
1 , 0
626 , 626
3734 , 3734
1391 , 1391
6 , 6
887 , 884
4666 , 4666
145 , 0
7 , 5
4215 , 3299
2 , 1
101 , 98
7182 , 6329
230 , 0
201 , 83
579 , 521
1698 , 0
680 , 678
161 , 161
370 , 194
5194 , 4943
62 , 62
11 , 11
389 , 218
2580 , 1050
572 , 572
329 , 11
1 , 0
1 , 0
1 , 0
6 , 0
7 , 1
111 , 111
6038 , 6038
7 , 0
3195 , 1606
3221 , 3221
92 , 89
1 , 0
1 , 0
1 , 0
188 , 41
5 , 0
1 , 0
14 , 0
3085 , 3085
1 , 0
4 , 0
7495 , 7441
31 , 0
2 , 0
8027 , 8027
958 , 0
23 , 14
163 , 119
99 , 95
33 , 0
5 , 5
5389 , 5073
99 , 88
1 , 0
2054 , 2054
66 , 66
3 , 0
377 , 377
2643 , 2560
9029 , 9017
1 , 0
18 , 0
629 , 575
1797 , 1748
10 , 0
440 , 416
76 , 0
206 , 0
15 , 14
7 , 7
9 , 5
16 , 16
8364 , 8364
382 , 382
49 , 49
2 , 2
393 , 0
7528 , 7413
8 , 8
75 , 75
3 , 3
21 , 0
714 , 597
55 , 55
335 , 335
171 , 171
88 , 88
7829 , 7459
5 , 0
2 , 0
1 , 1
17 , 13
52 , 52
3417 , 3416
1 , 0
2080 , 2077
7 , 0
174 , 174
1771 , 1659
10 , 0
7 , 7
1122 , 0
6 , 6
7 , 0
2 , 0
3371 , 3371
6443 , 6263
2596 , 2596
311 , 250
678 , 678
1682 , 0
4 , 0
27 , 27
20 , 0
1871 , 1861
322 , 0
256 , 0
6 , 0
3 , 1
607 , 0
3 , 0
98 , 98
23 , 22
5 , 0
5 , 0
5240 , 5017
3102 , 3102
1 , 0
303 , 271
234 , 0
2544 , 2377
1 , 0
2 , 1
7634 , 7634
6 , 6
24 , 0
2 , 0
54 , 54
15 , 0
995 , 914
265 , 264
337 , 337
14 , 0
73 , 72
10 , 0
2189 , 2041
6444 , 6444
1 , 0
1 , 1
22 , 22
5 , 0
1 , 0
32 , 30
2 , 2
2 , 0
721 , 721
27 , 27
1 , 0
1 , 0
4 , 4
1 , 0
2632 , 2597
5 , 5
1 , 0
2665 , 2656
745 , 477
1 , 1
35 , 35
2 , 2
44 , 44
92 , 83
3 , 2
4240 , 3708
30 , 25
1 , 1
84 , 0
4 , 0
3240 , 46
5717 , 5716
22 , 0
8131 , 8131
1194 , 1194
1 , 1
8 , 8
29 , 29
2459 , 2443
390 , 390
1 , 0
2104 , 2079
83 , 0
9004 , 8984
2 , 0
35 , 35
2 , 2
915 , 864
1006 , 1003
39 , 0
11 , 11
272 , 222
128 , 128
1316 , 1316
102 , 88
7801 , 6796
236 , 0
2387 , 2387
1 , 0
1 , 0
1 , 0
1 , 0
243 , 87
105 , 105
83 , 68
1 , 0
391 , 116
5 , 5
5 , 0
1964 , 1840
6226 , 5717
259 , 245
1 , 0
1 , 0
1 , 1
169 , 169
226 , 166
48 , 12
29 , 29
761 , 364
1070 , 1047
330 , 325
13 , 8
1 , 0
3632 , 3626
7 , 0
25 , 0
168 , 0
45 , 0
1531 , 1531
32 , 32
32 , 32
17 , 17
1008 , 798
364 , 0
1 , 1
5 , 0
7910 , 7811
61 , 0
1 , 1
895 , 787
4707 , 4515
101 , 101
5124 , 4709
63 , 63
412 , 412
251 , 0
67 , 0
1153 , 1153
6046 , 6046
19 , 0
3 , 3
47 , 3
13 , 0
13 , 0
18 , 0
559 , 0
114 , 88
288 , 281
7 , 0
426 , 426
1 , 1
1056 , 1026
33 , 0
35 , 35
108 , 108
9 , 0
6 , 0
29 , 0
9964 , 9828
20 , 20
286 , 277
7912 , 7905
17 , 0
8501 , 8054
2273 , 1262
2 , 2
25 , 0
189 , 182
5 , 0
266 , 250
3758 , 3733
1456 , 1447
74 , 74
44 , 43
7 , 0
6936 , 6330
1 , 0
44 , 0
11 , 9
12 , 12
424 , 252
15 , 15
5 , 0
22 , 22
384 , 381
2 , 0
2 , 2
83 , 64
5854 , 4206
27 , 19
23 , 0
1 , 0
1157 , 0
174 , 158
677 , 667
3 , 0
2 , 0
15 , 9
56 , 56
6 , 2
13 , 0
6047 , 6043
33 , 33
261 , 261
1134 , 1134
9 , 0
8 , 8
7521 , 7257
3 , 3
156 , 156
6 , 6
1368 , 1368
1 , 1
486 , 247
460 , 0
10 , 0
901 , 901
7702 , 7702
12 , 7
510 , 510
1 , 1
2998 , 2998
323 , 319
1848 , 695
6 , 0
1654 , 1654
1 , 0
4258 , 4258
656 , 483
1 , 1
2534 , 1081
503 , 0
7833 , 7716
1 , 1
9157 , 9134
701 , 701
4726 , 4726
189 , 189
195 , 195
24 , 0
3124 , 1901
2 , 0
16 , 11
21 , 21
2 , 0
171 , 158
8633 , 4485
1 , 0
3780 , 3727
37 , 0
38 , 0
2 , 0
1 , 0
1105 , 1074
5 , 0
42 , 42
11 , 10
177 , 0
23 , 0
6853 , 6835
7 , 7
19 , 0
6 , 6
2 , 0
614 , 540
129 , 129
1746 , 1746
1 , 1
531 , 526
6560 , 6510
22 , 0
3 , 3
22 , 0
5174 , 4653
1632 , 1624
2721 , 2721
107 , 0
9 , 3
448 , 0
375 , 375
1916 , 1916
5283 , 5283
1 , 0
10 , 0
276 , 0
713 , 0
421 , 342
4 , 0
2224 , 2224
123 , 0
37 , 37
15 , 0
5 , 0
285 , 285
2 , 2
93 , 0
3494 , 3457
6 , 0
344 , 344
180 , 178
978 , 884
6618 , 6618
25 , 25
5762 , 5762
1 , 1
8 , 6
902 , 852
1 , 1
6773 , 6764
19 , 0
3928 , 3923
1 , 1
3947 , 3927
612 , 0
2 , 0
14 , 14
17 , 0
6386 , 6381
57 , 51
8608 , 8232
3064 , 3064
246 , 246
3 , 0
2 , 0
98 , 0
1 , 0
5801 , 5679
776 , 776
1540 , 1540
10 , 0
7789 , 4745
11 , 11
250 , 246
1 , 0
3834 , 3834
2896 , 2878
118 , 0
1 , 1
6 , 0
19 , 0
7911 , 6725
182 , 182
6 , 0
67 , 0
312 , 312
31 , 31
38 , 0
76 , 76
80 , 0
1394 , 1394
3 , 0
5472 , 5472
992 , 992
400 , 400
587 , 269
2 , 2
1129 , 1124
6 , 6
33 , 33
1 , 1
14 , 12
1 , 1
8 , 0
387 , 0
24 , 0
207 , 201
28 , 20
1585 , 1585
1595 , 1580
7 , 0
1149 , 1149
9 , 9
590 , 589
2 , 0
1 , 1
9 , 9
24 , 0
493 , 0
78 , 0
2 , 2
216 , 215
43 , 42
5 , 3
1 , 1
2 , 2
1 , 1
107 , 107
6245 , 6245
24 , 24
966 , 884
1 , 0
11 , 0
333 , 0
5 , 0
1 , 0
6808 , 6754
12 , 12
152 , 152
2 , 0
1 , 0
1 , 0
240 , 237
474 , 470
6 , 0
1 , 0
3673 , 3155
5 , 0
336 , 336
367 , 366
35 , 35
946 , 0
1 , 0
747 , 746
10 , 0
29 , 0
3220 , 3211
1194 , 50
8 , 0
123 , 90
17 , 0
1 , 0
44 , 44
37 , 34
1 , 1
3 , 0
57 , 0
256 , 256
62 , 0
1 , 0
1 , 1
7796 , 7794
1551 , 1536
178 , 178
52 , 52
2 , 2
9008 , 8737
910 , 910
8459 , 8337
9098 , 9097
5 , 3
1534 , 1531
3187 , 3179
10 , 9
6841 , 3293
1 , 1
1 , 0
152 , 0
18 , 0
1832 , 1172
2 , 0
3 , 0
1 , 1
1 , 0
924 , 923
7769 , 7725
142 , 142
4 , 0
287 , 287
1 , 1
120 , 120
8 , 6
846 , 837
158 , 158
230 , 230
45 , 45
6100 , 6093
72 , 15
8 , 0
4 , 0
33 , 23
2 , 2
1412 , 1412
8 , 8
14 , 14
110 , 110
3 , 0
3 , 0
55 , 55
1 , 1
2 , 1
3724 , 2331
8 , 8
336 , 334
4933 , 4930
2805 , 2805
4907 , 4904
1262 , 1208
1921 , 1921
67 , 67
114 , 33
1400 , 1400
2 , 0
3540 , 1960
42 , 0
5951 , 5410
1 , 1
11 , 0
415 , 414
86 , 80
1 , 0
87 , 87
11 , 7
3 , 0
32 , 32
1 , 0
23 , 0
1064 , 1064
477 , 476
5 , 0
1278 , 1201
31 , 27
662 , 555
177 , 0
5570 , 5570
323 , 278
1 , 0
1 , 0
320 , 311
820 , 820
91 , 0
3 , 3
377 , 377
1215 , 1099
314 , 288
233 , 204
1 , 0
3990 , 3990
1974 , 1973
24 , 0
61 , 0
3015 , 3014
62 , 62
6349 , 6346
9660 , 9660
277 , 0
198 , 0
2 , 2
6 , 4
4051 , 4032
69 , 68
3 , 0
1 , 0
229 , 229
521 , 478
2 , 0
1 , 0
100 , 100
6354 , 5270
1316 , 0
5836 , 5627
7201 , 7201
353 , 345
5067 , 4973
9435 , 9434
3463 , 2996
2311 , 2281
87 , 87
91 , 91
1356 , 765
1 , 0
57 , 25
5389 , 5389
11 , 0
777 , 769
4241 , 3966
4928 , 3633
1043 , 0
184 , 0
11 , 0
1 , 0
3700 , 3699
2363 , 2363
791 , 756
7 , 6
20 , 17
1 , 0
1 , 0
1 , 0
85 , 85
110 , 0
62 , 0
6279 , 6279
1 , 0
42 , 0
84 , 84
5 , 0
123 , 123
6730 , 6468
2 , 0
1197 , 1130
1 , 0
170 , 167
44 , 32
3714 , 3428
1 , 1
5 , 5
1349 , 1343
2941 , 2927
1230 , 780
4 , 0
11 , 9
5462 , 5316
316 , 34
807 , 804
1 , 1
2 , 1
4465 , 4465
430 , 430
268 , 268
1894 , 1894
1402 , 1400
37 , 37
1 , 0
7 , 0
98 , 98
90 , 90
3594 , 3408
2641 , 2462
5 , 5
497 , 283
22 , 22
1550 , 1526
66 , 0
94 , 76
7165 , 7165
12 , 6
30 , 19
2130 , 0
5 , 3
2 , 0
8 , 0
3 , 0
11 , 0
11 , 0
5 , 1
114 , 0
11 , 11
10 , 0
26 , 0
28 , 0
11 , 11
2868 , 2868
14 , 0
8 , 0
8540 , 8540
343 , 91
158 , 158
4 , 0
21 , 21
76 , 29
13 , 0
5109 , 3238
319 , 319
1 , 1
1876 , 1876
73 , 69
47 , 0
2 , 2
1126 , 1125
723 , 650
569 , 0
1 , 1
45 , 45
65 , 10
140 , 77
250 , 250
2 , 0
534 , 0
1 , 0
8568 , 8457
5 , 0
193 , 160
56 , 56
1871 , 1871
26 , 0
78 , 0
62 , 0
4 , 0
111 , 87
12 , 0
777 , 777
5 , 5
56 , 56
713 , 688
1725 , 1725
15 , 15
99 , 99
4 , 4
60 , 60
738 , 0
1 , 0
3 , 3
93 , 0
366 , 309
486 , 471
5 , 0
36 , 36
2158 , 2123
591 , 87
19 , 19
98 , 77
2954 , 2954
3 , 0
25 , 25
9 , 9
692 , 594
51 , 51
1706 , 1661
534 , 363
13 , 0
1 , 0
6 , 6
170 , 116
54 , 54
9298 , 9290
68 , 68
209 , 0
625 , 625
379 , 0
5 , 3
1 , 1
4580 , 4578
5 , 0
10 , 10
3489 , 3367
1 , 0
1 , 1
1534 , 1487
2 , 0
3 , 3
1 , 0
286 , 286
76 , 76
3 , 3
1203 , 1200
2631 , 2062
1 , 0
1 , 0
43 , 43
1 , 0
2912 , 2600
578 , 578
80 , 0
3 , 3
620 , 603
2357 , 2357
197 , 197
1 , 0
393 , 91
4 , 0
245 , 0
578 , 0
3 , 3
63 , 63
8 , 0
213 , 0
334 , 292
2899 , 0
71 , 0
7 , 0
331 , 205
333 , 333
443 , 0
105 , 105
6 , 0
23 , 0
774 , 774
29 , 0
448 , 0
2 , 1
40 , 0
92 , 92
8 , 0
152 , 150
18 , 10
25 , 25
32 , 18
1 , 1
156 , 156
1 , 1
39 , 0
1 , 0
2 , 0
5365 , 5239
117 , 0
21 , 0
50 , 50
1 , 0
4286 , 4179
3 , 3
4 , 0
3 , 0
179 , 123
3 , 0
42 , 42
5 , 0
1 , 1
7647 , 7477
4059 , 105
15 , 15
2 , 2
4 , 0
22 , 0
111 , 0
997 , 997
1 , 0
39 , 33
211 , 0
2 , 0
3068 , 2993
4 , 0
169 , 0
10 , 0
48 , 0
1770 , 1770
273 , 269
85 , 28
826 , 826
9025 , 8816
2943 , 2910
4650 , 4369
645 , 524
69 , 69
79 , 79
4483 , 4483
7 , 0
5180 , 5144
1 , 0
2 , 2
2 , 0
19 , 0
42 , 40
3 , 0
6 , 0
4862 , 4838
6 , 6
316 , 316
197 , 105
3 , 0
44 , 7
5350 , 4626
2382 , 2165
3453 , 3453
1 , 0
8456 , 8456
262 , 0
3120 , 3120
2 , 0
20 , 20
1550 , 1550
574 , 574
9 , 0
8474 , 8474
1 , 1
32 , 32
27 , 0
545 , 0
2718 , 2718
248 , 248
80 , 79
3 , 0
17 , 0
59 , 54
9416 , 9416
91 , 72
896 , 896
35 , 0
1 , 1
99 , 41
171 , 0
8629 , 8629
4345 , 4345
153 , 153
115 , 108
5501 , 5501
1 , 0
1867 , 1864
49 , 0
94 , 85
10 , 10
22 , 0
1395 , 1371
675 , 605
13 , 12
36 , 34
1 , 0
49 , 26
2 , 0
1832 , 1793
103 , 59
107 , 0
1163 , 341
7924 , 7649
377 , 377
9 , 0
180 , 144
23 , 21
3668 , 3629
86 , 83
5 , 0
4 , 0
1762 , 1762
211 , 210
1153 , 1153
1796 , 1796
1321 , 1317
578 , 31
41 , 0
1 , 0
16 , 0
142 , 57
6 , 6
16 , 12
14 , 0
2 , 2
21 , 21
247 , 246
3 , 0
146 , 139
43 , 0
10 , 10
10 , 10
5 , 3
9608 , 9479
1 , 0
4 , 4
5483 , 4828
4071 , 4060
7 , 5
17 , 0
481 , 480
5092 , 5092
5721 , 4691
10 , 10
1 , 0
127 , 58
4 , 0
5860 , 5860
72 , 47
273 , 273
21 , 5
1 , 1
1 , 1
63 , 0
7253 , 7248
10 , 3
40 , 40
307 , 307
105 , 105
4206 , 4206
7303 , 6953
5 , 0
14 , 0
1 , 1
5189 , 5189
4287 , 2771
182 , 179
219 , 219
722 , 50
242 , 242
2409 , 1188
1419 , 1419
3 , 3
822 , 814
342 , 338
279 , 175
11 , 11
1 , 1
6 , 0
158 , 158
3 , 0
421 , 421
350 , 180
5352 , 5269
1 , 1
9 , 0
7 , 7
867 , 840
1 , 1
929 , 925
1038 , 0
10 , 0
22 , 22
18 , 18
23 , 23
54 , 54
203 , 203
2852 , 1782
19 , 0
3 , 3
6971 , 6971
169 , 169
5 , 5
2993 , 2993
1135 , 894
146 , 0
2149 , 2149
10 , 0
1833 , 1830
15 , 15
8862 , 8862
25 , 25
27 , 27
6642 , 6514
761 , 760
10 , 10
144 , 135
26 , 0
9680 , 9111
340 , 0
343 , 342
2101 , 2101
166 , 0
7770 , 7745
2332 , 2129
135 , 135
37 , 34
1753 , 1753
20 , 0
4 , 0
1 , 0
38 , 38
479 , 476
1 , 0
227 , 227
183 , 183
52 , 52
1169 , 1169
3 , 0
80 , 80
40 , 20
7303 , 7005
4732 , 4689
509 , 0
1049 , 1044
24 , 18
3709 , 3707
33 , 33
233 , 217
1 , 0
3707 , 3707
4 , 4
2947 , 2947
564 , 560
87 , 0
2 , 0
1 , 0
6 , 3
1 , 0
5 , 0
2 , 2
1 , 1
4886 , 4886
287 , 0
11 , 0
130 , 130
513 , 262
13 , 0
16 , 0
2 , 2
1876 , 1754
1235 , 1235
6 , 3
68 , 68
5 , 5
470 , 314
4441 , 4412
3251 , 1459
4 , 0
55 , 49
364 , 364
1 , 0
4 , 0
8 , 0
10 , 9
1776 , 1776
129 , 69
8486 , 8235
138 , 0
69 , 68
179 , 0
5 , 0
911 , 830
5603 , 5603
20 , 14
33 , 0
1 , 0
9 , 0
27 , 0
5 , 5
462 , 461
165 , 163
1 , 0
56 , 0
7 , 0
2 , 2
7783 , 6942
24 , 0
66 , 66
1848 , 1847
4 , 4
2 , 2
1 , 0
131 , 131
130 , 130
2 , 0
1631 , 1177
336 , 0
17 , 17
60 , 60
1 , 1
605 , 605
915 , 852
2395 , 934
131 , 78
212 , 156
1 , 1
10 , 10
2 , 0
1472 , 409
314 , 313
269 , 269
68 , 68
9215 , 8027
1194 , 84
1 , 0
5625 , 5550
752 , 752
1 , 1
3 , 0
2282 , 1188
3 , 0
72 , 0
748 , 720
9 , 7
57 , 0
4 , 0
4 , 0
24 , 0
6 , 6
200 , 200
25 , 25
5553 , 3449
4485 , 4485
4 , 0
7642 , 7464
1801 , 1729
5 , 0
4295 , 4294
341 , 166
1 , 0
439 , 430
7 , 0
449 , 449
3 , 3
156 , 156
260 , 258
1 , 1
1094 , 1094
59 , 0
4 , 1
1 , 0
298 , 298
3 , 3
263 , 263
1892 , 911
5 , 0
1 , 1
147 , 146
1 , 1
34 , 34
1944 , 1939
4110 , 4110
3359 , 2780
4 , 0
7 , 1
485 , 485
151 , 151
1155 , 1155
1562 , 1562
7 , 6
676 , 0
1752 , 1752
19 , 13
1 , 0
3 , 0
4174 , 4163
1603 , 1603
127 , 105
589 , 546
2182 , 1332
2 , 0
36 , 0
4115 , 3980
1 , 0
92 , 92
838 , 835
1073 , 0
10 , 0
24 , 13
910 , 910
1473 , 752
319 , 267
1868 , 1337
6 , 6
6 , 0
1068 , 1068
21 , 21
61 , 0
4667 , 4667
3208 , 3163
1 , 0
7 , 0
7002 , 7002
5 , 5
52 , 0
7 , 7
9 , 9
1 , 0
51 , 24
4534 , 4534
29 , 0
54 , 0
2488 , 2244
6 , 0
8 , 0
30 , 30
9989 , 9698
2097 , 2097
450 , 240
84 , 0
4521 , 4498
9 , 2
27 , 0
1 , 1
47 , 6
1 , 0
9378 , 9378
2 , 0
2275 , 1343
27 , 27
110 , 110
15 , 0
273 , 273
1837 , 1837
1270 , 1083
3100 , 3099
51 , 51
481 , 480
172 , 167
7 , 7
53 , 46
538 , 504
1897 , 1861
52 , 52
17 , 0
15 , 13
1281 , 1280
177 , 177
6895 , 6808
2099 , 2099
1070 , 0
102 , 0
1355 , 1355
31 , 30
7097 , 5503
1088 , 1041
2713 , 0
4080 , 4080
1027 , 1027
25 , 0
7 , 3
3 , 0
5 , 5
1 , 0
23 , 23
1 , 0
1979 , 1979
1 , 0
47 , 0
27 , 27
5960 , 5956
12 , 12
7 , 0
34 , 0
1 , 0
5 , 5
47 , 7
5250 , 4248
554 , 309
2 , 2
9 , 0
30 , 30
3 , 3
1 , 1
255 , 255
1 , 1
109 , 109
5 , 4
2588 , 2588
1 , 1
1 , 0
125 , 0
4690 , 4493
4 , 0
1 , 1
11 , 11
61 , 0
1025 , 1023
1 , 0
9 , 0
77 , 0
946 , 897
2 , 0
146 , 79
3521 , 2125
52 , 52
8 , 8
22 , 0
19 , 0
844 , 806
13 , 13
5168 , 5131
4 , 0
337 , 0
1 , 0
2495 , 1889
1 , 0
5 , 0
41 , 36
21 , 0
103 , 97
225 , 0
3 , 3
40 , 40
23 , 0
27 , 0
25 , 25
1 , 0
34 , 34
834 , 834
770 , 0
456 , 402
2331 , 2331
36 , 36
221 , 180
98 , 98
8 , 0
183 , 0
2 , 0
3 , 3
728 , 0
3 , 0
2551 , 2551
2 , 0
502 , 0
1 , 1
17 , 0
8 , 0
1 , 0
2 , 2
11 , 0
8 , 8
14 , 7
589 , 413
852 , 676
3438 , 2565
181 , 165
536 , 264
4 , 4
74 , 73
1 , 0
5 , 0
6651 , 6346
232 , 232
1 , 0
286 , 217
1 , 1
1159 , 1135
1 , 0
152 , 0
180 , 0
31 , 31
1 , 0
8 , 8
295 , 295
21 , 21
883 , 883
1 , 0
794 , 0
10 , 10
1 , 1
2 , 0
6691 , 5433
8 , 7
44 , 34
57 , 57
18 , 0
2 , 0
418 , 418
643 , 250
5441 , 5441
145 , 104
29 , 29
233 , 228
1 , 1
86 , 86
4 , 4
6 , 6
2 , 0
1 , 0
9971 , 9971
147 , 147
5 , 5
97 , 0
126 , 0
3412 , 3412
3 , 3
1 , 0
1 , 0
23 , 0
2 , 2
106 , 62
6756 , 6756
3367 , 3359
47 , 47
6534 , 6532
7 , 0
446 , 445
3 , 3
108 , 30
9 , 9
5608 , 5523
2 , 0
13 , 13
279 , 279
1 , 0
1 , 0
63 , 34
3 , 0
2 , 0
3 , 0
80 , 43
6097 , 4857
453 , 0
11 , 0
60 , 59
3478 , 3362
39 , 12
665 , 528
129 , 110
11 , 0
11 , 0
1 , 0
10 , 0
165 , 0
29 , 21
215 , 0
87 , 60
3 , 0
2 , 0
7 , 0
92 , 92
1 , 1
146 , 32
1109 , 1109
1 , 0
53 , 53
3852 , 3852
3483 , 3133
102 , 0
3191 , 3191
456 , 456
2805 , 2805
5825 , 5632
4 , 4
272 , 269
174 , 0
8 , 8
180 , 166
7903 , 7540
1 , 1
1835 , 1670
6707 , 6103
229 , 227
5 , 0
8440 , 8440
2833 , 2398
1503 , 1498
806 , 0
5 , 5
32 , 32
69 , 44
13 , 0
1 , 0
2832 , 2501
314 , 314
38 , 0
23 , 23
4080 , 3911
6 , 6
1 , 0
9029 , 9028
111 , 0
4 , 0
405 , 0
244 , 244
38 , 0
2 , 0
1 , 1
6062 , 5923
1661 , 1661
14 , 0
4819 , 4812
3 , 3
1 , 1
37 , 37
137 , 137
51 , 50
15 , 0
1315 , 382
4 , 0
353 , 0
3 , 0
361 , 361
2 , 0
26 , 0
20 , 0
1669 , 1669
1 , 0
140 , 35
4 , 4
4 , 4
21 , 21
17 , 17
7005 , 5624
1 , 1
9 , 8
1027 , 948
5651 , 5377
222 , 222
126 , 124
833 , 0
640 , 637
1330 , 920
33 , 0
1 , 0
144 , 142
2 , 0
8650 , 8644
43 , 43
1 , 0
7453 , 6915
1 , 0
2 , 2
1 , 1
18 , 18
1890 , 1890
3082 , 3030
1 , 0
9 , 0
7 , 7
225 , 181
1 , 0
94 , 94
853 , 853
224 , 224
7017 , 5989
159 , 157
5 , 0
9338 , 9319
2 , 2
1335 , 1335
91 , 52
678 , 0
6 , 4
42 , 42
5519 , 5512
20 , 20
6 , 0
1 , 1
1795 , 1792
5 , 0
1930 , 1930
269 , 269
61 , 0
5 , 0
3 , 3
7 , 4
10 , 10
219 , 219
6 , 0
30 , 30
497 , 439
361 , 0
18 , 0
5623 , 5536
504 , 443
4 , 0
1 , 1
1456 , 1455
2 , 0
9065 , 7999
4096 , 4071
9263 , 9263
11 , 0
10 , 10
46 , 46
13 , 13
2983 , 2761
223 , 216
33 , 33
53 , 49
279 , 277
1 , 0
49 , 49
1 , 0
1165 , 646
34 , 6
1 , 0
89 , 89
47 , 0
595 , 594
9 , 0
228 , 228
848 , 848
746 , 0
1 , 0
2523 , 2523
21 , 0
10 , 0
838 , 838
811 , 655
13 , 13
43 , 0
4426 , 4023
1980 , 1980
13 , 13
2083 , 2083
14 , 0
4 , 0
1165 , 1165
2079 , 2053
22 , 22
455 , 335
4 , 4
1175 , 1171
1078 , 0
339 , 287
4 , 0
14 , 14
3 , 3
8 , 8
2 , 0
98 , 0
17 , 17
30 , 0
579 , 505
10 , 0
6 , 0
144 , 144
4 , 0
182 , 30
6144 , 5917
161 , 161
2659 , 0
401 , 401
2 , 0
4 , 3
2 , 2
248 , 209
528 , 0
5590 , 5579
1 , 1
2412 , 2412
767 , 767
226 , 226
15 , 15
193 , 0
34 , 0
7220 , 6274
6917 , 6850
44 , 44
343 , 342
1 , 0
2 , 0
57 , 57
183 , 0
1318 , 1318
1 , 0
83 , 83
2 , 0
1 , 0
191 , 190
979 , 979
9946 , 9946
4 , 4
3384 , 3301
1377 , 1377
1711 , 457
94 , 0
288 , 288
165 , 165
103 , 103
167 , 167
275 , 0
5 , 0
3 , 0
10 , 0
1278 , 1258
767 , 767
1 , 0
2 , 2
2971 , 0
8 , 7
208 , 208
808 , 807
5319 , 3411
4251 , 4203
42 , 42
26 , 26
1 , 0
17 , 17
1 , 0
225 , 192
72 , 72
398 , 398
16 , 16
14 , 14
2425 , 2425
120 , 120
669 , 669
109 , 0
1129 , 1038
3592 , 1008
14 , 0
24 , 0
4327 , 4302
1 , 1
30 , 28
4437 , 4421
10 , 10
10 , 0
1 , 0
18 , 0
41 , 30
1 , 0
2 , 2
13 , 13
3 , 0
7 , 0
7 , 0
7961 , 7648
18 , 0
37 , 27
43 , 0
9 , 0
62 , 62
4563 , 4563
1 , 0
6901 , 6901
2947 , 2722
2400 , 2385
43 , 0
6 , 6
1 , 1
103 , 103
15 , 0
8271 , 846
6044 , 5529
5 , 5
1868 , 1855
2590 , 2459
81 , 81
95 , 95
2 , 2
1242 , 1240
17 , 17
835 , 835
3 , 2
64 , 63
89 , 89
1 , 0
3 , 3
197 , 133
10 , 10
841 , 841
3 , 0
17 , 17
47 , 0
1 , 0
3835 , 3422
9483 , 9483
8912 , 8177
43 , 32
1 , 1
40 , 32
2331 , 2331
970 , 970
16 , 10
4023 , 3927
429 , 315
3 , 3
21 , 0
5343 , 5343
37 , 0
26 , 26
55 , 0
1940 , 1939
13 , 8
346 , 0
5554 , 5549
737 , 729
838 , 838
204 , 202
43 , 43
2257 , 1330
453 , 453
2161 , 2161
5970 , 5938
8 , 0
17 , 17
8674 , 8630
99 , 0
4014 , 3767
13 , 13
1970 , 1970
2906 , 2906
1 , 0
63 , 46
385 , 264
5327 , 5327
173 , 84
30 , 0
8 , 0
1482 , 1455
16 , 0
351 , 7
6 , 6
3 , 0
3841 , 3841
9 , 0
17 , 0
1 , 0
1355 , 1354
1 , 0
3 , 0
6 , 0
25 , 15
9848 , 9848
4 , 0
879 , 879
1 , 0
1626 , 1624
1 , 0
131 , 105
494 , 491
306 , 68
52 , 0
233 , 111
188 , 188
90 , 53
29 , 0
17 , 10
350 , 0
650 , 650
18 , 0
14 , 0
62 , 62
1374 , 1315
1 , 1
4 , 4
46 , 0
405 , 405
1 , 0
8971 , 8964
1 , 1
6803 , 6803
730 , 0
1481 , 1441
2 , 2
174 , 0
66 , 11
1 , 0
9 , 2
4379 , 4308
4939 , 4524
1066 , 844
15 , 15
581 , 0
2 , 2
539 , 539
4 , 4
240 , 240
159 , 0
24 , 24
2905 , 2892
9951 , 9880
20 , 20
1 , 0
845 , 59
2111 , 2111
1026 , 110
179 , 179
3737 , 3737
1 , 0
11 , 0
15 , 0
1046 , 1042
1 , 1
130 , 130
727 , 727
4195 , 4173
351 , 351
53 , 47
1 , 0
1 , 0
15 , 0
1 , 0
800 , 794
1316 , 1316
169 , 166
9490 , 9259
1066 , 1066
459 , 339
27 , 0
9494 , 9194
1904 , 1904
1 , 0
363 , 351
2 , 0
1 , 0
187 , 171
350 , 0
1 , 0
12 , 0
1698 , 188
3715 , 3663
3 , 0
9 , 4
227 , 227
186 , 186
1 , 0
6 , 6
2 , 0
23 , 20
1284 , 1284
108 , 0
3 , 3
148 , 148
18 , 17
106 , 0
5427 , 5419
255 , 255
9 , 6
3 , 0
2225 , 2138
9623 , 9623
3898 , 3542
76 , 0
1 , 1
57 , 41
6 , 6
2 , 2
7401 , 7401
129 , 116
2 , 2
7 , 7
200 , 200
3 , 0
4 , 0
2 , 0
3 , 0
1134 , 1134
2 , 0
4 , 0
166 , 164
835 , 823
239 , 239
11 , 11
214 , 172
49 , 49
419 , 378
97 , 0
11 , 8
163 , 160
1 , 0
7320 , 7148
22 , 0
3501 , 3481
53 , 0
1764 , 314
9530 , 9530
377 , 277
8 , 0
2 , 0
18 , 18
3531 , 3531
9 , 0
194 , 184
6 , 0
107 , 0
5404 , 5165
1 , 0
23 , 0
5 , 0
20 , 20
3 , 0
73 , 4
1 , 0
169 , 0
1 , 1
23 , 23
197 , 152
3572 , 3572
125 , 99
1357 , 0
608 , 608
1419 , 1419
25 , 0
70 , 70
3 , 3
3045 , 2750
572 , 322
477 , 411
20 , 0
2 , 0
79 , 79
77 , 0
8806 , 8774
2241 , 2213
470 , 0
54 , 54
1 , 1
1 , 0
1 , 0
91 , 89
413 , 380
2 , 2
1 , 1
5 , 0
3881 , 3881
57 , 57
10 , 0
12 , 0
20 , 20
44 , 0
27 , 27
1054 , 895
665 , 665
17 , 0
292 , 0
1 , 0
3383 , 3383
2 , 0
1 , 0
352 , 189
5 , 0
12 , 12
1 , 1
1 , 1
2511 , 2345
351 , 0
82 , 0
6 , 0
3606 , 3562
275 , 0
18 , 0
105 , 105
1790 , 1789
1 , 1
2 , 2
146 , 143
611 , 492
3 , 0
179 , 157
526 , 461
173 , 101
28 , 0
14 , 0
4612 , 4612
787 , 275
754 , 660
1153 , 1153
299 , 17
4 , 0
189 , 189
161 , 160
4438 , 4429
9358 , 6027
32 , 0
10 , 0
19 , 19
2 , 0
1 , 0
18 , 0
6 , 6
6882 , 6240
1 , 0
32 , 0
721 , 590
1 , 1
2581 , 2579
5891 , 5891
486 , 121
5 , 0
1 , 0
23 , 0
609 , 608
87 , 84
21 , 0
1 , 0
1915 , 1430
8845 , 8844
1 , 0
16 , 15
2 , 2
3040 , 3040
2755 , 2577
1 , 0
11 , 11
1 , 0
41 , 31
113 , 0
32 , 32
797 , 689
952 , 952
41 , 27
603 , 160
1707 , 0
16 , 16
765 , 765
98 , 16
8605 , 8605
187 , 75
1924 , 1794
3050 , 2304
1280 , 1280
1 , 0
33 , 33
2 , 0
5 , 0
2641 , 2633
29 , 29
247 , 247
16 , 0
50 , 0
22 , 18
1 , 0
348 , 323
5 , 0
20 , 0
1 , 1
1 , 0
2 , 0
421 , 0
326 , 237
13 , 13
105 , 50
6092 , 6015
53 , 53
276 , 257
380 , 177
3567 , 3333
3 , 0
279 , 0
116 , 0
2225 , 2198
27 , 27
7 , 0
54 , 51
15 , 15
1280 , 1280
46 , 46
3381 , 2698
1 , 0
4 , 0
1 , 0
4564 , 3282
1 , 1
9 , 0
24 , 24
28 , 0
1 , 0
175 , 0
7918 , 7745
306 , 306
72 , 62
2867 , 2837
4446 , 4446
3 , 0
133 , 0
7 , 7
2 , 2
6319 , 6319
78 , 0
122 , 121
7404 , 7385
5 , 0
8857 , 8857
1343 , 1138
226 , 0
8275 , 8253
1113 , 1112
4 , 4
3753 , 3753
160 , 100
303 , 282
2 , 0
1 , 0
65 , 65
226 , 197
28 , 0
52 , 52
385 , 292
1 , 1
5 , 0
219 , 188
11 , 11
4 , 0
9096 , 9096
1 , 0
7762 , 7762
60 , 60
1 , 0
4034 , 4034
1 , 0
328 , 327
73 , 73
24 , 0
106 , 106
5 , 5
1524 , 1275
5154 , 5133
8 , 8
392 , 380
29 , 0
253 , 253
2679 , 2679
466 , 463
28 , 28
1 , 0
18 , 18
2211 , 2153
38 , 38
146 , 141
3 , 0
1322 , 1237
57 , 54
2917 , 2916
8 , 0
5580 , 5055
363 , 285
1 , 0
9737 , 9737
833 , 751
292 , 163
78 , 74
506 , 5
9 , 0
1761 , 1761
4864 , 0
2 , 2
929 , 928
68 , 54
7 , 0
1486 , 1486
55 , 55
3 , 0
9821 , 9719
413 , 413
218 , 218
817 , 817
246 , 222
1372 , 1372
8987 , 8959
502 , 501
2 , 0
1 , 1
85 , 85
855 , 757
9 , 9
3 , 0
251 , 251
2 , 0
191 , 0
135 , 135
1095 , 1095
5293 , 5292
101 , 0
1 , 0
3781 , 3766
4998 , 3401
167 , 0
2644 , 2644
57 , 57
2455 , 2003
194 , 0
18 , 18
3 , 1
984 , 983
484 , 467
215 , 0
58 , 18
4 , 4
367 , 367
4 , 0
1 , 1
6 , 0
1 , 0
1 , 0
83 , 83
50 , 40
3 , 3
105 , 72
109 , 109
842 , 637
92 , 89
306 , 306
3587 , 3580
549 , 143
1 , 1
103 , 0
340 , 86
7306 , 7083
1092 , 1062
436 , 400
3 , 0
931 , 931
13 , 13
2 , 2
1 , 0
1087 , 0
3013 , 3013
859 , 859
1 , 0
421 , 421
561 , 511
36 , 30
47 , 0
28 , 28
92 , 92
108 , 89
4885 , 4703
61 , 61
91 , 81
42 , 42
835 , 818
1 , 0
14 , 11
680 , 547
15 , 0
6333 , 6218
51 , 51
53 , 53
726 , 718
3 , 0
6321 , 2587
79 , 0
36 , 36
8408 , 8403
1 , 0
9 , 0
4233 , 4176
2960 , 2960
6402 , 6196
765 , 66
166 , 0
39 , 0
60 , 0
2595 , 2576
1 , 1
1 , 0
4 , 4
72 , 56
3 , 0
71 , 71
212 , 128
3 , 0
45 , 45
14 , 14
5219 , 5192
2 , 0
38 , 0
198 , 0
1373 , 1373
2 , 2
12 , 12
32 , 0
1 , 0
3774 , 3774
666 , 575
4 , 0
9792 , 9792
55 , 37
20 , 20
6 , 6
255 , 0
1 , 1
95 , 92
1188 , 0
2542 , 2460
12 , 12
149 , 148
52 , 0
453 , 453
6 , 0
962 , 950
7011 , 6147
9 , 0
6 , 0
124 , 73
1135 , 1122
1 , 0
1 , 1
1 , 0
4516 , 4201
2309 , 2309
12 , 12
1 , 0
1565 , 1555
36 , 35
3 , 0
33 , 33
158 , 0
2 , 2
2120 , 2089
1 , 0
668 , 668
2 , 0
5769 , 5658
2765 , 2165
128 , 128
328 , 283
380 , 380
57 , 50
244 , 244
117 , 110
7343 , 7314
4371 , 4203
133 , 126
24 , 24
17 , 0
2 , 0
1151 , 947
17 , 17
5868 , 5825
2 , 0
3903 , 286
34 , 33
44 , 0
25 , 23
12 , 8
7658 , 7562
610 , 610
19 , 0
490 , 472
3631 , 3625
9422 , 9422
13 , 13
2136 , 2136
2 , 0
1 , 1
1944 , 1939
15 , 0
21 , 0
9683 , 9220
2 , 0
26 , 26
247 , 247
37 , 37
22 , 22
3145 , 3144
27 , 27
91 , 91
37 , 0
1 , 0
1 , 0
287 , 0
5 , 4
4 , 3
525 , 525
4 , 4
11 , 0
457 , 457
129 , 129
130 , 0
167 , 0
5374 , 5356
11 , 0
1163 , 1163
673 , 632
124 , 118
307 , 0
1 , 0
34 , 2
17 , 17
89 , 86
1334 , 1326
31 , 0
18 , 18
1695 , 1550
876 , 443
9 , 0
9272 , 8435
1 , 1
80 , 80
4345 , 1467
47 , 47
9 , 4
9 , 0
343 , 343
7 , 7
1017 , 1017
2 , 0
2 , 0
5761 , 5220
741 , 708
2 , 0
1190 , 1190
1606 , 1606
32 , 29
4 , 0
1 , 0
2125 , 62
550 , 550
1760 , 1760
6 , 0
13 , 13
1 , 0
1 , 0
131 , 0
6 , 0
5 , 5
2952 , 2952
22 , 22
5997 , 5989
4289 , 4287
12 , 0
224 , 65
1 , 0
299 , 299
2 , 0
324 , 263
1 , 0
2 , 0
53 , 0
1216 , 1216
85 , 84
5029 , 891
59 , 30
224 , 94
21 , 10
1 , 0
193 , 100
5430 , 4304
263 , 263
386 , 385
42 , 42
9 , 0
6 , 5
8 , 0
182 , 180
18 , 18
4 , 0
691 , 691
32 , 32
1 , 0
3444 , 2863
919 , 919
4 , 4
1 , 1
35 , 35
106 , 0
740 , 667
3 , 3
9 , 6
112 , 97
1 , 0
627 , 627
6 , 0
1 , 0
675 , 541
27 , 0
252 , 0
56 , 56
4 , 0
5 , 0
271 , 258
5438 , 5437
837 , 837
9 , 0
58 , 0
1 , 0
19 , 19
1155 , 1147
1 , 0
1116 , 1113
43 , 43
10 , 0
594 , 0
39 , 39
3531 , 1370
927 , 927
741 , 741
44 , 44
4 , 4
1956 , 1956
8 , 2
36 , 0
332 , 332
1 , 0
213 , 54
666 , 666
1 , 0
4 , 0
116 , 116
4 , 0
707 , 0
751 , 751
110 , 84
3 , 0
28 , 0
6334 , 6334
1 , 0
4361 , 4328
131 , 131
28 , 28
3 , 3
6411 , 6411
2 , 2
82 , 72
1 , 0
992 , 528
1 , 0
1485 , 1485
2 , 0
7281 , 7269
360 , 360
3 , 3
9 , 6
18 , 3
6305 , 6305
4 , 4
9 , 0
355 , 355
409 , 409
867 , 857
7642 , 7587
2 , 0
6 , 0
2418 , 0
1 , 0
578 , 0
932 , 910
99 , 91
1 , 0
5575 , 5357
844 , 593
1700 , 1662
3379 , 3379
1256 , 1056
357 , 325
13 , 0
11 , 0
2 , 2
9191 , 8816
2152 , 1758
631 , 501
6 , 0
1 , 0
159 , 82
106 , 0
124 , 74
48 , 8
3 , 0
5 , 0
4 , 0
387 , 0
17 , 0
6 , 0
1506 , 1499
37 , 0
1 , 0
642 , 633
8 , 0
52 , 0
25 , 1
1 , 0
60 , 60
1072 , 1072
4 , 0
5 , 0
2118 , 2118
9 , 0
70 , 70
507 , 504
267 , 0
3835 , 3716
2 , 0
386 , 329
1902 , 1902
1 , 1
696 , 468
1 , 1
353 , 0
13 , 12
72 , 72
7 , 7
154 , 154
10 , 10
2076 , 2003
8 , 0
27 , 0
160 , 127
1 , 1
19 , 19
281 , 280
206 , 0
1 , 0
436 , 0
207 , 207
2022 , 2019
6 , 6
57 , 0
2653 , 2651
18 , 0
502 , 375
7 , 0
6856 , 6796
67 , 0
200 , 141
10 , 10
96 , 0
451 , 450
31 , 30
1096 , 1096
533 , 486
5721 , 5721
1 , 0
5915 , 5915
7273 , 6314
2 , 2
39 , 0
3 , 2
5164 , 1808
5105 , 5097
1775 , 1231
7 , 0
4 , 0
2 , 0
1 , 1
1 , 0
2626 , 2626
52 , 35
1 , 0
9405 , 9404
1298 , 1298
7 , 7
5 , 0
11 , 10
255 , 15
5 , 0
10 , 10
1 , 1
525 , 473
119 , 119
846 , 298
605 , 605
3 , 0
11 , 4
357 , 356
492 , 492
113 , 113
1 , 0
599 , 71
56 , 56
29 , 15
1 , 1
111 , 110
5197 , 5153
104 , 69
38 , 0
1 , 0
1863 , 847
37 , 37
154 , 154
37 , 1
1 , 0
242 , 240
33 , 0
8441 , 8064
44 , 44
685 , 685
952 , 952
13 , 0
745 , 719
2094 , 1295
17 , 17
61 , 0
24 , 24
3 , 0
2 , 0
1 , 1
3673 , 3642
58 , 58
21 , 0
64 , 0
1064 , 996
870 , 23
186 , 184
181 , 181
697 , 0
611 , 517
9 , 0
1035 , 1035
4 , 3
3 , 0
53 , 53
347 , 343
2 , 0
2 , 0
461 , 360
1 , 0
850 , 850
14 , 10
5 , 0
7181 , 7146
1190 , 359
1063 , 1063
8044 , 7745
269 , 0
1 , 1
172 , 172
3 , 0
861 , 861
35 , 20
14 , 12
3 , 0
18 , 18
1 , 0
1 , 1
350 , 350
12 , 0
1 , 1
1853 , 1787
7 , 0
719 , 719
43 , 39
9202 , 9094
2 , 0
133 , 133
22 , 0
487 , 176
18 , 18
8 , 0
73 , 73
1 , 0
17 , 16
151 , 148
7 , 0
29 , 25
538 , 0
1 , 0
1081 , 1081
6916 , 6916
104 , 69
2 , 0
133 , 133
105 , 105
16 , 0
2622 , 2601
1 , 1
2 , 0
193 , 193
1 , 0
52 , 0
22 , 21
1 , 0
4590 , 4590
1 , 0
63 , 42
95 , 95
1294 , 1294
308 , 297
34 , 0
7 , 1
20 , 0
5 , 0
3400 , 2457
7 , 7
30 , 0
8344 , 8344
175 , 169
1 , 0
353 , 353
25 , 0
349 , 284
109 , 104
1 , 0
10 , 0
2 , 2
3 , 3
4059 , 3018
315 , 37
7 , 6
112 , 112
8 , 0
1 , 0
13 , 0
1468 , 1466
2 , 0
6097 , 5664
38 , 37
76 , 0
1125 , 1122
3031 , 2806
4158 , 4149
18 , 0
18 , 7
571 , 444
3 , 0
4198 , 4198
392 , 0
9 , 3
5438 , 5438
3142 , 3076
38 , 37
1 , 0
5463 , 5463
315 , 315
1475 , 1475
2000 , 1986
1 , 0
259 , 237
6693 , 6563
12 , 0
233 , 0
2 , 0
23 , 0
3050 , 2944
8992 , 8975
8 , 0
4281 , 4155
1 , 0
2 , 2
50 , 50
124 , 0
1 , 0
13 , 0
1163 , 1163
61 , 61
11 , 11
3 , 3
19 , 19
2 , 2
4 , 0
77 , 76
255 , 254
579 , 579
23 , 23
2 , 0
7 , 0
3 , 0
401 , 0
9955 , 9955
9 , 0
5967 , 5966
1456 , 1456
113 , 0
54 , 0
7 , 0
1012 , 941
7762 , 7589
58 , 58
635 , 635
3746 , 3221
9806 , 9735
169 , 168
3 , 3
62 , 62
14 , 14
16 , 9
513 , 510
3 , 0
3 , 0
77 , 56
326 , 0
310 , 0
77 , 0
939 , 0
1522 , 0
9164 , 9157
40 , 0
9989 , 9949
1039 , 863
772 , 772
2 , 2
6 , 5
1 , 1
2080 , 2010
83 , 55
854 , 745
116 , 5
2356 , 1337
90 , 90
598 , 441
14 , 0
589 , 0
292 , 292
5 , 0
4 , 0
4556 , 4556
56 , 56
5 , 5
1 , 0
1006 , 0
127 , 120
9868 , 9852
77 , 77
73 , 0
289 , 289
11 , 0
11 , 11
1203 , 647
353 , 353
8 , 0
14 , 0
7770 , 7766
563 , 540
8225 , 8225
1239 , 1232
920 , 920
73 , 73
12 , 3
7429 , 7400
166 , 0
1418 , 1399
2178 , 1722
294 , 294
49 , 49
3 , 3
5527 , 5469
1 , 1
8 , 0
129 , 129
3340 , 3316
92 , 0
4 , 0
6034 , 6032
1 , 0
3 , 0
2 , 0
776 , 776
180 , 174
4 , 4
4 , 4
45 , 45
960 , 959
4 , 0
6 , 0
24 , 0
18 , 2
1 , 0
355 , 355
41 , 41
44 , 23
35 , 0
3 , 0
7 , 0
56 , 51
7100 , 6721
585 , 298
19 , 0
1 , 0
13 , 11
523 , 523
10 , 9
1 , 0
5 , 5
1057 , 1057
863 , 861
2 , 0
1 , 0
545 , 545
1359 , 1359
404 , 71
1 , 0
4058 , 4058
2 , 2
968 , 967
2 , 2
1 , 0
327 , 317
26 , 0
1 , 1
1740 , 1729
5275 , 5275
17 , 17
2076 , 2076
2 , 2
53 , 0
20 , 19
5983 , 5983
61 , 61
1 , 1
58 , 41
914 , 900
492 , 391
8 , 0
77 , 0
4238 , 4221
36 , 36
103 , 50
35 , 26
73 , 73
7 , 0
14 , 0
11 , 0
2610 , 2609
1011 , 977
37 , 0
87 , 0
1 , 0
73 , 0
15 , 15
4810 , 4338
1 , 1
7199 , 7199
7617 , 7616
76 , 76
992 , 0
6043 , 2511
3 , 3
2 , 0
11 , 0
24 , 24
3 , 0
119 , 104
375 , 46
13 , 13
4425 , 3718
14 , 11
297 , 287
222 , 222
2283 , 2283
581 , 0
80 , 78
5 , 0
3568 , 3231
1657 , 1359
70 , 70
274 , 274
64 , 64
1 , 0
435 , 435
6173 , 5810
14 , 0
46 , 0
2 , 0
2 , 0
32 , 0
1270 , 1270
646 , 632
1016 , 1016
777 , 775
7014 , 6895
6 , 6
32 , 32
2 , 0
2 , 2
1 , 0
1162 , 1045
288 , 288
112 , 85
2285 , 1444
2 , 0
2915 , 2902
38 , 2
321 , 321
261 , 261
34 , 28
1945 , 1663
1 , 1
3 , 0
1 , 1
2 , 2
53 , 53
2 , 0
41 , 0
18 , 0
1 , 0
688 , 603
30 , 30
124 , 119
4055 , 4027
2 , 2
209 , 209
2922 , 2922
2857 , 2857
3255 , 3196
55 , 0
1 , 0
2 , 0
1158 , 1147
743 , 289
606 , 605
9512 , 9512
5780 , 5778
5 , 0
157 , 0
1 , 0
3657 , 3307
1425 , 1418
86 , 64
506 , 506
167 , 131
629 , 564
140 , 140
947 , 804
215 , 211
75 , 74
2 , 2
7778 , 7579
994 , 994
1 , 0
18 , 18
22 , 0
1 , 1
275 , 233
656 , 0
74 , 5
9977 , 9952
131 , 131
987 , 987
3 , 0
13 , 13
673 , 667
10 , 0
35 , 35
10 , 0
2 , 2
91 , 91
3282 , 3249
2631 , 2631
8 , 0
3 , 3
4826 , 4826
3469 , 2405
2450 , 2448
14 , 0
31 , 0
1 , 0
2 , 0
7 , 0
24 , 0
16 , 0
2 , 0
16 , 0
652 , 615
23 , 21
16 , 12
4087 , 1429
12 , 11
77 , 0
1 , 1
1 , 0
16 , 0
1 , 0
18 , 0
21 , 12
2476 , 2473
36 , 36
2 , 0
54 , 49
56 , 56
8223 , 8048
6 , 0
2 , 0
66 , 0
3746 , 3564
38 , 0
63 , 0
5 , 5
11 , 2
12 , 0
50 , 0
3235 , 3235
10 , 9
23 , 0
1708 , 1451
4 , 0
23 , 0
150 , 0
1 , 0
6378 , 6374
5 , 4
4 , 3
24 , 0
1244 , 964
4 , 0
1703 , 1701
3343 , 607
107 , 105
65 , 65
55 , 55
8611 , 6572
3689 , 1667
324 , 324
1322 , 1264
30 , 0
1 , 0
1 , 1
2486 , 2448
1741 , 1416
6072 , 6070
2476 , 2473
430 , 0
1 , 0
4 , 0
238 , 182
4 , 0
1 , 0
357 , 357
107 , 26
3 , 3
60 , 60
2408 , 2207
1 , 0
84 , 0
6 , 0
1066 , 0
2548 , 2525
13 , 13
9 , 0
1 , 0
113 , 109
5899 , 5888
820 , 808
2047 , 2032
14 , 6
135 , 132
6 , 0
75 , 41
7645 , 7611
671 , 330
4 , 4
93 , 0
862 , 862
1 , 0
1 , 1
121 , 121
4 , 0
4 , 0
3 , 0
1 , 0
1076 , 891
5 , 0
9984 , 9984
13 , 0
9191 , 9189
2 , 2
1384 , 1154
2 , 0
122 , 0
279 , 0
6 , 5
458 , 451
152 , 152
792 , 792
30 , 0
4199 , 4159
5251 , 5204
3 , 0
2658 , 2657
1 , 0
6568 , 4806
119 , 110
467 , 435
1592 , 1592
7407 , 7400
6457 , 6204
2 , 0
1 , 1
33 , 16
499 , 499
144 , 127
389 , 315
3 , 3
8 , 8
11 , 11
12 , 0
5908 , 4088
36 , 0
2227 , 2186
4 , 4
976 , 976
1 , 0
6107 , 6000
15 , 15
67 , 67
84 , 0
6137 , 6114
1 , 0
464 , 0
3 , 3
231 , 214
1 , 1
14 , 0
2 , 0
1 , 1
5 , 0
113 , 113
4 , 0
17 , 11
1 , 0
1 , 0
1297 , 1297
665 , 533
2450 , 2449
1 , 1
144 , 144
100 , 86
10 , 0
39 , 15
1 , 1
7107 , 6970
82 , 0
13 , 0
388 , 388
10 , 0
2536 , 2324
195 , 195
17 , 17
13 , 0
50 , 3
1 , 0
1 , 0
13 , 0
5 , 5
1 , 0
99 , 0
16 , 16
1 , 0
5 , 5
1 , 0
1071 , 0
942 , 794
1 , 0
1565 , 1428
3 , 0
7521 , 7493
22 , 22
1 , 0
8 , 8
4662 , 4662
8352 , 8182
343 , 343
158 , 158
185 , 183
5 , 0
2 , 0
633 , 0
357 , 349
1634 , 944
4 , 0
261 , 27
4 , 0
2649 , 2649
3500 , 3201
1 , 0
4982 , 4982
56 , 56
70 , 70
1135 , 0
109 , 93
5 , 0
65 , 22
1 , 0
17 , 0
13 , 0
4 , 4
40 , 40
82 , 82
73 , 0
14 , 14
65 , 0
78 , 78
1 , 0
29 , 26
59 , 0
17 , 17
91 , 91
696 , 641
1 , 1
7682 , 4987
1569 , 1557
442 , 420
5 , 0
1 , 0
49 , 0
162 , 94
3557 , 3311
3 , 0
1157 , 1157
6 , 6
75 , 75
3112 , 3111
12 , 10
729 , 729
510 , 510
72 , 72
175 , 0
5 , 5
8 , 0
1 , 0
395 , 0
4 , 0
3 , 3
68 , 0
563 , 461
2 , 0
2 , 0
52 , 39
33 , 8
441 , 441
31 , 31
811 , 522
64 , 63
1477 , 0
697 , 695
116 , 115
7 , 0
1 , 1
3528 , 3528
811 , 636
12 , 12
7 , 4
710 , 705
7 , 0
1806 , 1806
209 , 209
4 , 0
16 , 0
559 , 150
8250 , 8249
988 , 988
10 , 10
49 , 0
9581 , 8929
11 , 0
203 , 0
90 , 90
780 , 779
14 , 14
15 , 0
52 , 0
38 , 0
1000 , 754
1 , 1
1971 , 1971
922 , 494
27 , 9
84 , 0
1 , 0
2 , 0
6 , 0
124 , 0
15 , 2
98 , 0
539 , 539
33 , 0
61 , 0
4085 , 3825
376 , 366
1 , 0
5271 , 5265
1054 , 947
932 , 0
40 , 17
4462 , 4457
2 , 2
9 , 9
67 , 67
76 , 74
2 , 0
1 , 1
89 , 88
567 , 557
136 , 0
9 , 0
3111 , 3105
68 , 68
270 , 196
34 , 30
1 , 1
4 , 4
426 , 412
16 , 0
127 , 94
792 , 792
4 , 0
6794 , 6412
5049 , 5030
10 , 0
3329 , 3192
2 , 0
220 , 220
1 , 0
5 , 5
28 , 0
497 , 58
411 , 151
14 , 0
3 , 0
641 , 641
56 , 0
4071 , 4070
1 , 0
3053 , 2954
2 , 0
661 , 654
2186 , 2182
1076 , 1076
6 , 0
1734 , 1734
4839 , 4000
2255 , 2126
67 , 0
192 , 190
3509 , 3509
7 , 7
38 , 0
4 , 4
507 , 507
560 , 560
3 , 3
18 , 0
4 , 4
228 , 228
1 , 0
33 , 0
43 , 37
62 , 62
3 , 0
175 , 153
4 , 4
3 , 0
46 , 0
535 , 535
196 , 196
11 , 11
388 , 387
52 , 0
37 , 0
1 , 1
20 , 0
4 , 0
449 , 449
58 , 50
6879 , 6832
8 , 8
2 , 0
61 , 36
15 , 15
2 , 2
7 , 7
56 , 56
276 , 126
59 , 0
141 , 141
2 , 0
607 , 554
27 , 0
2975 , 902
581 , 65
9 , 0
20 , 0
219 , 126
361 , 354
229 , 214
999 , 999
28 , 0
1251 , 649
9763 , 9692
186 , 186
179 , 0
7277 , 7273
1098 , 1098
423 , 423
15 , 0
7176 , 7176
407 , 0
655 , 394
332 , 0
694 , 669
10 , 8
7014 , 5810
2 , 2
1 , 0
13 , 13
758 , 758
99 , 99
7795 , 7792
2 , 2
64 , 64
174 , 0
8 , 0
173 , 60
644 , 644
772 , 772
1 , 1
162 , 150
1 , 0
2514 , 2514
4 , 0
3017 , 3017
15 , 0
62 , 39
791 , 791
125 , 0
10 , 10
511 , 511
6518 , 6518
2 , 0
197 , 0
42 , 41
9266 , 8090
814 , 812
2 , 2
33 , 7
12 , 0
5 , 0
177 , 177
15 , 15
3020 , 2003
6 , 0
35 , 35
331 , 325
85 , 0
1 , 0
12 , 0
24 , 23
1 , 0
5480 , 5480
15 , 0
25 , 16
327 , 274
2605 , 2378
48 , 0
2299 , 2126
6767 , 5468
63 , 61
30 , 29
56 , 50
1 , 0
1 , 0
151 , 0
2035 , 2035
108 , 82
1 , 1
188 , 188
99 , 0
40 , 35
11 , 0
35 , 9
1210 , 1072
9167 , 9155
456 , 0
8324 , 8310
6798 , 6798
48 , 0
447 , 426
7286 , 7095
741 , 741
6 , 6
4337 , 3480
300 , 290
1 , 0
1434 , 643
4 , 0
1291 , 1291
2 , 0
9 , 9
10 , 9
48 , 0
1962 , 1961
1604 , 1603
2 , 0
12 , 12
2037 , 2030
376 , 315
174 , 174
2 , 0
56 , 56
32 , 0
1261 , 1261
5824 , 4839
863 , 853
88 , 0
124 , 0
27 , 27
7179 , 7179
3130 , 3013
71 , 21
27 , 0
9 , 9
87 , 0
400 , 340
6 , 6
2 , 0
28 , 0
127 , 123
1 , 0
14 , 14
7 , 0
53 , 53
6 , 0
2 , 0
2298 , 2117
178 , 104
7545 , 7473
2894 , 2889
22 , 13
2 , 0
10 , 0
2760 , 2760
145 , 98
73 , 60
13 , 12
44 , 0
7447 , 7432
3475 , 3000
76 , 75
6 , 0
1641 , 1474
1799 , 1797
6 , 0
1336 , 1159
3890 , 3890
3 , 0
13 , 13
2 , 2
3176 , 2652
4 , 0
41 , 0
2 , 0
122 , 0
1268 , 1088
5 , 0
6015 , 6015
121 , 0
1509 , 1509
3756 , 3684
4947 , 4947
164 , 164
94 , 91
187 , 176
766 , 761
4 , 0
98 , 94
585 , 585
1 , 0
17 , 17
1262 , 1021
2 , 0
80 , 74
1 , 0
1226 , 658
83 , 0
37 , 0
5 , 0
44 , 0
6 , 0
405 , 0
8 , 8
1884 , 1884
9115 , 9115
3 , 0
557 , 557
3 , 0
13 , 13
1147 , 0
9 , 9
22 , 22
3679 , 3529
3 , 0
9251 , 8982
153 , 153
396 , 396
10 , 0
5 , 2
83 , 82
191 , 142
22 , 0
54 , 0
11 , 11
1308 , 1308
1 , 1
1 , 1
5161 , 4938
1 , 1
998 , 871
9 , 0
1301 , 1301
725 , 725
2 , 0
152 , 0
5 , 5
353 , 277
872 , 397
103 , 103
35 , 9
1 , 0
1 , 0
4 , 0
5097 , 2037
785 , 785
7912 , 7837
3430 , 3430
8109 , 8109
86 , 62
61 , 58
2 , 0
5 , 0
4 , 0
559 , 173
2298 , 2268
2490 , 2490
4 , 0
7412 , 7412
1 , 0
3622 , 3023
2 , 2
1079 , 652
2 , 2
127 , 0
75 , 18
66 , 0
300 , 121
1340 , 1285
182 , 182
998 , 870
4347 , 2879
4537 , 4536
955 , 0
1565 , 1435
61 , 61
167 , 167
3 , 0
107 , 106
135 , 0
1653 , 0
4 , 3
1 , 0
34 , 34
161 , 0
322 , 321
1 , 0
191 , 187
1 , 1
7 , 0
610 , 298
1 , 1
476 , 225
605 , 162
284 , 284
11 , 0
7 , 0
3288 , 2465
341 , 334
38 , 0
7 , 0
15 , 0
1 , 1
25 , 25
865 , 865
141 , 0
4 , 0
50 , 49
24 , 0
5 , 0
8 , 6
481 , 136
391 , 0
31 , 31
5 , 0
494 , 0
1 , 1
18 , 18
121 , 121
3939 , 3939
41 , 0
3432 , 3419
231 , 0
112 , 112
2987 , 2971
802 , 800
5 , 5
4 , 4
2 , 2
78 , 78
5 , 5
509 , 509
85 , 85
2 , 2
11 , 11
63 , 0
2 , 0
491 , 0
388 , 388
1 , 0
47 , 0
206 , 206
4 , 0
1408 , 1380
8705 , 8673
1 , 0
18 , 18
9 , 0
69 , 58
5755 , 5752
8 , 1
3969 , 3928
15 , 0
866 , 866
9241 , 9241
20 , 10
642 , 227
128 , 0
84 , 73
1 , 0
15 , 0
9117 , 9117
15 , 0
3138 , 3138
1 , 1
151 , 151
3 , 0
140 , 140
1 , 0
781 , 781
172 , 0
16 , 16
465 , 423
107 , 99
47 , 47
2009 , 2005
438 , 315
1640 , 1458
129 , 129
2356 , 2335
25 , 7
5900 , 5897
606 , 324
3 , 3
5 , 5
12 , 0
19 , 18
983 , 499
2 , 0
5798 , 3003
975 , 903
126 , 0
3 , 0
360 , 360
413 , 413
52 , 0
8 , 0
14 , 14
1291 , 1260
32 , 32
2241 , 2235
1277 , 1277
3 , 0
889 , 889
19 , 0
5045 , 5036
5 , 0
1430 , 1430
10 , 0
3 , 0
447 , 447
3918 , 3905
9937 , 9795
355 , 355
240 , 237
26 , 0
8 , 8
3 , 0
326 , 291
512 , 458
5 , 0
32 , 32
46 , 46
3 , 3
8017 , 8008
1 , 0
3 , 0
1 , 1
2581 , 2546
9078 , 9077
144 , 144
18 , 18
1 , 1
2 , 0
1 , 0
198 , 198
1033 , 1033
6813 , 6695
1748 , 1747
11 , 0
1 , 0
131 , 117
53 , 53
6582 , 4858
7 , 0
2488 , 2488
127 , 0
93 , 0
1 , 1
9 , 0
3 , 0
2 , 0
431 , 431
1 , 1
4 , 4
39 , 39
16 , 0
1 , 0
1109 , 1025
14 , 11
1041 , 1041
4 , 0
5539 , 5315
11 , 11
180 , 0
14 , 14
3084 , 1993
2490 , 2490
338 , 324
1 , 1
254 , 0
12 , 0
14 , 0
17 , 0
205 , 0
345 , 0
6070 , 6070
70 , 70
3602 , 3602
2 , 0
61 , 0
293 , 88
8617 , 8617
164 , 0
1484 , 1484
46 , 46
407 , 405
5037 , 5037
5590 , 5587
152 , 76
7 , 7
845 , 838
3 , 0
72 , 71
103 , 92
3780 , 2885
237 , 0
3 , 0
21 , 9
5094 , 5020
8067 , 8066
508 , 508
2756 , 2668
1 , 0
348 , 0
2769 , 2734
1212 , 1211
14 , 14
69 , 0
116 , 0
64 , 0
2211 , 2141
2 , 0
344 , 344
2259 , 1460
2 , 0
4 , 0
19 , 19
77 , 75
2 , 0
352 , 289
6124 , 6124
4456 , 4415
1 , 0
954 , 954
3007 , 3007
2 , 0
2014 , 2004
1653 , 1643
542 , 542
1 , 0
1301 , 1301
2 , 0
7070 , 7070
2 , 2
1195 , 1127
1062 , 1061
6982 , 6956
4718 , 4718
5361 , 5361
382 , 382
16 , 12
41 , 41
27 , 4
1 , 0
32 , 0
249 , 249
100 , 0
317 , 0
29 , 0
493 , 467
7 , 0
340 , 340
5 , 0
8 , 0
1 , 1
1140 , 1140
1238 , 1173
7 , 7
1157 , 982
770 , 770
6019 , 6018
86 , 0
1275 , 1168
80 , 80
493 , 465
648 , 645
3 , 0
86 , 0
1 , 0
19 , 19
6 , 0
40 , 40
143 , 110
57 , 0
12 , 0
84 , 82
93 , 93
9424 , 9404
17 , 0
7 , 7
202 , 202
4 , 4
32 , 30
1 , 0
1163 , 1163
2 , 0
3609 , 3411
488 , 407
2 , 0
1 , 1
8582 , 8582
540 , 0
2 , 0
4 , 0
634 , 634
1874 , 1682
321 , 0
3374 , 3374
27 , 0
499 , 142
52 , 52
1 , 1
168 , 0
1 , 0
45 , 0
1748 , 1748
1 , 0
929 , 929
6629 , 6545
88 , 0
7 , 0
1313 , 1313
4386 , 4384
96 , 92
2 , 0
947 , 913
1 , 1
1160 , 1160
688 , 688
129 , 119
1797 , 1797
55 , 55
28 , 28
1 , 1
22 , 0
114 , 114
10 , 9
21 , 0
901 , 682
65 , 62
2617 , 2617
275 , 275
197 , 197
332 , 332
1307 , 1307
173 , 161
213 , 206
21 , 0
137 , 0
6653 , 6542
1 , 0
2 , 0
736 , 736
193 , 193
852 , 561
4 , 0
1231 , 1222
239 , 164
1 , 1
6696 , 6595
698 , 645
2769 , 2701
3 , 0
2087 , 2023
2776 , 2772
9393 , 8730
230 , 230
93 , 0
395 , 395
3932 , 3929
100 , 74
647 , 647
1 , 0
57 , 28
336 , 269
251 , 32
4 , 0
7 , 0
733 , 707
124 , 0
2 , 0
726 , 724
5 , 0
1034 , 1028
80 , 0
462 , 462
750 , 0
1470 , 0
12 , 4
3 , 0
928 , 922
412 , 382
11 , 0
1346 , 1342
937 , 937
9454 , 9454
56 , 56
942 , 942
1196 , 1093
1392 , 1392
7545 , 6796
1 , 0
525 , 525
350 , 0
37 , 11
14 , 0
2 , 2
7 , 0
5748 , 5721
2 , 0
9780 , 9769
93 , 50
3262 , 3262
83 , 0
1506 , 1506
9620 , 9238
328 , 174
27 , 27
15 , 0
3 , 0
7 , 7
1563 , 1563
4 , 0
66 , 66
2 , 0
2418 , 2368
32 , 0
4 , 0
606 , 556
356 , 356
3 , 0
40 , 0
62 , 12
5267 , 4746
164 , 164
1 , 1
1 , 0
136 , 0
15 , 15
3 , 3
123 , 123
58 , 58
2557 , 2557
3 , 0
3 , 3
6 , 0
1263 , 1263
1365 , 1278
8938 , 8897
974 , 973
16 , 16
1 , 0
36 , 0
199 , 0
111 , 0
3 , 0
2927 , 2915
4 , 0
82 , 0
155 , 150
4352 , 4352
4925 , 4925
120 , 120
9 , 9
7547 , 7505
138 , 0
1 , 0
6194 , 6194
5047 , 4987
775 , 710
6952 , 6783
1 , 0
1 , 0
3 , 3
275 , 271
1214 , 1214
6111 , 6035
1 , 0
11 , 0
4255 , 4255
1 , 0
235 , 149
5 , 0
6223 , 6223
12 , 10
1 , 1
1 , 1
3112 , 3105
27 , 0
34 , 10
4 , 4
1747 , 1747
1 , 1
999 , 999
7 , 7
249 , 0
4828 , 4828
158 , 156
5 , 0
249 , 249
4 , 4
2039 , 2039
2705 , 2705
6 , 0
1402 , 1399
7 , 7
1 , 0
8 , 8
7241 , 7220
915 , 915
4 , 0
2337 , 2266
4101 , 3864
194 , 0
81 , 81
10 , 0
575 , 296
193 , 193
7343 , 7343
3535 , 3151
125 , 0
3 , 0
131 , 131
83 , 83
117 , 117
2 , 0
1 , 0
10 , 10
3464 , 3464
1 , 1
2515 , 2515
22 , 22
1513 , 1510
436 , 436
642 , 642
5 , 5
871 , 803
7433 , 7433
2 , 0
1 , 0
1 , 0
781 , 781
4297 , 3691
291 , 238
4 , 0
16 , 0
4259 , 4217
48 , 0
7 , 7
7115 , 7022
4330 , 4329
14 , 14
216 , 216
13 , 0
1 , 0
1 , 0
9 , 9
18 , 0
554 , 0
352 , 0
5 , 0
710 , 710
23 , 23
6550 , 6550
3639 , 3527
2047 , 2024
1 , 0
5 , 0
3018 , 3018
9 , 0
119 , 0
773 , 762
43 , 41
3972 , 2399
2024 , 2024
1602 , 1308
6 , 0
4493 , 4493
11 , 11
4 , 0
5 , 0
174 , 0
1 , 0
4869 , 4869
1 , 0
100 , 93
1005 , 914
65 , 27
219 , 0
469 , 457
6015 , 5943
27 , 27
8 , 8
71 , 0
2290 , 2161
14 , 14
19 , 19
6562 , 6386
799 , 799
21 , 20
10 , 10
453 , 337
158 , 75
8024 , 8020
34 , 15
3 , 0
3240 , 2514
543 , 543
65 , 55
7 , 0
1219 , 1051
20 , 0
1 , 0
76 , 16
38 , 0
261 , 0
508 , 508
47 , 42
2565 , 2565
20 , 0
1 , 1
134 , 123
241 , 119
4 , 4
14 , 0
2 , 2
58 , 0
6136 , 5903
1 , 0
82 , 80
47 , 29
10 , 9
3 , 0
5183 , 5099
3988 , 737
116 , 116
1 , 0
1 , 0
82 , 82
4559 , 4559
310 , 232
1 , 1
9942 , 9942
18 , 18
3846 , 3707
173 , 0
16 , 1
996 , 996
1 , 0
5 , 5
272 , 271
4072 , 3625
1 , 0
22 , 0
10 , 0
768 , 767
1 , 0
24 , 10
314 , 0
8 , 0
545 , 541
5282 , 5093
313 , 0
7893 , 7892
1485 , 1479
71 , 69
3 , 0
2 , 2
190 , 190
3254 , 3252
236 , 0
292 , 0
5765 , 5596
5627 , 4879
657 , 0
1 , 0
135 , 88
8 , 0
9 , 9
828 , 824
1553 , 1346
579 , 537
3268 , 3242
1976 , 0
3031 , 3013
115 , 15
4 , 0
1431 , 1431
282 , 282
3 , 3
62 , 0
253 , 0
31 , 31
6 , 6
5 , 5
587 , 587
33 , 0
1 , 0
119 , 63
30 , 25
28 , 17
5 , 0
3 , 0
3 , 0
209 , 0
9301 , 9301
7064 , 7062
3 , 0
336 , 335
9 , 9
3 , 0
1379 , 1379
1 , 0
3792 , 3154
49 , 49
9427 , 9427
1 , 0
1584 , 1503
1 , 0
7 , 7
11 , 11
24 , 24
64 , 64
37 , 21
30 , 30
9356 , 9337
5 , 0
533 , 504
673 , 673
1 , 0
186 , 186
107 , 31
644 , 518
3095 , 3095
17 , 0
175 , 79
110 , 0
567 , 567
5 , 0
3259 , 3167
163 , 163
1 , 0
2 , 2
17 , 11
9128 , 9125
447 , 174
97 , 97
82 , 82
1249 , 0
5 , 0
363 , 363
210 , 208
4836 , 4834
9 , 0
2 , 2
1 , 0
775 , 775
808 , 415
1092 , 1027
223 , 0
991 , 991
7 , 7
38 , 38
300 , 300
505 , 505
298 , 298
1 , 1
5 , 0
128 , 0
2775 , 2774
48 , 48
16 , 15
167 , 167
4 , 0
442 , 428
7 , 0
6 , 6
2 , 0
40 , 17
664 , 664
54 , 0
642 , 641
4269 , 4267
76 , 0
17 , 0
8867 , 8673
222 , 222
39 , 39
1082 , 920
14 , 13
2260 , 2156
1364 , 1364
5189 , 5189
239 , 193
2 , 0
12 , 0
218 , 204
80 , 0
334 , 279
17 , 0
209 , 0
12 , 0
6399 , 6323
4502 , 4462
1036 , 998
13 , 0
1 , 1
605 , 604
209 , 208
2231 , 2231
1141 , 1136
203 , 94
11 , 0
1 , 1
2 , 0
1 , 1
17 , 10
4995 , 4813
10 , 10
569 , 569
1 , 1
307 , 307
44 , 44
5 , 0
1 , 0
352 , 69
31 , 31
7006 , 7002
1 , 0
20 , 20
330 , 330
712 , 711
64 , 9
1 , 0
2 , 0
3 , 0
1003 , 990
9483 , 9186
733 , 703
1 , 0
7073 , 7072
3667 , 2798
1875 , 1871
4848 , 4848
126 , 123
6 , 6
68 , 68
3158 , 3158
58 , 58
1 , 0
7075 , 7071
437 , 437
5 , 0
5866 , 5665
13 , 13
6787 , 6787
2633 , 2633
717 , 565
3667 , 3667
2 , 0
4124 , 3633
1 , 0
249 , 220
6 , 0
4 , 0
1 , 0
2 , 2
5 , 4
5158 , 3478
8742 , 7437
9 , 0
18 , 0
4 , 0
7 , 0
805 , 0
2 , 0
1639 , 1635
90 , 87
398 , 398
1105 , 546
3 , 3
98 , 0
68 , 43
1 , 1
28 , 28
7550 , 7446
87 , 0
109 , 0
1018 , 710
3 , 0
10 , 10
1 , 0
1 , 0
249 , 0
2 , 2
3952 , 3952
8 , 3
181 , 179
717 , 716
79 , 79
2 , 0
8 , 0
6122 , 5807
66 , 66
1385 , 1379
216 , 203
64 , 64
6465 , 5842
4 , 0
3 , 0
2 , 0
16 , 13
1 , 0
2 , 0
5643 , 5050
24 , 12
148 , 148
218 , 0
2042 , 2019
5 , 0
104 , 102
163 , 163
48 , 48
1099 , 1099
489 , 365
6 , 6
7 , 0
154 , 153
2 , 0
2037 , 2037
2485 , 1950
5 , 0
1258 , 1258
3 , 3
316 , 315
3757 , 3686
160 , 160
1 , 1
5 , 0
1318 , 1318
66 , 66
134 , 134
15 , 0
163 , 150
1 , 0
6126 , 6053
7782 , 5527
7794 , 7793
442 , 0
782 , 782
15 , 0
379 , 373
886 , 886
80 , 79
7574 , 5009
120 , 120
1626 , 1531
3 , 0
1357 , 1357
126 , 0
17 , 17
4176 , 4171
1678 , 1648
20 , 0
14 , 0
4571 , 4567
130 , 74
3551 , 3539
59 , 29
1 , 0
1484 , 495
145 , 142
26 , 0
1 , 0
761 , 657
7741 , 7739
6 , 0
2938 , 2923
969 , 850
798 , 789
8 , 8
9 , 0
3478 , 3478
28 , 0
76 , 0
4 , 4
57 , 0
9 , 9
4 , 0
1 , 1
1 , 0
29 , 0
4 , 4
367 , 154
43 , 20
158 , 158
799 , 799
7461 , 7321
6 , 0
1 , 1
26 , 0
1 , 0
74 , 0
294 , 294
5274 , 4949
1033 , 664
8 , 0
572 , 571
1052 , 1052
9786 , 9155
11 , 11
5535 , 4096
32 , 23
1 , 1
9 , 0
1 , 0
1 , 1
34 , 0
2629 , 2625
2 , 0
45 , 0
8 , 0
531 , 507
22 , 18
6503 , 5643
29 , 29
19 , 5
723 , 723
201 , 201
3 , 0
5 , 0
8 , 0
254 , 0
391 , 259
17 , 0
4 , 0
1228 , 1227
7 , 5
52 , 0
740 , 740
4581 , 4581
1005 , 913
84 , 0
4 , 2
1343 , 1333
2 , 0
8879 , 8827
2 , 2
23 , 0
23 , 0
132 , 0
13 , 10
2 , 0
2 , 0
312 , 308
2 , 0
23 , 23
2 , 0
452 , 393
102 , 0
30 , 30
111 , 85
2 , 1
219 , 217
1010 , 807
1 , 0
12 , 0
826 , 821
562 , 540
1 , 0
9 , 0
1015 , 1013
6504 , 6498
2 , 0
5 , 4
445 , 0
988 , 988
78 , 69
167 , 154
1558 , 1558
33 , 0
4 , 4
18 , 18
5 , 0
205 , 46
4136 , 4136
3 , 3
84 , 84
1 , 0
5 , 0
1561 , 1182
371 , 370
147 , 135
5146 , 5144
14 , 0
23 , 23
353 , 350
3830 , 3830
38 , 0
1002 , 0
1917 , 1907
6 , 0
44 , 44
9 , 0
1 , 0
1300 , 1300
20 , 20
7983 , 7983
3603 , 3594
7010 , 7010
18 , 18
2986 , 2313
112 , 0
2901 , 2901
2 , 2
4 , 0
4 , 0
3275 , 3255
1 , 0
2442 , 2079
2600 , 0
1449 , 1273
659 , 659
59 , 59
9 , 0
231 , 217
4 , 0
1 , 0
1447 , 1373
2031 , 2019
1 , 0
2580 , 2580
1 , 1
1664 , 1360
8128 , 8128
3 , 3
984 , 959
1 , 0
2 , 0
1574 , 1438
115 , 115
4 , 4
234 , 234
1 , 1
2942 , 2942
5228 , 5225
2 , 0
507 , 507
1654 , 1304
2 , 2
4 , 4
1078 , 1062
3578 , 3578
156 , 156
3854 , 3854
1 , 1
92 , 0
7457 , 6361
1 , 0
66 , 66
188 , 0
16 , 4
3 , 0
1 , 0
5568 , 5557
70 , 60
1462 , 1462
671 , 671
3569 , 3569
5735 , 4568
39 , 0
2 , 2
1019 , 1018
4 , 4
12 , 0
403 , 339
3 , 0
369 , 369
201 , 0
17 , 16
70 , 70
77 , 77
4 , 0
408 , 408
312 , 282
7 , 0
7211 , 6606
74 , 71
4318 , 4318
6143 , 6143
333 , 0
1320 , 1298
1 , 0
275 , 274
5 , 5
4 , 0
1 , 1
132 , 72
2 , 0
24 , 24
2 , 0
28 , 0
1420 , 847
2884 , 2810
505 , 505
1 , 0
1 , 0
526 , 366
7 , 0
5 , 0
2138 , 1726
2483 , 2474
21 , 0
347 , 0
9428 , 9198
1 , 0
2 , 2
76 , 0
32 , 32
477 , 474
97 , 78
11 , 0
1553 , 1553
5811 , 5810
10 , 0
299 , 235
1 , 0
2 , 2
8132 , 8115
2 , 0
344 , 340
263 , 263
115 , 0
5 , 0
5 , 5
1 , 0
539 , 446
15 , 0
8075 , 7837
160 , 160
6 , 0
8 , 0
6 , 0
451 , 296
2 , 2
1341 , 1341
36 , 0
29 , 0
292 , 252
2 , 0
1 , 1
86 , 86
2 , 0
38 , 38
2419 , 2244
1801 , 1559
179 , 0
2444 , 2444
167 , 167
1 , 1
1 , 1
2860 , 2606
647 , 647
2 , 2
156 , 0
5 , 0
12 , 0
2 , 0
41 , 0
3765 , 3763
26 , 0
1407 , 1407
94 , 0
1994 , 0
43 , 43
7 , 0
1 , 0
2 , 2
2022 , 1772
72 , 72
5 , 4
362 , 0
71 , 71
2392 , 2353
1 , 0
2 , 2
64 , 61
2 , 2
20 , 14
26 , 12
79 , 39
2206 , 2203
889 , 635
4788 , 4645
154 , 0
22 , 0
119 , 119
1 , 0
2 , 0
3539 , 3485
62 , 62
8 , 0
7060 , 6913
775 , 775
745 , 745
8 , 8
9182 , 9169
12 , 12
8742 , 8742
191 , 0
912 , 912
52 , 0
1 , 1
1 , 1
2010 , 2010
16 , 0
23 , 18
2705 , 2692
2 , 1
39 , 35
715 , 545
4 , 4
1222 , 1222
1 , 0
27 , 0
116 , 116
1 , 0
197 , 49
7 , 0
1 , 1
597 , 594
8629 , 8428
1 , 1
5714 , 5710
1 , 0
5713 , 5713
513 , 511
919 , 469
2 , 0
1129 , 1127
2 , 0
3 , 3
2 , 2
1039 , 1039
289 , 289
1 , 0
1825 , 0
383 , 383
1 , 0
5 , 0
9600 , 9599
440 , 185
8024 , 8024
413 , 413
3 , 3
9 , 9
68 , 0
4539 , 4526
16 , 16
4 , 0
5 , 0
26 , 26
1 , 1
4374 , 4056
3204 , 3204
1057 , 959
44 , 44
1 , 0
1 , 0
3518 , 3518
314 , 308
245 , 0
842 , 0
14 , 14
9 , 6
130 , 130
1 , 0
1 , 0
30 , 25
18 , 12
637 , 593
23 , 23
83 , 63
1 , 0
1 , 1
1 , 0
1 , 0
16 , 0
1155 , 379
751 , 744
48 , 0
1131 , 1131
32 , 21
5015 , 5014
131 , 126
929 , 0
2 , 0
4 , 0
3243 , 2051
2736 , 2736
195 , 0
863 , 858
192 , 0
4 , 0
171 , 171
22 , 0
5224 , 4695
318 , 318
26 , 0
213 , 212
4 , 3
57 , 37
84 , 0
9096 , 9096
56 , 56
2092 , 1917
3176 , 3175
1 , 0
2101 , 2101
2360 , 2352
983 , 980
1 , 0
10 , 0
15 , 0
42 , 0
2774 , 2773
4 , 0
1679 , 1386
1086 , 1086
97 , 97
38 , 34
2584 , 2096
2 , 2
110 , 0
914 , 309
7379 , 5837
1206 , 1206
12 , 12
44 , 40
532 , 496
1 , 1
19 , 19
6323 , 6323
3 , 3
99 , 0
8273 , 8273
8 , 8
35 , 0
50 , 50
625 , 613
2924 , 2068
2 , 0
21 , 21
1 , 0
2 , 2
72 , 70
47 , 47
7 , 0
915 , 915
617 , 617
3 , 3
2 , 1
2926 , 2654
2629 , 2622
3 , 0
16 , 0
16 , 16
7647 , 7165
6 , 0
77 , 68
1 , 0
146 , 0
150 , 150
2 , 0
908 , 908
29 , 20
2 , 0
2 , 0
1501 , 584
50 , 50
207 , 0
1233 , 1233
19 , 4
1 , 1
333 , 160
13 , 0
68 , 0
1 , 0
40 , 40
7 , 0
88 , 83
94 , 91
133 , 0
718 , 692
105 , 102
8352 , 8352
65 , 64
1 , 1
9695 , 9465
3 , 0
293 , 230
10 , 0
4 , 0
6512 , 6501
360 , 360
11 , 0
108 , 108
5 , 0
8 , 8
538 , 532
17 , 17
14 , 13
48 , 0
10 , 0
2 , 0
23 , 0
924 , 911
1684 , 1401
4 , 0
2384 , 2275
2402 , 0
6 , 0
108 , 99
7890 , 7478
8707 , 8078
104 , 88
1 , 1
2087 , 1819
212 , 140
1087 , 1087
4468 , 4468
1 , 1
2 , 2
248 , 248
1714 , 0
12 , 12
197 , 196
29 , 14
27 , 0
17 , 0
1216 , 1076
7 , 0
1743 , 1604
737 , 737
4164 , 485
4 , 0
1 , 0
7 , 7
241 , 241
3 , 0
5 , 5
386 , 11
3052 , 2835
2 , 0
14 , 14
27 , 0
909 , 909
4 , 4
7479 , 7377
2 , 0
10 , 6
519 , 506
254 , 86
78 , 45
1204 , 1101
10 , 0
4 , 0
1943 , 1943
60 , 0
1417 , 1417
1178 , 685
18 , 0
35 , 0
2653 , 2653
1 , 0
189 , 152
34 , 0
1467 , 1465
1 , 0
1381 , 1381
54 , 5
841 , 840
5 , 0
47 , 0
120 , 3
6 , 0
3 , 0
8573 , 8017
10 , 10
35 , 0
130 , 121
25 , 0
39 , 17
8 , 8
1 , 1
1 , 1
281 , 281
13 , 0
6124 , 6124
243 , 243
8853 , 7922
6 , 6
1229 , 1195
1701 , 1701
22 , 22
2840 , 2779
6 , 4
1 , 1
1 , 1
749 , 0
7957 , 7845
6197 , 6159
2 , 0
3 , 0
362 , 362
122 , 0
60 , 0
3 , 0
6500 , 6500
104 , 104
2 , 0
5 , 0
111 , 111
1 , 0
6 , 6
27 , 0
4603 , 4603
2 , 2
1626 , 1626
8377 , 8376
6716 , 6574
2 , 0
2396 , 2330
44 , 0
1560 , 1560
5 , 5
6845 , 6051
29 , 7
1 , 1
424 , 424
1 , 0
3 , 3
4135 , 4130
132 , 132
44 , 36
210 , 195
6 , 5
7 , 0
216 , 130
75 , 0
219 , 219
52 , 48
19 , 19
33 , 33
82 , 82
1065 , 1064
506 , 506
724 , 259
156 , 153
8057 , 8057
6170 , 6153
1 , 0
4 , 0
1 , 0
1115 , 994
2890 , 2889
1 , 0
538 , 450
20 , 20
38 , 38
178 , 97
1 , 0
1 , 0
9 , 0
99 , 83
5870 , 5719
11 , 0
8424 , 6881
216 , 216
292 , 267
3 , 0
361 , 360
116 , 0
12 , 0
21 , 0
73 , 62
803 , 803
41 , 0
5328 , 5326
1 , 1
106 , 49
5 , 0
1834 , 1808
1 , 0
687 , 348
4212 , 4212
7119 , 6638
1671 , 1671
1179 , 0
153 , 153
81 , 0
110 , 99
3675 , 3247
3 , 3
4243 , 3698
105 , 103
21 , 21
1 , 0
3322 , 3322
140 , 140
53 , 0
601 , 0
2 , 0
5334 , 5333
1778 , 1553
10 , 0
121 , 121
3280 , 2981
648 , 648
9 , 0
2 , 0
357 , 13
1010 , 1010
13 , 13
3563 , 3039
19 , 19
6 , 0
9223 , 9223
125 , 125
236 , 236
8247 , 8241
68 , 62
4 , 0
1 , 0
2 , 2
232 , 86
981 , 916
20 , 20
29 , 0
2052 , 2052
2 , 0
359 , 319
123 , 123
21 , 21
155 , 146
1766 , 1761
2 , 0
3439 , 3439
9 , 0
40 , 37
20 , 18
1 , 0
1 , 0
77 , 77
42 , 28
2273 , 2176
1086 , 1086
155 , 0
9 , 9
127 , 30
9 , 9
23 , 0
100 , 100
8 , 0
170 , 169
7849 , 7832
84 , 84
1 , 1
1480 , 1387
4 , 0
98 , 0
3 , 0
65 , 65
3158 , 3139
2 , 2
56 , 0
2 , 0
27 , 27
859 , 775
1 , 0
7 , 0
19 , 0
607 , 607
2 , 0
7 , 0
3800 , 3677
26 , 0
522 , 379
187 , 0
9 , 9
2137 , 1813
4 , 0
1 , 1
2251 , 2131
126 , 103
865 , 674
2 , 0
9 , 0
1259 , 1254
198 , 173
12 , 0
1 , 0
1 , 0
1 , 0
4098 , 4098
3 , 0
189 , 189
5 , 5
17 , 0
7528 , 7528
781 , 756
23 , 0
1803 , 1797
4 , 0
11 , 11
4899 , 4010
372 , 340
32 , 0
1 , 1
447 , 444
168 , 0
1612 , 955
71 , 71
93 , 0
20 , 16
15 , 9
1 , 1
287 , 62
14 , 0
29 , 0
16 , 16
1875 , 1787
211 , 191
2 , 0
961 , 0
6 , 0
8 , 8
306 , 0
4 , 0
1 , 0
11 , 0
3 , 3
17 , 0
249 , 0
114 , 107
52 , 0
20 , 20
2808 , 2808
118 , 118
257 , 181
1 , 0
630 , 629
7 , 7
2 , 2
1 , 0
73 , 73
94 , 94
140 , 0
553 , 553
149 , 149
1 , 0
6589 , 6589
3258 , 3178
6092 , 5919
269 , 268
4168 , 4168
1090 , 1090
415 , 325
47 , 2
1 , 0
343 , 343
1 , 0
4 , 0
5640 , 5607
22 , 0
29 , 0
54 , 0
2852 , 2660
8183 , 8183
3856 , 3851
7837 , 7837
5 , 0
1 , 1
547 , 509
12 , 11
249 , 240
141 , 141
75 , 71
2 , 0
7 , 0
593 , 592
574 , 574
5531 , 5531
288 , 155
9487 , 8139
17 , 17
10 , 10
28 , 0
9243 , 9092
274 , 0
479 , 323
476 , 476
34 , 0
62 , 0
7508 , 7493
1 , 1
84 , 0
13 , 12
713 , 614
224 , 224
1 , 1
330 , 0
171 , 157
1435 , 1435
190 , 0
2288 , 2272
2717 , 1861
3 , 0
278 , 55
1 , 1
17 , 0
8 , 0
112 , 103
4 , 0
18 , 4
5967 , 5967
1 , 0
146 , 130
5945 , 5926
1 , 1
2 , 0
1 , 0
3085 , 3065
17 , 17
5 , 0
9 , 0
1579 , 1579
220 , 198
729 , 470
6 , 0
2 , 0
6 , 0
1050 , 1050
93 , 0
5 , 0
1 , 1
2 , 2
2 , 0
1 , 1
2 , 2
63 , 61
2 , 1
994 , 984
8555 , 8546
9 , 0
33 , 33
2 , 0
5 , 5
2 , 0
1 , 0
8676 , 8483
5784 , 5784
22 , 22
550 , 480
75 , 75
6967 , 6459
1071 , 1071
6 , 0
178 , 140
12 , 12
1 , 0
7 , 7
46 , 0
24 , 0
3654 , 3653
2 , 0
78 , 78
1 , 0
6508 , 6508
10 , 0
1777 , 1018
5709 , 5709
96 , 90
1434 , 1411
115 , 0
1 , 0
11 , 0
3607 , 3607
1 , 0
1377 , 925
2 , 0
165 , 165
65 , 0
579 , 539
7 , 5
3 , 0
2678 , 2563
1 , 0
1 , 0
8 , 8
9 , 6
3298 , 3298
121 , 113
737 , 656
2 , 0
5 , 0
361 , 361
23 , 23
1 , 0
3 , 3
4216 , 4215
2 , 0
8 , 6
1903 , 1903
4 , 0
1 , 1
34 , 34
155 , 155
3 , 3
74 , 74
355 , 354
2969 , 2959
3 , 0
1294 , 0
3 , 1
49 , 0
1073 , 1073
791 , 791
2 , 2
715 , 554
6 , 6
41 , 41
9710 , 9697
468 , 468
1 , 0
5390 , 5347
26 , 0
1305 , 1305
501 , 452
13 , 12
16 , 7
4768 , 4738
1541 , 1541
3072 , 3069
3266 , 599
1 , 1
11 , 11
339 , 339
82 , 60
5 , 1
851 , 851
10 , 10
3992 , 3987
95 , 95
220 , 215
32 , 0
589 , 536
938 , 792
139 , 138
325 , 305
48 , 0
4556 , 4556
7 , 7
18 , 0
5692 , 5564
58 , 58
2 , 0
176 , 70
1778 , 1728
7 , 7
323 , 196
259 , 187
3101 , 3101
2125 , 587
3 , 0
745 , 0
1 , 0
10 , 9
3964 , 3959
3 , 0
2 , 0
2 , 2
5 , 5
3727 , 3668
8403 , 8400
6032 , 4430
102 , 102
58 , 39
1 , 1
189 , 188
5 , 5
281 , 280
5 , 5
1 , 1
2646 , 2623
35 , 0
377 , 377
47 , 0
5397 , 5396
32 , 28
3031 , 2249
634 , 546
1908 , 1908
6 , 0
151 , 0
2 , 0
31 , 0
1 , 0
20 , 0
2949 , 2854
16 , 9
32 , 0
2368 , 2366
29 , 29
74 , 0
15 , 0
471 , 403
19 , 0
22 , 0
9437 , 9419
5662 , 2493
354 , 0
83 , 83
5 , 0
1 , 0
1 , 0
28 , 28
2012 , 2008
8029 , 7536
751 , 646
1 , 0
230 , 230
19 , 19
70 , 69
9 , 9
39 , 39
9 , 9
8710 , 8710
14 , 0
2555 , 2555
109 , 109
54 , 54
2 , 0
4 , 2
6 , 6
1594 , 1552
1188 , 870
1823 , 1823
117 , 0
98 , 0
737 , 0
11 , 0
1 , 0
5719 , 5717
56 , 56
5 , 0
4 , 4
203 , 203
4 , 0
132 , 132
670 , 334
155 , 155
1 , 1
271 , 271
1490 , 1490
716 , 715
1 , 0
19 , 19
2 , 2
1 , 0
1 , 1
541 , 0
1 , 0
86 , 86
49 , 0
58 , 40
125 , 104
11 , 0
8157 , 7694
5 , 5
5 , 5
151 , 137
10 , 0
46 , 46
1 , 0
1002 , 1002
107 , 107
33 , 33
1 , 0
1 , 0
5 , 0
458 , 344
1125 , 847
1050 , 1050
2 , 2
7001 , 6932
23 , 0
58 , 0
27 , 0
90 , 90
938 , 847
35 , 35
563 , 563
62 , 62
61 , 61
1 , 1
8 , 0
141 , 141
66 , 66
9575 , 9575
383 , 0
3754 , 3754
249 , 249
8606 , 8606
14 , 0
2 , 0
9 , 0
287 , 284
266 , 186
1 , 0
4 , 1
287 , 271
15 , 12
1 , 0
2083 , 1536
20 , 19
4809 , 4784
7 , 2
22 , 22
70 , 67
1 , 0
1 , 1
4209 , 4121
51 , 47
54 , 22
1540 , 1504
2688 , 2351
1552 , 760
7560 , 7560
7481 , 7481
70 , 66
7589 , 7539
5046 , 4035
1 , 1
27 , 0
14 , 0
1 , 0
1308 , 1150
43 , 0
8622 , 8055
435 , 382
812 , 94
2196 , 1495
18 , 0
13 , 0
2 , 0
1 , 0
323 , 281
298 , 295
2 , 2
2 , 0
1 , 0
4 , 0
9433 , 9433
3819 , 3807
178 , 133
8919 , 8919
3 , 2
90 , 0
88 , 0
9 , 8
58 , 48
379 , 379
356 , 352
119 , 119
5 , 0
570 , 197
11 , 11
360 , 360
86 , 83
11 , 11
2 , 0
1701 , 1701
26 , 0
1603 , 1374
17 , 0
5 , 0
129 , 126
2 , 1
16 , 16
655 , 599
5 , 0
3 , 3
2485 , 1501
2640 , 2137
64 , 0
1209 , 1209
5350 , 5334
2 , 0
1525 , 1353
15 , 15
3737 , 3695
8 , 0
4909 , 4909
524 , 505
4 , 0
1 , 1
3 , 2
1537 , 1375
2 , 0
32 , 29
1155 , 1151
8975 , 8975
2 , 0
1574 , 0
7705 , 7571
4 , 0
1354 , 1354
3 , 0
124 , 124
18 , 18
39 , 0
1 , 0
3 , 0
1348 , 1204
1 , 1
11 , 11
1527 , 1436
1348 , 1348
1 , 1
41 , 41
1065 , 1065
3 , 3
2360 , 2360
3 , 3
29 , 29
2524 , 2454
3465 , 3432
497 , 489
215 , 0
8 , 0
1 , 1
840 , 825
1 , 1
5131 , 5131
5671 , 5671
5 , 3
1 , 0
1 , 0
3427 , 3425
10 , 7
8932 , 8811
909 , 909
156 , 156
47 , 0
3923 , 3735
2860 , 2810
1 , 0
2 , 0
265 , 154
3746 , 3627
8 , 0
26 , 0
830 , 830
374 , 310
302 , 302
196 , 38
2 , 0
6111 , 6111
30 , 21
2 , 2
10 , 0
2 , 1
154 , 64
9 , 8
12 , 12
462 , 431
9466 , 9466
6 , 0
2377 , 794
2131 , 2125
7 , 7
967 , 967
3933 , 3836
1036 , 1036
46 , 46
1 , 0
212 , 103
28 , 28
8 , 8
102 , 100
942 , 942
951 , 906
1 , 1
573 , 567
1 , 1
346 , 0
1 , 0
21 , 0
10 , 10
16 , 0
1 , 0
1 , 1
291 , 77
1122 , 1122
9674 , 9667
3281 , 3261
3 , 0
10 , 9
2 , 2
5 , 0
3022 , 3022
2528 , 2287
9 , 9
1244 , 1180
283 , 203
81 , 50
65 , 65
8008 , 8008
5 , 0
258 , 258
9216 , 9214
756 , 0
423 , 300
2998 , 2998
18 , 0
109 , 0
1 , 0
2683 , 2683
8 , 0
333 , 333
456 , 390
256 , 256
6239 , 6221
82 , 82
873 , 873
3 , 3
2 , 2
2 , 0
1071 , 1071
140 , 140
1981 , 1628
12 , 0
7 , 7
1 , 1
336 , 336
3725 , 3725
62 , 39
8 , 0
1 , 0
71 , 71
3 , 3
1 , 0
3 , 3
370 , 370
18 , 0
18 , 18
33 , 0
971 , 712
35 , 35
50 , 17
2261 , 2261
12 , 0
1 , 1
68 , 0
104 , 0
7 , 0
4052 , 4050
1049 , 1045
1 , 0
53 , 0
24 , 0
19 , 19
4 , 0
327 , 327
1302 , 903
445 , 106
61 , 0
249 , 166
5 , 2
49 , 32
1 , 1
962 , 962
1324 , 1324
1168 , 1162
63 , 63
361 , 0
56 , 0
9 , 9
3 , 3
27 , 27
925 , 18
19 , 0
568 , 0
12 , 0
618 , 595
90 , 87
9 , 0
1014 , 1013
91 , 24
28 , 0
9194 , 9193
592 , 537
6 , 0
216 , 0
2 , 0
1591 , 1591
1691 , 1689
78 , 78
2840 , 2827
397 , 38
2968 , 2950
1311 , 1294
109 , 103
7087 , 7085
28 , 27
1 , 0
93 , 93
6 , 6
1 , 0
2892 , 2892
1173 , 1173
240 , 240
226 , 2
296 , 0
569 , 557
1 , 0
329 , 281
3476 , 3437
5294 , 5292
8 , 8
27 , 27
602 , 602
2 , 2
1758 , 1679
53 , 53
17 , 0
91 , 90
3 , 0
402 , 402
396 , 0
2136 , 2135
7254 , 7233
33 , 27
66 , 64
91 , 91
7054 , 5667
1763 , 1681
802 , 116
4263 , 4263
263 , 0
9615 , 9269
1 , 0
934 , 509
316 , 316
243 , 0
21 , 19
1 , 0
201 , 194
3806 , 3751
1 , 1
3 , 0
4864 , 4831
147 , 143
196 , 156
8 , 0
3 , 0
481 , 481
620 , 0
75 , 0
1 , 0
145 , 145
15 , 15
147 , 147
15 , 0
1 , 0
1617 , 1617
4 , 4
2 , 0
2 , 0
806 , 770
4 , 0
4098 , 4091
8154 , 8154
11 , 0
8 , 0
17 , 0
6448 , 6401
48 , 48
4 , 3
1 , 1
6 , 0
4509 , 4509
9 , 9
176 , 121
82 , 0
4392 , 4275
28 , 0
1702 , 1702
4 , 0
18 , 0
8 , 8
2 , 0
6 , 6
2509 , 1783
1 , 1
353 , 207
60 , 0
34 , 0
233 , 0
1503 , 1502
3 , 0
7594 , 7594
62 , 62
3 , 0
3152 , 2879
7 , 0
5965 , 5965
7 , 0
13 , 0
5024 , 5024
4 , 4
6 , 6
86 , 0
30 , 26
1497 , 1497
323 , 320
1 , 0
8363 , 8363
1881 , 1800
2 , 2
33 , 0
24 , 0
4405 , 3949
984 , 964
55 , 0
1 , 1
383 , 0
2 , 0
6 , 6
240 , 179
2763 , 2483
106 , 106
2074 , 2060
27 , 27
4653 , 4520
8 , 8
41 , 39
2 , 0
560 , 37
7 , 0
7363 , 7363
2 , 1
73 , 59
9 , 0
2 , 2
1 , 0
187 , 187
1986 , 1986
1 , 1
31 , 0
209 , 30
72 , 68
181 , 181
76 , 76
26 , 25
1256 , 1256
1 , 0
631 , 0
482 , 481
1241 , 1068
173 , 173
1835 , 1714
1 , 1
543 , 261
1 , 1
404 , 397
27 , 27
2 , 2
65 , 59
100 , 100
4 , 0
4973 , 4973
8 , 0
152 , 152
2 , 2
9 , 8
3233 , 3233
283 , 31
228 , 226
37 , 37
76 , 49
1928 , 1928
1 , 0
1991 , 53
1 , 0
21 , 0
5868 , 5864
15 , 12
1 , 0
2 , 2
5 , 0
646 , 634
40 , 35
4510 , 4486
400 , 392
2 , 0
2 , 0
1354 , 1156
5 , 5
60 , 0
308 , 308
59 , 0
17 , 17
94 , 91
4 , 4
420 , 420
5 , 0
1 , 0
18 , 18
2 , 2
3886 , 3880
34 , 0
2 , 0
7 , 0
9 , 9
899 , 897
946 , 946
3 , 0
473 , 0
476 , 476
688 , 680
1 , 0
2 , 2
18 , 18
12 , 0
69 , 65
70 , 6
19 , 11
3815 , 3815
1 , 0
3 , 0
1 , 0
33 , 0
2 , 0
1211 , 0
1 , 0
63 , 10
116 , 116
281 , 0
15 , 15
2 , 2
4939 , 4939
8518 , 7025
3527 , 3527
5 , 0
1424 , 128
234 , 234
3 , 0
278 , 0
4444 , 4022
24 , 23
5543 , 5440
2 , 0
101 , 96
871 , 736
176 , 176
20 , 20
9757 , 9757
5 , 5
578 , 63
3 , 0
2600 , 2598
2 , 0
17 , 0
6287 , 6287
1627 , 1520
1 , 0
7257 , 7256
60 , 60
7 , 0
8 , 0
5 , 0
117 , 117
17 , 0
107 , 106
1394 , 1389
1 , 1
5 , 5
2 , 0
81 , 81
2943 , 2898
13 , 0
670 , 0
8584 , 8575
246 , 192
5 , 0
8339 , 8339
3272 , 3269
25 , 25
4 , 0
373 , 373
65 , 65
14 , 0
4870 , 4731
3 , 3
10 , 0
1585 , 1585
276 , 198
5611 , 5532
33 , 33
1376 , 1376
322 , 300
512 , 505
22 , 22
312 , 312
3 , 3
27 , 0
931 , 0
9415 , 9373
6249 , 5502
86 , 86
2 , 0
2973 , 2282
563 , 537
1963 , 1829
2598 , 2517
2 , 1
2 , 0
703 , 703
736 , 733
1952 , 1548
2 , 0
166 , 101
9 , 5
188 , 188
1235 , 1235
3211 , 2234
240 , 240
4 , 0
6 , 0
8791 , 8603
42 , 42
9 , 9
560 , 0
590 , 412
5 , 0
252 , 186
17 , 0
15 , 0
47 , 47
1804 , 1804
5 , 0
3476 , 3418
39 , 39
451 , 446
92 , 91
218 , 0
254 , 254
1 , 0
10 , 0
2 , 0
437 , 411
3929 , 3929
4 , 0
169 , 15
435 , 435
1 , 0
33 , 0
1180 , 1180
2528 , 0
9 , 0
1107 , 1094
139 , 0
840 , 809
7109 , 7108
1 , 0
2671 , 2627
3 , 3
9537 , 9537
215 , 0
6 , 6
1288 , 483
1320 , 1320
8 , 8
4078 , 3979
218 , 213
5 , 1
2 , 2
193 , 0
1 , 1
3 , 0
7 , 0
97 , 97
3794 , 3288
1 , 0
11 , 0
106 , 88
1 , 0
2 , 0
1 , 0
3 , 3
4 , 4
143 , 137
61 , 61
3 , 0
1 , 0
362 , 362
2 , 2
55 , 0
219 , 217
343 , 339
41 , 0
266 , 266
65 , 65
1 , 0
19 , 0
3311 , 3286
265 , 253
10 , 8
7740 , 7713
48 , 0
4600 , 4600
1708 , 1663
574 , 574
446 , 446
1 , 0
6 , 4
366 , 277
330 , 330
353 , 325
109 , 108
1337 , 768
1 , 0
7035 , 7035
46 , 0
1 , 0
5 , 0
12 , 0
2 , 0
2501 , 1802
6008 , 6008
1 , 1
429 , 346
8821 , 8821
34 , 0
777 , 729
267 , 241
1 , 0
2216 , 2208
747 , 0
34 , 0
4013 , 2467
1068 , 0
2 , 0
159 , 154
6 , 6
25 , 18
2497 , 2316
1371 , 1371
2 , 2
1427 , 1291
9908 , 9898
70 , 70
1565 , 1565
1 , 1
2566 , 1800
26 , 26
378 , 358
1 , 0
1 , 1
2 , 0
153 , 151
93 , 93
42 , 42
1 , 1
22 , 0
6 , 0
1937 , 1937
10 , 8
5738 , 5738
27 , 0
4 , 1
1651 , 1635
4410 , 4394
6 , 3
271 , 136
1 , 1
3721 , 3709
25 , 0
4 , 0
303 , 297
20 , 0
88 , 51
7010 , 7010
1 , 0
6065 , 5898
175 , 175
2738 , 2723
4377 , 4373
131 , 131
17 , 10
7071 , 7070
1 , 1
1752 , 1678
197 , 0
2226 , 2221
24 , 0
14 , 14
2 , 0
4 , 0
9531 , 9531
129 , 103
146 , 106
2390 , 2371
850 , 850
187 , 157
3 , 0
160 , 160
151 , 150
42 , 30
2050 , 2032
69 , 0
9 , 9
1787 , 1776
23 , 23
1055 , 1031
1 , 1
132 , 85
24 , 24
1 , 1
1241 , 1241
22 , 0
4424 , 4424
731 , 731
190 , 69
38 , 38
4 , 4
9427 , 9427
13 , 11
26 , 26
6 , 6
492 , 492
1117 , 1090
3 , 0
5 , 0
1 , 0
1380 , 1337
370 , 370
5 , 0
53 , 51
1011 , 411
1 , 1
10 , 9
59 , 0
640 , 640
2463 , 1812
464 , 40
3 , 3
42 , 0
1865 , 1865
1285 , 0
1837 , 1837
5964 , 5883
1 , 0
33 , 30
243 , 243
293 , 293
2003 , 1963
7 , 7
13 , 9
26 , 20
4 , 3
7 , 7
3 , 2
4 , 4
2 , 0
618 , 0
1 , 0
214 , 0
10 , 10
7648 , 7555
26 , 26
16 , 0
4545 , 4545
12 , 12
1132 , 1131
1 , 0
42 , 0
1 , 0
770 , 770
819 , 477
1 , 1
126 , 0
67 , 67
203 , 0
34 , 27
825 , 825
712 , 710
1025 , 1025
193 , 193
45 , 5
6890 , 6867
29 , 28
3686 , 2717
1 , 1
159 , 0
863 , 757
2 , 2
9 , 9
153 , 153
2 , 0
184 , 184
154 , 153
2 , 0
2439 , 2438
27 , 0
64 , 52
1 , 0
747 , 747
293 , 292
112 , 112
4 , 0
1754 , 1727
92 , 92
153 , 62
21 , 20
284 , 281
1058 , 1044
160 , 0
1098 , 1007
28 , 23
8681 , 8681
14 , 0
1 , 0
2223 , 2016
1 , 1
8946 , 8946
44 , 44
2217 , 2216
743 , 743
1 , 0
6919 , 6905
3 , 3
42 , 41
193 , 86
2 , 0
45 , 0
30 , 28
277 , 277
4 , 0
5303 , 5303
628 , 548
9533 , 6940
2 , 0
1 , 0
6 , 0
2 , 0
3197 , 3195
13 , 0
552 , 218
5602 , 5602
8160 , 8081
110 , 110
80 , 0
3 , 3
3 , 3
7 , 0
139 , 139
11 , 11
2197 , 2032
31 , 12
1 , 0
3 , 3
1 , 0
223 , 222
162 , 162
1 , 0
24 , 21
4757 , 4455
35 , 35
4650 , 4632
5 , 5
2 , 0
22 , 22
2071 , 1307
452 , 0
9106 , 9106
4 , 4
6486 , 6486
192 , 192
2827 , 2827
2 , 1
2 , 2
2 , 0
1327 , 1309
1 , 1
35 , 0
334 , 191
8 , 8
42 , 42
3333 , 3333
3235 , 3232
2 , 0
1258 , 1201
1355 , 1347
3592 , 3592
106 , 106
9488 , 8755
88 , 67
59 , 56
4 , 0
935 , 935
6721 , 4810
3909 , 3855
1187 , 1183
593 , 593
2133 , 2092
3 , 3
388 , 185
67 , 66
3 , 0
1 , 0
214 , 214
552 , 551
7774 , 7695
11 , 11
4576 , 4485
1 , 1
4 , 3
139 , 139
3 , 3
24 , 19
2 , 0
64 , 0
104 , 16
1 , 1
2 , 2
17 , 0
159 , 159
5767 , 5767
2 , 0
9598 , 9587
448 , 408
61 , 60
24 , 24
2 , 0
2 , 2
5 , 5
19 , 19
1 , 1
4 , 4
7 , 0
8608 , 8521
1149 , 833
8 , 0
1756 , 1679
8 , 8
29 , 29
1619 , 1618
69 , 14
7849 , 7144
72 , 67
1253 , 1246
6345 , 6241
13 , 0
1836 , 1836
306 , 306
59 , 0
21 , 0
826 , 292
177 , 0
70 , 13
179 , 0
673 , 553
16 , 0
3 , 0
24 , 0
2 , 2
13 , 0
2572 , 2572
3 , 3
554 , 530
435 , 430
2 , 0
18 , 0
3714 , 3714
28 , 28
15 , 15
4 , 4
590 , 589
950 , 949
652 , 651
105 , 105
1 , 0
7348 , 7338
332 , 332
4 , 0
705 , 0
3 , 3
131 , 131
55 , 55
393 , 385
2188 , 2144
230 , 230
71 , 0
603 , 492
387 , 103
7 , 0
41 , 41
2 , 0
41 , 36
2 , 0
1 , 0
6294 , 6294
15 , 15
8 , 0
1654 , 951
370 , 370
193 , 0
35 , 35
36 , 36
12 , 11
8 , 0
359 , 359
8693 , 8693
2720 , 2361
6655 , 6613
78 , 0
916 , 905
477 , 0
6859 , 6859
338 , 282
7350 , 7098
976 , 791
26 , 26
67 , 67
2533 , 2533
1 , 0
268 , 266
306 , 293
5 , 0
2 , 2
3657 , 3461
1 , 1
8 , 7
219 , 219
291 , 240
168 , 144
871 , 871
519 , 508
2006 , 2006
116 , 0
2 , 0
765 , 582
2 , 2
3 , 0
28 , 26
3 , 3
265 , 0
261 , 0
906 , 44
3 , 0
78 , 52
856 , 847
2 , 0
1226 , 1195
3 , 2
13 , 13
136 , 111
2209 , 1198
31 , 31
874 , 874
1 , 0
6316 , 6310
4 , 0
9 , 0
32 , 0
3 , 0
25 , 25
22 , 0
5 , 3
22 , 0
897 , 850
1 , 1
2376 , 2130
33 , 20
92 , 91
5 , 0
270 , 270
5 , 5
1 , 0
416 , 416
40 , 40
1 , 1
3377 , 3028
1 , 0
282 , 282
2 , 0
6539 , 6526
65 , 0
37 , 7
13 , 0
1 , 0
3944 , 3937
9 , 9
1 , 0
84 , 0
3 , 3
118 , 0
2195 , 1857
856 , 856
5 , 5
1357 , 1357
7 , 0
28 , 28
23 , 23
31 , 1
44 , 0
3604 , 3567
698 , 689
7 , 4
6146 , 6065
478 , 394
14 , 14
934 , 745
755 , 734
12 , 0
1 , 0
1 , 0
2 , 0
327 , 299
7 , 0
4 , 4
3860 , 3849
6016 , 5622
4158 , 3946
18 , 15
2275 , 2235
1068 , 1068
1036 , 1036
3935 , 3931
16 , 0
456 , 307
1231 , 1207
63 , 63
2421 , 2421
3067 , 2999
3 , 2
207 , 207
83 , 83
352 , 338
4 , 0
7 , 0
5 , 0
5 , 0
60 , 60
264 , 264
495 , 486
2 , 2
123 , 118
1054 , 884
63 , 23
2 , 2
36 , 0
4 , 0
65 , 65
1 , 0
3514 , 3487
11 , 11
67 , 67
1 , 0
136 , 136
416 , 0
2 , 0
1775 , 1242
4655 , 1258
8 , 0
3884 , 3884
2213 , 2049
3857 , 3857
2460 , 2460
2 , 0
36 , 36
126 , 125
53 , 53
52 , 19
1 , 1
8426 , 8415
440 , 438
56 , 56
9 , 4
365 , 365
539 , 539
5 , 0
9830 , 9829
35 , 35
5 , 5
7 , 6
184 , 184
9738 , 9734
1955 , 1191
8727 , 8186
3050 , 2989
2 , 0
66 , 58
1 , 0
86 , 86
2 , 0
30 , 27
11 , 11
4 , 0
681 , 393
2236 , 2206
6 , 6
500 , 499
291 , 291
1 , 0
138 , 138
6703 , 6703
731 , 731
59 , 0
1 , 0
4 , 4
1979 , 843
4 , 0
19 , 0
2525 , 2500
48 , 48
2 , 2
28 , 27
505 , 503
1 , 1
12 , 12
2272 , 2272
1 , 1
2819 , 1749
7 , 7
12 , 0
1 , 0
21 , 0
6003 , 5317
3260 , 3257
160 , 35
23 , 15
7 , 2
130 , 130
1631 , 1193
49 , 2
98 , 97
19 , 0
20 , 0
376 , 151
11 , 0
2510 , 2510
93 , 66
1330 , 1330
1093 , 520
1 , 1
4084 , 3909
2 , 0
6 , 0
1 , 0
9615 , 9615
1 , 1
209 , 191
4 , 0
32 , 32
9842 , 9842
3 , 2
1773 , 1699
25 , 25
829 , 803
72 , 30
184 , 184
1218 , 1051
180 , 74
52 , 52
1921 , 1921
158 , 0
328 , 0
119 , 0
29 , 0
4903 , 4803
1049 , 1014
1 , 0
1 , 1
551 , 545
47 , 47
14 , 14
8 , 0
1 , 0
4 , 0
29 , 23
5671 , 5583
2 , 0
3347 , 3144
3390 , 3352
153 , 0
1115 , 1115
1 , 1
2 , 0
1657 , 1657
9 , 0
550 , 183
7723 , 7719
245 , 245
3 , 0
585 , 583
1 , 0
5180 , 5180
14 , 14
5688 , 5688
55 , 53
7 , 7
159 , 159
1997 , 1167
2 , 2
5 , 0
7520 , 7520
156 , 155
77 , 73
6797 , 6790
404 , 402
3743 , 3724
687 , 0
3 , 0
16 , 0
126 , 125
52 , 49
3639 , 3639
531 , 531
3387 , 3387
1 , 0
96 , 0
81 , 71
720 , 0
2 , 0
5 , 0
1358 , 1346
32 , 31
2561 , 2470
9424 , 9401
23 , 0
26 , 0
5763 , 5763
3 , 0
790 , 790
2 , 2
20 , 0
10 , 10
915 , 596
370 , 362
203 , 0
4 , 0
120 , 120
3 , 0
2 , 0
24 , 3
8010 , 7986
1361 , 792
8 , 0
233 , 233
6 , 0
3 , 3
5 , 5
43 , 7
3301 , 3301
5731 , 5563
857 , 781
2211 , 2208
614 , 181
4106 , 3948
38 , 0
133 , 131
609 , 602
82 , 0
166 , 164
9 , 9
6495 , 6450
151 , 151
40 , 0
4 , 0
4 , 1
3 , 3
2 , 2
1 , 1
9 , 9
2409 , 797
7928 , 7928
14 , 9
175 , 137
771 , 736
6 , 6
9983 , 8188
2 , 2
6 , 6
831 , 671
4 , 3
3 , 0
76 , 73
8 , 3
1378 , 1378
27 , 27
90 , 0
163 , 163
2229 , 2229
5 , 0
1 , 0
66 , 57
1 , 1
200 , 100
2687 , 2687
36 , 19
30 , 0
19 , 19
1 , 1
37 , 0
1 , 0
1 , 0
4 , 0
3 , 3
1 , 0
7229 , 3515
35 , 33
7 , 0
7960 , 7960
369 , 0
38 , 0
35 , 35
55 , 0
985 , 865
23 , 0
2 , 2
48 , 48
11 , 11
293 , 293
1466 , 1454
392 , 387
177 , 177
10 , 0
1471 , 1387
6 , 6
20 , 20
5384 , 5279
686 , 629
653 , 514
12 , 12
2103 , 1778
296 , 291
1 , 0
1673 , 1672
377 , 377
3 , 0
7095 , 7095
17 , 17
6 , 0
1907 , 1891
7694 , 7686
7 , 7
205 , 205
3 , 3
1443 , 1420
243 , 243
1 , 0
8 , 8
5 , 0
848 , 794
7579 , 7525
1 , 1
647 , 247
8 , 7
940 , 939
70 , 70
799 , 710
26 , 26
4178 , 4159
375 , 0
1 , 0
510 , 490
108 , 25
376 , 376
1755 , 1755
1282 , 1282
20 , 7
331 , 77
1 , 1
5 , 0
2 , 1
2 , 2
1 , 0
1535 , 1535
1905 , 1898
31 , 31
8639 , 8634
2 , 0
1 , 0
252 , 244
17 , 15
360 , 360
79 , 79
7693 , 7690
16 , 0
781 , 781
4579 , 4579
1186 , 1186
1 , 0
3 , 0
36 , 0
153 , 124
40 , 0
150 , 61
1420 , 1420
8 , 0
662 , 658
5450 , 5435
19 , 0
1 , 0
7 , 0
20 , 20
3 , 3
1 , 0
190 , 190
2624 , 2623
1 , 0
4212 , 4212
43 , 2
17 , 17
81 , 81
270 , 270
25 , 19
9 , 0
12 , 8
21 , 19
4 , 0
141 , 132
13 , 13
1 , 0
2800 , 2800
171 , 171
186 , 184
4861 , 4861
1273 , 1208
163 , 131
407 , 407
73 , 71
1 , 0
126 , 0
464 , 464
1 , 0
859 , 835
9053 , 9027
21 , 10
8511 , 8511
63 , 0
73 , 0
23 , 22
60 , 17
568 , 265
1 , 0
15 , 15
581 , 552
373 , 234
1318 , 1168
3 , 3
2 , 0
7 , 5
38 , 29
1 , 0
3 , 3
227 , 0
9 , 9
2 , 2
392 , 390
1087 , 576
7 , 0
5 , 5
1 , 0
4 , 4
105 , 104
3897 , 3892
3422 , 3400
371 , 360
51 , 0
3148 , 3144
28 , 0
4406 , 4406
14 , 14
3317 , 3280
498 , 470
3 , 0
2253 , 2230
22 , 17
2576 , 2571
6 , 6
3197 , 3035
7 , 0
9658 , 9658
27 , 0
95 , 25
6 , 6
159 , 91
54 , 45
99 , 99
39 , 33
56 , 56
2252 , 2252
539 , 539
4 , 0
5 , 0
9 , 9
20 , 0
9 , 0
3 , 0
2 , 0
45 , 44
1 , 1
4 , 0
4189 , 4066
1203 , 1203
5 , 0
4778 , 4778
115 , 0
26 , 26
7568 , 7411
1009 , 1009
3869 , 3848
9 , 9
35 , 35
3401 , 1815
9021 , 8545
5 , 0
241 , 183
381 , 381
10 , 10
14 , 14
35 , 35
2 , 0
1 , 0
31 , 21
125 , 125
5 , 0
2 , 2
347 , 37
32 , 32
1784 , 1784
136 , 136
4 , 4
923 , 829
1388 , 1388
2038 , 2037
1 , 1
1 , 0
225 , 224
10 , 0
13 , 0
1 , 0
1 , 0
131 , 131
388 , 388
145 , 61
144 , 144
9 , 0
13 , 13
6 , 0
1 , 0
809 , 634
243 , 243
3060 , 3060
1140 , 1049
1 , 1
4184 , 4182
3 , 0
75 , 40
5 , 5
1 , 1
1459 , 1435
3314 , 3314
8100 , 8100
2 , 2
4 , 0
527 , 0
95 , 0
254 , 144
1 , 0
5060 , 5028
2 , 0
1 , 0
22 , 0
7898 , 7898
10 , 8
17 , 0
161 , 161
19 , 0
2172 , 2168
8655 , 8655
5336 , 5316
1423 , 1407
33 , 33
18 , 0
1 , 0
5610 , 5450
13 , 13
8101 , 8077
1090 , 1046
4870 , 4870
3185 , 2490
173 , 0
23 , 0
8 , 4
86 , 72
2 , 0
1 , 0
31 , 31
53 , 53
2752 , 2752
1 , 1
339 , 0
8 , 8
12 , 12
4620 , 2365
756 , 755
6 , 0
3875 , 2422
65 , 65
419 , 285
15 , 0
1666 , 1666
344 , 344
6 , 0
1 , 0
1 , 0
57 , 0
247 , 245
1 , 0
7 , 7
22 , 0
117 , 0
2327 , 2327
2 , 2
1 , 1
123 , 123
257 , 255
1 , 1
52 , 0
2 , 2
7 , 0
3 , 1
3592 , 3528
7892 , 7892
5689 , 5689
9 , 0
103 , 103
2 , 0
40 , 36
16 , 6
505 , 352
35 , 35
70 , 0
1 , 1
188 , 184
1 , 0
5043 , 5043
2 , 0
4 , 0
84 , 84
413 , 413
58 , 0
16 , 12
4 , 0
70 , 70
73 , 0
1457 , 1071
2 , 0
7 , 0
21 , 0
2 , 0
2 , 0
42 , 0
15 , 15
35 , 24
3 , 3
4638 , 4638
436 , 417
11 , 5
1417 , 1395
56 , 0
20 , 0
3 , 3
660 , 659
146 , 0
6322 , 6134
1 , 0
895 , 895
103 , 92
8311 , 8304
244 , 244
69 , 0
4072 , 4072
6172 , 6059
57 , 0
1143 , 1037
1839 , 1823
506 , 506
63 , 0
44 , 0
61 , 60
26 , 0
2109 , 2109
1 , 0
6 , 0
121 , 121
8256 , 8243
3 , 3
413 , 410
38 , 0
2 , 0
6 , 0
1915 , 1910
26 , 24
1 , 1
11 , 0
9 , 9
242 , 242
272 , 272
111 , 74
44 , 43
1 , 1
220 , 8
9 , 9
864 , 864
241 , 0
6 , 5
68 , 46
2659 , 1899
309 , 287
15 , 14
5 , 0
4 , 4
2507 , 2507
13 , 13
1 , 0
97 , 0
2 , 0
67 , 0
1 , 0
7658 , 7611
3606 , 3606
1 , 0
1 , 1
2016 , 1768
21 , 0
358 , 330
88 , 88
4111 , 4111
3 , 0
68 , 67
4 , 0
1 , 1
5665 , 5648
9985 , 9976
37 , 0
1165 , 1134
133 , 133
12 , 4
231 , 216
12 , 0
68 , 0
10 , 7
1 , 0
1 , 0
4497 , 4472
1 , 0
7637 , 5964
1 , 0
6908 , 6873
1168 , 982
3 , 0
2 , 2
225 , 209
145 , 124
122 , 0
7498 , 7498
81 , 78
44 , 18
23 , 21
6715 , 6636
652 , 386
166 , 84
524 , 524
3 , 0
2 , 1
3 , 3
7 , 7
2511 , 2511
3520 , 3517
10 , 10
7302 , 7260
1490 , 637
2879 , 2852
571 , 571
63 , 57
208 , 151
1 , 0
1 , 0
4483 , 4475
13 , 0
469 , 0
45 , 0
5951 , 5916
24 , 0
13 , 0
1 , 0
46 , 0
22 , 22
46 , 46
50 , 49
8 , 8
2 , 0
5349 , 5289
344 , 111
182 , 138
4095 , 4094
186 , 159
2934 , 2909
7046 , 6980
912 , 910
1372 , 1372
2 , 0
3 , 0
370 , 332
1599 , 1599
19 , 0
7 , 7
3951 , 3826
1 , 1
5850 , 5314
4608 , 4605
75 , 66
99 , 99
1 , 0
8 , 0
8 , 8
279 , 221
12 , 0
1928 , 1794
1 , 0
598 , 528
3130 , 3130
31 , 0
40 , 40
1 , 1
2429 , 2426
2786 , 2786
5 , 4
2 , 0
155 , 151
1 , 0
3 , 3
1 , 0
3 , 3
92 , 29
154 , 153
8 , 8
9 , 0
153 , 145
6832 , 6010
1651 , 1647
117 , 54
10 , 0
79 , 36
108 , 108
1070 , 1070
171 , 170
2928 , 2928
24 , 0
12 , 0
8 , 8
9 , 0
1 , 0
4138 , 4098
1 , 0
4383 , 4373
558 , 558
794 , 793
284 , 284
6586 , 6525
70 , 0
1 , 0
1262 , 1257
83 , 82
5223 , 5164
831 , 775
49 , 46
20 , 0
112 , 91
520 , 439
1 , 0
17 , 0
791 , 666
2822 , 2822
6 , 6
3 , 3
184 , 184
3885 , 3852
3684 , 3668
7 , 6
8 , 2
9517 , 9417
1949 , 1945
1413 , 1413
11 , 0
728 , 728
2 , 2
2 , 2
2 , 2
209 , 185
2767 , 1693
100 , 100
318 , 303
232 , 232
55 , 51
1092 , 1073
929 , 929
1143 , 747
151 , 0
1298 , 1298
12 , 0
5 , 5
15 , 0
463 , 447
12 , 0
4752 , 4752
109 , 105
3 , 0
401 , 2
2984 , 2983
13 , 0
1436 , 1398
2155 , 1966
23 , 0
464 , 464
73 , 73
4 , 0
8931 , 8931
4 , 0
4 , 4
228 , 0
13 , 13
6 , 0
5336 , 5321
1881 , 1875
58 , 52
546 , 546
2 , 0
29 , 0
53 , 53
31 , 26
1612 , 1578
14 , 0
2 , 0
5575 , 5413
1 , 1
363 , 267
2 , 1
66 , 0
22 , 0
4 , 0
6756 , 6634
52 , 52
6 , 6
9 , 0
1 , 0
463 , 456
8 , 0
4989 , 4989
7547 , 7477
141 , 141
1040 , 1040
144 , 138
21 , 0
3 , 0
9312 , 9243
7708 , 7245
28 , 28
2460 , 1732
2053 , 2053
5 , 4
32 , 13
1054 , 1050
4 , 4
54 , 53
83 , 83
56 , 56
760 , 0
42 , 0
279 , 268
2012 , 1866
1 , 1
76 , 75
2008 , 1585
1 , 0
338 , 193
2538 , 2538
1 , 0
340 , 340
976 , 966
1263 , 787
40 , 35
4 , 0
38 , 11
3766 , 3765
297 , 297
6 , 5
6878 , 6875
4984 , 4959
5988 , 5619
1 , 1
7 , 7
10 , 0
322 , 322
3 , 3
1173 , 1173
4 , 4
7 , 0
1119 , 1119
1062 , 935
194 , 194
6091 , 6080
1830 , 1738
10 , 0
2 , 0
76 , 0
8 , 0
718 , 703
20 , 0
95 , 95
2 , 0
7526 , 6955
810 , 707
1 , 0
1 , 1
1219 , 1217
5 , 5
16 , 0
11 , 11
1826 , 1609
7 , 6
81 , 81
1524 , 1185
70 , 70
129 , 0
153 , 149
1075 , 1070
2354 , 2354
443 , 441
5 , 2
53 , 53
208 , 208
5 , 5
3204 , 2449
3 , 0
2074 , 2067
219 , 205
3835 , 3835
10 , 0
28 , 0
22 , 0
87 , 87
197 , 0
30 , 30
1632 , 1084
2 , 1
91 , 80
4 , 2
198 , 0
21 , 0
141 , 96
2314 , 2298
6083 , 2794
6132 , 6132
80 , 78
1 , 1
2 , 0
15 , 0
775 , 757
138 , 110
712 , 695
33 , 33
1 , 0
2 , 0
1 , 0
99 , 13
823 , 819
2529 , 2498
5006 , 4968
4 , 0
3 , 0
12 , 0
1 , 0
4082 , 4061
47 , 36
850 , 833
4105 , 4105
29 , 22
428 , 428
45 , 0
1 , 0
158 , 158
7 , 0
12 , 12
364 , 364
228 , 228
341 , 301
8 , 0
22 , 22
1 , 1
519 , 516
8 , 0
3 , 3
736 , 735
389 , 385
6626 , 6608
54 , 29
52 , 22
16 , 8
9 , 0
20 , 0
361 , 361
8 , 8
25 , 0
4 , 0
7 , 0
1510 , 1500
1 , 0
73 , 18
945 , 927
3 , 0
775 , 764
344 , 341
10 , 10
82 , 0
3 , 0
3 , 0
765 , 757
59 , 58
44 , 0
2909 , 2905
55 , 43
63 , 0
2382 , 2382
85 , 85
3743 , 3735
2 , 0
12 , 12
6 , 0
71 , 27
9 , 9
44 , 8
1 , 1
26 , 0
1 , 0
26 , 26
12 , 12
2637 , 2636
2 , 2
31 , 30
1508 , 1494
229 , 229
1151 , 1151
237 , 213
3603 , 3582
6698 , 6690
243 , 233
2888 , 2888
5 , 5
86 , 73
1351 , 1349
704 , 693
8874 , 8874
3714 , 3714
32 , 18
3548 , 3548
3 , 0
32 , 15
2982 , 2982
10 , 10
1 , 1
73 , 0
1419 , 1419
1 , 0
60 , 0
738 , 738
440 , 434
7 , 4
4 , 0
2 , 0
2174 , 1935
10 , 0
241 , 236
1 , 0
294 , 279
7 , 0
479 , 479
2679 , 2679
6610 , 6508
127 , 127
9 , 4
8 , 8
1 , 1
684 , 676
528 , 524
126 , 126
50 , 47
3 , 0
