83 , 0
23 , 0
1911 , 1263
60 , 0
161 , 0
450 , 0
171 , 0
57 , 0
804 , 0
3 , 1
25 , 0
13 , 0
17 , 0
3630 , 0
1 , 0
148 , 0
8 , 0
1268 , 353
51 , 0
5 , 0
43 , 0
2642 , 1264
2529 , 0
2 , 0
21 , 0
1 , 1
8 , 0
45 , 0
2 , 0
89 , 0
5196 , 3544
6 , 0
497 , 0
63 , 0
1 , 0
288 , 0
1430 , 1430
4 , 0
230 , 0
777 , 499
5 , 0
765 , 50
2 , 0
17 , 12
851 , 0
3737 , 3737
6 , 0
7 , 6
1 , 0
31 , 0
94 , 0
904 , 297
12 , 12
495 , 0
147 , 0
314 , 0
90 , 0
475 , 0
2 , 0
100 , 0
31 , 0
2 , 0
20 , 0
5 , 0
6 , 0
2 , 0
268 , 0
2721 , 2707
1785 , 630
35 , 0
1035 , 328
1 , 0
3 , 0
662 , 0
9089 , 8225
562 , 0
611 , 0
83 , 0
27 , 0
56 , 0
1520 , 0
1 , 0
19 , 0
515 , 0
9431 , 6399
3 , 0
5131 , 3923
1 , 1
4263 , 0
36 , 27
2 , 0
2 , 0
1 , 0
1 , 0
14 , 0
1 , 0
22 , 0
4780 , 3882
2 , 0
200 , 0
8 , 0
22 , 0
39 , 0
370 , 0
304 , 298
45 , 0
164 , 0
176 , 0
545 , 0
2619 , 2572
5140 , 1589
1 , 0
10 , 0
281 , 44
656 , 0
27 , 0
1109 , 0
385 , 0
5 , 0
1 , 0
5 , 0
267 , 0
6384 , 2112
28 , 0
11 , 0
344 , 308
9038 , 7803
1 , 0
26 , 0
3686 , 0
15 , 0
1278 , 0
29 , 0
1328 , 1163
4 , 0
39 , 0
166 , 0
520 , 0
1 , 0
119 , 0
197 , 0
16 , 0
10 , 0
1 , 0
71 , 0
2 , 0
1684 , 0
47 , 0
20 , 18
5239 , 3796
12 , 0
563 , 0
498 , 0
1 , 0
24 , 0
293 , 293
34 , 0
1 , 0
19 , 0
8844 , 8404
49 , 0
68 , 0
4 , 0
1477 , 0
101 , 0
2 , 0
207 , 0
76 , 0
39 , 0
9 , 0
1619 , 338
1 , 0
227 , 0
453 , 332
53 , 31
2839 , 0
14 , 0
3922 , 3547
3896 , 3151
4 , 0
2042 , 2024
109 , 0
681 , 0
51 , 0
166 , 0
259 , 0
1 , 0
19 , 0
31 , 0
138 , 0
1 , 0
116 , 38
16 , 0
1 , 0
1 , 0
2 , 0
2 , 0
70 , 0
91 , 0
18 , 0
80 , 80
12 , 0
1 , 0
1 , 0
2 , 0
6 , 0
1 , 0
1 , 0
163 , 0
85 , 0
11 , 0
87 , 0
2 , 0
3 , 0
2 , 0
4536 , 0
1005 , 0
737 , 0
5 , 0
3901 , 3652
1 , 0
6 , 6
1 , 0
2817 , 1869
8 , 0
8 , 0
770 , 0
119 , 0
188 , 0
18 , 0
644 , 643
2065 , 2020
24 , 0
124 , 0
469 , 0
92 , 36
91 , 0
326 , 0
16 , 0
16 , 0
104 , 0
1 , 0
1175 , 0
3641 , 3509
7 , 0
73 , 0
32 , 0
3 , 0
4423 , 2993
3 , 0
16 , 0
34 , 0
8 , 0
232 , 0
11 , 0
7 , 0
5 , 0
2 , 0
1409 , 1408
2319 , 0
76 , 0
117 , 0
33 , 0
5 , 0
1318 , 0
55 , 0
2 , 0
165 , 0
60 , 0
265 , 0
28 , 0
2 , 2
26 , 0
3153 , 2398
21 , 0
6718 , 5854
52 , 0
4 , 0
231 , 0
1142 , 1111
2469 , 2435
139 , 0
268 , 0
35 , 0
1 , 0
11 , 0
148 , 0
1048 , 242
6 , 0
36 , 0
10 , 0
21 , 0
2314 , 2289
67 , 0
2087 , 0
8902 , 6673
399 , 0
132 , 0
2 , 0
1242 , 63
20 , 0
1919 , 0
520 , 0
9 , 0
1064 , 203
5 , 0
1 , 0
25 , 0
6 , 5
17 , 0
1431 , 734
1 , 0
103 , 0
1 , 0
9393 , 6856
5476 , 3378
4379 , 264
9324 , 7975
4 , 0
69 , 0
3730 , 0
19 , 0
15 , 0
1 , 0
15 , 0
1 , 0
7 , 0
3931 , 3927
1 , 0
24 , 0
9 , 0
3913 , 3809
1 , 0
1863 , 1267
32 , 0
1 , 0
2670 , 0
16 , 0
332 , 0
1226 , 0
8 , 0
3 , 0
95 , 0
3727 , 3247
249 , 0
7 , 0
2065 , 2061
1876 , 1306
72 , 0
3812 , 3810
1 , 1
427 , 0
17 , 0
226 , 0
3331 , 512
1 , 0
72 , 0
310 , 0
6340 , 2748
807 , 0
6969 , 3925
2 , 0
16 , 0
2638 , 2545
1 , 0
3657 , 3218
5572 , 5264
554 , 0
219 , 0
7299 , 4090
1 , 0
153 , 0
16 , 0
36 , 0
5 , 0
630 , 617
2034 , 1634
40 , 19
38 , 0
1 , 0
4 , 0
40 , 38
31 , 0
2 , 0
12 , 0
221 , 0
130 , 0
60 , 0
5593 , 0
30 , 0
100 , 0
5 , 0
25 , 0
4110 , 0
1759 , 0
3 , 0
2014 , 0
359 , 0
2112 , 0
680 , 0
13 , 0
2 , 0
5 , 0
98 , 0
1858 , 0
75 , 0
15 , 0
4737 , 795
28 , 0
3 , 0
3 , 0
1 , 0
5 , 0
3194 , 0
126 , 0
98 , 0
588 , 0
4 , 0
128 , 0
45 , 0
16 , 0
52 , 0
991 , 0
4 , 0
41 , 0
2382 , 2376
3 , 0
38 , 0
203 , 0
1 , 0
3129 , 3017
3 , 0
189 , 0
557 , 488
834 , 834
1 , 0
5 , 0
3132 , 0
12 , 0
1553 , 850
8 , 0
274 , 0
1 , 0
1058 , 143
6 , 0
55 , 0
1 , 0
79 , 0
18 , 0
10 , 0
45 , 0
272 , 0
2 , 0
26 , 0
24 , 0
2580 , 385
21 , 0
1 , 0
1 , 0
7803 , 7624
12 , 0
3956 , 1806
13 , 0
16 , 0
9 , 0
9130 , 7266
54 , 0
83 , 0
2 , 0
74 , 0
12 , 0
1878 , 1420
3478 , 0
824 , 0
3 , 0
578 , 0
24 , 0
9363 , 8555
7028 , 5121
7405 , 0
2263 , 36
427 , 0
1 , 0
11 , 0
215 , 27
6 , 0
1 , 0
4 , 0
13 , 6
3235 , 544
456 , 0
4 , 0
1306 , 0
15 , 0
71 , 0
21 , 0
12 , 0
745 , 0
63 , 0
6 , 0
1 , 0
72 , 0
21 , 0
2480 , 2480
8521 , 6310
239 , 0
781 , 0
19 , 19
5 , 0
418 , 0
60 , 0
23 , 0
1 , 0
2 , 0
2 , 0
289 , 0
1881 , 148
1 , 0
756 , 0
1 , 0
4524 , 4336
7 , 0
4 , 0
7 , 0
1618 , 0
2 , 0
1 , 0
127 , 0
7 , 0
1486 , 0
28 , 0
322 , 0
84 , 0
620 , 0
7166 , 6803
18 , 0
12 , 0
5 , 0
13 , 0
9017 , 9010
83 , 0
592 , 0
8288 , 6279
310 , 0
30 , 0
11 , 0
2 , 0
403 , 0
4 , 0
2437 , 1588
110 , 0
10 , 0
9848 , 7141
43 , 0
14 , 0
775 , 0
11 , 0
2 , 0
1 , 0
2850 , 0
166 , 0
3 , 0
2 , 0
33 , 0
8 , 0
1876 , 0
2688 , 0
15 , 0
3 , 0
1090 , 0
14 , 0
222 , 190
488 , 0
839 , 0
99 , 0
4 , 0
9 , 0
116 , 0
2210 , 1834
80 , 0
7118 , 5277
20 , 0
16 , 0
27 , 0
8 , 0
1 , 0
327 , 0
1 , 0
25 , 0
5 , 0
1 , 0
4 , 0
3 , 0
47 , 0
30 , 0
14 , 0
203 , 0
143 , 0
20 , 0
160 , 0
42 , 0
1553 , 0
89 , 0
41 , 0
97 , 0
4955 , 3642
208 , 0
7 , 0
4300 , 0
2 , 0
48 , 0
971 , 323
8 , 0
107 , 107
4004 , 2282
5 , 0
2146 , 1980
609 , 0
2 , 0
3 , 0
3 , 0
1367 , 0
6146 , 3021
4885 , 2311
689 , 0
2 , 0
40 , 0
6 , 0
15 , 0
4 , 0
212 , 0
633 , 0
3 , 0
8 , 0
1 , 0
3 , 0
2241 , 0
3932 , 823
2764 , 0
15 , 0
73 , 0
28 , 12
3 , 0
8 , 0
1080 , 1080
9 , 0
4676 , 4585
289 , 287
117 , 0
4 , 0
63 , 0
3330 , 0
33 , 0
4 , 0
28 , 0
309 , 0
2527 , 85
183 , 0
593 , 0
26 , 24
69 , 0
20 , 0
4268 , 726
585 , 0
87 , 0
760 , 0
172 , 0
1 , 0
57 , 0
874 , 0
21 , 0
5458 , 748
2204 , 0
1574 , 1330
428 , 0
1157 , 0
299 , 0
458 , 458
3 , 0
42 , 0
5 , 0
1387 , 1047
504 , 0
2 , 0
656 , 0
635 , 0
11 , 0
8642 , 7673
2772 , 0
35 , 20
10 , 0
7 , 0
4 , 0
60 , 0
2208 , 0
2 , 0
65 , 0
44 , 0
866 , 0
1 , 0
532 , 0
4567 , 4567
3 , 0
1334 , 0
1766 , 1755
115 , 0
1 , 0
211 , 177
86 , 0
241 , 0
1 , 0
3 , 0
40 , 0
8 , 0
3 , 0
500 , 496
395 , 16
1015 , 0
8917 , 8859
1370 , 0
40 , 0
199 , 0
2 , 0
1 , 1
48 , 0
2 , 0
823 , 0
20 , 0
7128 , 6325
117 , 0
10 , 0
4 , 0
5291 , 0
2 , 0
795 , 0
10 , 0
271 , 0
3779 , 198
13 , 0
3 , 0
421 , 263
506 , 0
57 , 0
6 , 0
33 , 0
2 , 0
1703 , 677
4737 , 0
11 , 0
2 , 0
52 , 0
643 , 0
49 , 0
6320 , 5386
200 , 0
1 , 0
1236 , 0
2 , 0
16 , 0
585 , 0
1402 , 1092
414 , 0
296 , 0
7350 , 2907
14 , 0
1514 , 0
6 , 0
13 , 0
99 , 0
3183 , 0
1 , 0
1045 , 923
43 , 0
1568 , 0
2 , 0
788 , 0
2 , 0
3216 , 0
274 , 0
15 , 0
10 , 9
1737 , 0
1 , 0
1616 , 0
1 , 0
155 , 0
777 , 0
8372 , 4507
89 , 0
298 , 0
81 , 0
87 , 0
136 , 55
229 , 0
23 , 0
1 , 0
1 , 0
77 , 0
4738 , 2618
221 , 0
3153 , 0
75 , 0
27 , 0
34 , 0
1 , 0
499 , 0
8 , 0
314 , 0
1940 , 1667
2540 , 2539
7605 , 4618
3844 , 3111
64 , 0
1 , 0
33 , 0
8074 , 1418
216 , 40
1835 , 0
3289 , 1543
878 , 0
1 , 0
7 , 0
1424 , 493
3322 , 2891
22 , 0
119 , 0
4 , 0
1865 , 1798
39 , 0
2 , 0
462 , 0
256 , 0
6789 , 0
1 , 0
46 , 0
1323 , 0
36 , 0
320 , 0
676 , 0
25 , 0
10 , 0
1 , 0
2 , 0
351 , 0
391 , 0
210 , 0
1 , 0
129 , 74
4 , 0
28 , 0
26 , 0
5 , 0
234 , 180
3 , 0
114 , 0
253 , 0
529 , 450
81 , 0
1 , 0
113 , 0
65 , 0
45 , 0
5 , 0
605 , 577
3 , 0
17 , 0
5663 , 4072
52 , 0
128 , 0
249 , 0
125 , 0
6738 , 5258
1 , 0
73 , 38
48 , 0
7872 , 6704
2 , 0
2 , 0
5 , 2
1058 , 435
88 , 0
334 , 0
269 , 247
1 , 0
682 , 0
50 , 0
1 , 0
1259 , 320
61 , 0
1836 , 0
1 , 0
4477 , 1965
212 , 0
3 , 0
3858 , 618
2264 , 2262
3049 , 2162
40 , 0
64 , 0
13 , 12
370 , 210
148 , 0
1 , 0
156 , 0
2255 , 0
39 , 0
2 , 0
2 , 0
631 , 0
144 , 0
88 , 0
131 , 0
10 , 0
8 , 0
1 , 0
1948 , 0
1689 , 1680
3 , 0
8877 , 8858
623 , 0
15 , 0
3 , 0
8404 , 5269
698 , 0
100 , 0
279 , 0
18 , 0
4520 , 3535
190 , 0
212 , 0
1 , 0
405 , 0
356 , 0
3614 , 2270
2 , 0
5933 , 4779
333 , 0
1 , 0
3 , 0
10 , 0
14 , 0
3431 , 0
1 , 0
4253 , 3108
12 , 0
108 , 0
263 , 0
15 , 0
3 , 0
1 , 0
1 , 0
515 , 0
45 , 0
1024 , 165
8652 , 5439
82 , 0
176 , 135
8 , 0
1 , 0
5 , 0
1 , 0
4 , 0
94 , 0
2 , 0
56 , 0
2167 , 1789
3661 , 3661
26 , 1
3 , 0
1 , 0
3 , 0
982 , 368
9739 , 9210
510 , 0
24 , 0
44 , 0
1 , 0
1 , 1
33 , 0
9251 , 8419
1 , 0
1 , 0
964 , 0
96 , 0
158 , 0
28 , 0
5 , 0
3480 , 1973
4178 , 4124
195 , 195
19 , 0
23 , 0
1 , 0
7531 , 7188
4 , 0
2 , 0
21 , 0
6698 , 6697
43 , 0
54 , 0
294 , 0
6 , 0
3 , 0
1 , 0
3390 , 3381
8 , 0
529 , 0
884 , 441
24 , 0
109 , 109
36 , 0
89 , 54
2419 , 2317
1 , 0
4 , 0
1 , 0
44 , 0
9769 , 9563
106 , 0
1 , 0
242 , 0
1 , 0
63 , 0
144 , 0
641 , 0
1413 , 1403
897 , 0
1 , 0
64 , 0
7 , 0
1 , 0
2 , 0
260 , 0
6146 , 1977
18 , 18
1063 , 0
2306 , 2008
444 , 0
284 , 0
12 , 0
532 , 0
57 , 0
82 , 0
21 , 0
3 , 0
2122 , 221
96 , 0
6450 , 4210
989 , 691
2 , 0
432 , 0
21 , 0
36 , 0
22 , 10
2247 , 600
279 , 0
887 , 0
204 , 0
19 , 0
1 , 0
85 , 0
409 , 0
8 , 0
2 , 0
50 , 0
11 , 0
3433 , 3110
3937 , 1396
540 , 0
40 , 0
4 , 0
995 , 0
19 , 0
5 , 0
21 , 0
2 , 0
72 , 0
2 , 0
27 , 0
3021 , 388
8 , 0
1391 , 1371
7 , 0
15 , 0
165 , 0
580 , 0
532 , 0
7 , 0
2 , 0
632 , 0
1 , 0
6 , 0
13 , 0
118 , 0
1354 , 0
1 , 0
4 , 0
25 , 0
4249 , 0
2773 , 0
6183 , 5498
244 , 0
7 , 0
14 , 0
5572 , 5119
4344 , 949
1 , 0
4 , 0
1 , 0
530 , 409
2 , 0
301 , 0
4 , 0
63 , 0
1628 , 0
615 , 0
31 , 0
5246 , 4222
114 , 0
871 , 0
203 , 0
285 , 0
1439 , 0
8537 , 7844
34 , 0
6959 , 4481
43 , 0
1634 , 1193
38 , 0
16 , 0
5733 , 5509
2 , 0
4 , 0
97 , 0
4886 , 0
339 , 0
116 , 0
5314 , 2903
26 , 0
379 , 0
534 , 453
77 , 0
7 , 0
29 , 0
163 , 0
22 , 0
1 , 0
2084 , 0
727 , 0
1 , 0
234 , 0
8 , 0
2152 , 991
3 , 0
8 , 0
12 , 0
1693 , 0
8 , 0
4117 , 4071
8007 , 6165
57 , 0
4 , 0
1027 , 0
359 , 0
925 , 625
1 , 0
43 , 0
436 , 0
129 , 0
3 , 0
3 , 0
59 , 0
112 , 112
3010 , 0
1 , 0
1 , 0
24 , 0
28 , 0
29 , 0
1 , 0
4659 , 4460
204 , 0
1 , 1
17 , 0
689 , 0
407 , 0
8 , 0
1 , 0
7 , 0
225 , 0
2004 , 1181
8 , 0
1 , 0
33 , 0
4 , 3
80 , 0
748 , 0
183 , 0
313 , 165
123 , 0
5153 , 2372
19 , 0
9 , 0
151 , 151
4172 , 1477
2 , 0
709 , 0
7149 , 6577
2 , 0
3 , 0
5024 , 0
34 , 0
2670 , 1893
2745 , 985
1 , 0
2805 , 691
2 , 0
34 , 0
5213 , 2571
1 , 0
973 , 0
31 , 0
34 , 0
5725 , 4746
13 , 0
3570 , 3463
46 , 0
2 , 0
455 , 0
114 , 0
20 , 15
1324 , 0
892 , 0
2398 , 858
2 , 0
136 , 0
13 , 0
83 , 0
41 , 0
174 , 0
5742 , 5620
11 , 0
4757 , 2693
1 , 0
448 , 161
33 , 0
31 , 0
3 , 0
19 , 0
13 , 0
27 , 0
13 , 0
352 , 352
138 , 0
1263 , 0
95 , 0
5618 , 2973
16 , 0
6 , 0
1 , 0
489 , 0
209 , 0
9 , 9
147 , 147
1453 , 0
2 , 0
382 , 0
1 , 0
943 , 0
71 , 0
125 , 0
199 , 0
8135 , 4353
17 , 0
2 , 0
51 , 0
64 , 0
14 , 0
7 , 0
4072 , 3799
64 , 0
10 , 0
992 , 665
19 , 0
2 , 0
1 , 0
2 , 0
4 , 0
1 , 0
173 , 0
242 , 70
7952 , 7373
7 , 0
35 , 30
3551 , 2450
15 , 0
1 , 0
18 , 0
10 , 0
118 , 0
864 , 591
28 , 0
28 , 0
2700 , 395
1061 , 335
1365 , 0
15 , 0
12 , 0
35 , 0
14 , 0
1 , 0
228 , 0
1 , 0
16 , 0
102 , 0
28 , 0
2108 , 0
4575 , 0
35 , 0
915 , 0
1 , 0
59 , 0
5861 , 1495
3 , 0
2934 , 0
157 , 0
15 , 0
129 , 129
47 , 0
1442 , 0
42 , 18
2 , 0
1 , 0
608 , 591
3 , 0
1 , 0
3463 , 1824
3675 , 2899
182 , 0
17 , 0
579 , 0
1803 , 0
1046 , 876
768 , 406
117 , 0
1 , 0
3596 , 0
4765 , 0
3463 , 1317
70 , 0
73 , 0
1 , 0
5185 , 2447
104 , 3
117 , 0
8 , 0
48 , 0
5 , 0
9204 , 4603
4 , 0
51 , 0
1189 , 930
2466 , 0
241 , 64
3301 , 0
4176 , 3737
157 , 146
20 , 0
3 , 0
44 , 0
82 , 0
5736 , 1175
14 , 0
1 , 0
1 , 0
3 , 0
564 , 0
4 , 0
263 , 0
2761 , 1601
436 , 0
32 , 0
374 , 0
6739 , 0
11 , 0
16 , 0
4 , 0
78 , 0
3 , 0
3219 , 1635
271 , 0
379 , 0
3993 , 0
27 , 0
3404 , 1977
4867 , 4817
7312 , 6972
2 , 0
2327 , 1799
280 , 0
38 , 0
99 , 0
812 , 273
44 , 0
8628 , 372
128 , 0
1053 , 0
2557 , 2532
66 , 0
21 , 0
146 , 103
6 , 0
195 , 0
2 , 0
87 , 0
1 , 0
2 , 0
3660 , 3478
12 , 0
117 , 0
613 , 67
1 , 0
4 , 0
10 , 0
1630 , 0
2154 , 0
1 , 0
5262 , 0
3 , 0
2 , 0
4 , 0
130 , 0
18 , 0
9384 , 9285
41 , 0
2 , 0
391 , 0
5 , 0
7811 , 5089
869 , 0
151 , 0
15 , 0
1 , 0
1397 , 0
12 , 10
24 , 0
1 , 0
1198 , 0
3087 , 0
2126 , 2093
1530 , 1495
1 , 0
1994 , 0
11 , 0
4569 , 4493
19 , 0
14 , 0
44 , 0
270 , 0
2 , 0
89 , 0
2001 , 0
429 , 428
20 , 0
3 , 0
1 , 0
3393 , 0
208 , 0
459 , 0
20 , 0
23 , 0
3742 , 1861
4686 , 0
141 , 0
7744 , 5863
23 , 0
1 , 0
28 , 0
8253 , 3299
38 , 0
1108 , 256
7 , 0
1 , 0
16 , 0
12 , 0
2 , 0
653 , 653
1 , 0
1 , 0
1 , 0
1750 , 0
5 , 0
177 , 177
1950 , 345
5 , 0
753 , 0
349 , 346
326 , 0
287 , 0
11 , 0
72 , 0
52 , 0
1 , 0
88 , 0
52 , 29
4089 , 303
2 , 0
8 , 0
14 , 0
112 , 0
11 , 0
5039 , 5039
54 , 0
4 , 0
20 , 0
7 , 0
1174 , 716
15 , 0
1 , 0
1 , 0
10 , 0
2061 , 1510
101 , 0
212 , 0
113 , 0
3 , 0
12 , 0
1 , 0
14 , 0
6 , 0
658 , 0
29 , 0
978 , 0
418 , 0
5229 , 0
12 , 0
3 , 0
109 , 0
3036 , 2138
29 , 0
8986 , 7675
46 , 0
640 , 0
103 , 0
1099 , 0
3473 , 3016
914 , 0
25 , 0
54 , 0
7425 , 6592
6416 , 4262
13 , 0
192 , 0
226 , 99
1 , 0
349 , 0
5181 , 0
69 , 0
7793 , 7660
11 , 0
193 , 0
1 , 0
5533 , 5171
1 , 0
1697 , 1304
3767 , 2783
3 , 0
1290 , 205
8 , 0
1 , 0
2 , 0
6 , 0
50 , 0
328 , 0
1 , 0
2092 , 0
2 , 0
9808 , 2464
1928 , 0
325 , 0
29 , 29
4828 , 4775
250 , 0
19 , 0
9 , 0
29 , 0
1531 , 460
2 , 0
363 , 0
8 , 0
23 , 0
373 , 0
140 , 0
154 , 0
1510 , 141
5065 , 2875
83 , 0
256 , 0
608 , 351
2918 , 0
674 , 0
7088 , 6556
2 , 1
32 , 26
2588 , 1436
595 , 0
2538 , 0
5847 , 5847
160 , 0
3 , 0
108 , 0
5282 , 0
359 , 0
13 , 0
3868 , 3800
400 , 0
40 , 7
160 , 0
1562 , 0
33 , 0
1 , 0
1 , 0
2 , 0
9162 , 7066
420 , 416
43 , 0
433 , 0
3285 , 0
2172 , 1861
2 , 0
14 , 0
71 , 0
9 , 0
6609 , 3191
4818 , 1690
40 , 0
1514 , 237
4 , 0
75 , 0
151 , 128
114 , 100
2618 , 1253
151 , 0
66 , 0
779 , 715
43 , 0
1 , 1
6 , 0
397 , 0
2 , 0
71 , 0
5190 , 4195
1636 , 0
10 , 0
1186 , 0
565 , 540
1997 , 684
2 , 2
751 , 0
34 , 0
1 , 0
7726 , 5086
1 , 0
57 , 0
2188 , 1696
1 , 0
328 , 0
543 , 0
28 , 0
54 , 0
2644 , 428
5 , 3
1 , 0
6 , 0
2901 , 2248
5 , 0
44 , 0
301 , 0
7 , 0
5 , 0
42 , 0
42 , 0
5 , 0
576 , 237
219 , 0
27 , 0
433 , 0
8746 , 3694
3 , 0
5 , 0
203 , 0
435 , 418
59 , 0
1 , 0
110 , 0
147 , 0
972 , 0
1 , 0
302 , 191
510 , 0
1323 , 0
11 , 0
2081 , 1264
4 , 0
8 , 0
8 , 0
2422 , 2422
158 , 0
36 , 0
126 , 0
7 , 0
4 , 0
2958 , 1261
78 , 0
8100 , 4121
185 , 0
934 , 0
26 , 0
2618 , 1139
45 , 0
20 , 0
375 , 0
97 , 0
3 , 0
2646 , 1648
3 , 0
846 , 725
9629 , 8084
528 , 446
11 , 0
54 , 0
17 , 0
9981 , 0
130 , 0
41 , 0
2 , 0
201 , 158
1 , 0
40 , 22
15 , 0
112 , 0
2 , 0
138 , 117
248 , 0
6675 , 0
31 , 0
1470 , 357
7644 , 4702
2 , 0
5937 , 5915
1577 , 1272
21 , 0
6 , 0
4 , 0
14 , 0
2 , 0
1105 , 0
356 , 0
16 , 0
1 , 0
94 , 0
2516 , 0
2995 , 1629
2 , 2
1 , 0
4281 , 556
4 , 0
13 , 0
1 , 0
2099 , 583
9227 , 8898
836 , 0
6508 , 5987
95 , 0
4026 , 1750
7 , 0
2 , 0
3924 , 2552
5 , 0
49 , 0
23 , 0
1107 , 432
3505 , 3503
890 , 0
70 , 0
1 , 0
2 , 0
1493 , 0
5 , 0
12 , 0
20 , 0
5633 , 1867
400 , 0
17 , 0
1632 , 817
446 , 305
5 , 0
43 , 0
107 , 0
1 , 0
5 , 0
64 , 0
4048 , 4048
7 , 0
6435 , 6422
1 , 0
32 , 0
594 , 0
9 , 4
1 , 0
1 , 0
2817 , 561
41 , 0
3234 , 2405
568 , 0
853 , 0
7178 , 7156
2 , 2
258 , 0
8902 , 8302
1446 , 0
25 , 0
1 , 0
911 , 0
60 , 0
1 , 0
1 , 0
213 , 0
584 , 0
5 , 0
1 , 0
358 , 0
21 , 0
3 , 0
6 , 0
3603 , 0
2735 , 0
268 , 245
1383 , 1195
37 , 0
459 , 0
28 , 0
90 , 0
3 , 0
9 , 5
70 , 0
78 , 0
1235 , 606
303 , 0
1 , 0
622 , 0
1 , 0
1653 , 0
120 , 0
6 , 0
1846 , 0
25 , 0
2 , 0
1223 , 0
3928 , 3899
9019 , 8868
1503 , 1181
1 , 0
1 , 0
1 , 0
20 , 0
77 , 0
7 , 0
307 , 0
1575 , 0
3119 , 0
15 , 0
14 , 0
4 , 0
11 , 0
29 , 9
2777 , 0
5641 , 4824
57 , 0
8636 , 4975
118 , 0
10 , 10
7016 , 1187
305 , 0
81 , 28
5196 , 3560
2167 , 2136
1721 , 337
5208 , 749
32 , 0
80 , 0
615 , 0
2189 , 2103
3521 , 3489
41 , 0
3052 , 1626
28 , 0
49 , 0
2 , 0
4413 , 2560
9083 , 8420
6 , 0
2 , 0
1923 , 0
3 , 0
23 , 0
1116 , 738
238 , 0
6 , 0
2088 , 0
6648 , 2059
45 , 0
438 , 397
1416 , 0
19 , 0
533 , 0
2143 , 701
19 , 0
127 , 54
2 , 0
94 , 0
445 , 436
14 , 0
5 , 0
11 , 0
3 , 0
69 , 0
39 , 0
946 , 422
36 , 0
1 , 0
32 , 0
1770 , 0
129 , 0
9508 , 8991
11 , 0
2 , 0
2 , 0
50 , 30
2 , 0
3 , 0
5 , 0
156 , 0
1 , 0
48 , 0
1 , 0
1 , 0
1 , 1
106 , 0
774 , 0
1 , 0
1 , 0
3852 , 3542
1 , 0
26 , 0
11 , 0
4334 , 3584
4204 , 3896
97 , 32
1 , 0
3370 , 0
16 , 0
2518 , 2518
1731 , 1453
1986 , 1820
117 , 0
254 , 0
2 , 0
1490 , 0
1 , 0
127 , 0
587 , 0
3750 , 0
36 , 0
5842 , 4774
10 , 0
2 , 0
6 , 0
1115 , 1099
6 , 0
2 , 0
45 , 0
3659 , 3490
1 , 0
25 , 0
7119 , 6374
83 , 83
1510 , 0
3 , 0
466 , 0
25 , 0
6 , 0
210 , 126
41 , 0
6 , 0
1618 , 0
20 , 0
903 , 0
7 , 0
4124 , 3759
39 , 0
4143 , 4143
6 , 0
63 , 0
3 , 0
14 , 0
2 , 0
60 , 0
1 , 0
1 , 0
4 , 0
436 , 0
2 , 0
9 , 0
3353 , 2645
43 , 0
44 , 0
2062 , 0
39 , 0
2790 , 2091
1 , 0
1683 , 0
6935 , 5160
2 , 0
374 , 0
13 , 0
2 , 0
51 , 0
3 , 0
2 , 0
5082 , 3903
18 , 0
7910 , 7910
2705 , 1635
1595 , 0
5 , 0
4 , 0
33 , 0
1998 , 0
1 , 0
1808 , 0
1 , 0
752 , 0
1 , 0
65 , 0
583 , 0
1 , 0
14 , 0
123 , 0
1378 , 0
21 , 0
98 , 0
13 , 5
25 , 0
2923 , 2876
233 , 0
5974 , 4652
2 , 0
1677 , 0
2712 , 2148
5 , 0
432 , 0
10 , 0
5558 , 0
3 , 0
2267 , 0
552 , 0
8 , 0
55 , 0
385 , 0
6 , 0
1 , 0
1 , 0
21 , 0
1 , 0
1 , 0
1 , 0
3631 , 484
275 , 0
6413 , 4416
5 , 0
1161 , 145
4168 , 0
25 , 0
986 , 0
29 , 0
1 , 0
176 , 0
9252 , 9060
4 , 0
8 , 0
1 , 1
196 , 0
7370 , 0
2123 , 0
2 , 0
798 , 293
1353 , 218
3790 , 0
287 , 0
1 , 0
1904 , 0
2464 , 2464
3190 , 1343
139 , 0
15 , 0
95 , 0
6211 , 5610
16 , 0
2866 , 0
104 , 0
1 , 0
66 , 0
2615 , 1712
319 , 0
42 , 0
1037 , 577
3878 , 2970
3 , 0
976 , 0
1672 , 533
2 , 0
8 , 0
8 , 0
26 , 0
2 , 0
39 , 0
1 , 0
99 , 0
3690 , 3394
7 , 0
9 , 0
9581 , 4279
9589 , 531
6071 , 5375
25 , 0
4713 , 4372
1 , 0
1805 , 1600
36 , 0
3038 , 2321
1 , 0
6 , 0
2 , 0
370 , 275
5 , 0
200 , 36
748 , 4
13 , 0
28 , 22
23 , 0
2057 , 1584
240 , 0
2 , 0
1718 , 0
3365 , 0
126 , 0
173 , 0
68 , 0
33 , 0
3950 , 2088
68 , 0
35 , 0
44 , 0
224 , 0
6 , 0
1 , 0
69 , 0
4307 , 3259
7 , 0
89 , 0
794 , 0
1 , 0
874 , 0
3214 , 0
766 , 0
2926 , 2837
3 , 0
217 , 0
3 , 3
118 , 0
517 , 0
606 , 475
2 , 0
91 , 78
35 , 0
387 , 0
2468 , 1623
3 , 0
1 , 0
1982 , 0
15 , 0
108 , 0
31 , 0
92 , 0
25 , 0
348 , 0
1358 , 693
81 , 0
33 , 0
3 , 0
2 , 0
1736 , 0
1 , 0
3188 , 2253
285 , 0
958 , 940
2747 , 819
7 , 0
1 , 0
1 , 0
27 , 0
7981 , 1980
13 , 0
2792 , 1577
4 , 0
1124 , 0
10 , 0
4851 , 3904
4 , 0
163 , 139
4 , 0
12 , 0
2388 , 1566
36 , 0
3 , 0
4 , 0
393 , 0
5 , 0
72 , 72
1 , 0
1 , 0
324 , 23
4 , 0
1 , 0
41 , 0
2978 , 120
335 , 0
6 , 0
3207 , 0
364 , 0
1409 , 999
204 , 0
1 , 0
1 , 0
41 , 0
19 , 0
5 , 0
110 , 0
12 , 1
223 , 132
19 , 0
2799 , 2282
13 , 0
2029 , 1257
7418 , 387
1314 , 0
7273 , 6123
281 , 0
548 , 0
39 , 0
1 , 0
288 , 0
940 , 0
1 , 0
5337 , 5337
836 , 0
1216 , 628
12 , 0
38 , 0
14 , 0
2 , 0
1 , 0
1 , 0
99 , 0
1154 , 0
191 , 0
5 , 0
1522 , 1234
8793 , 7477
1702 , 0
8689 , 3047
2 , 0
4454 , 0
3240 , 3034
635 , 0
4 , 0
14 , 0
18 , 0
1 , 0
311 , 110
4095 , 0
1 , 0
112 , 0
46 , 0
150 , 150
3 , 3
2173 , 328
1 , 0
2 , 0
491 , 0
158 , 0
3810 , 1720
2 , 0
8339 , 6692
66 , 65
12 , 0
1851 , 1426
1274 , 1274
1 , 0
22 , 0
149 , 0
3 , 0
320 , 0
3221 , 975
45 , 0
6819 , 6245
648 , 0
2902 , 863
9 , 0
693 , 272
33 , 0
38 , 0
9 , 0
1233 , 0
35 , 0
2 , 0
82 , 0
183 , 0
6614 , 5656
236 , 0
880 , 521
2 , 0
518 , 0
10 , 0
6 , 0
1 , 0
1 , 0
5341 , 1609
27 , 21
30 , 0
23 , 0
113 , 0
10 , 0
357 , 0
1 , 0
857 , 0
21 , 0
348 , 0
1 , 0
219 , 0
42 , 0
7487 , 5445
1520 , 0
24 , 0
8 , 0
2 , 1
238 , 0
13 , 0
133 , 0
24 , 0
1448 , 1448
6 , 0
1927 , 1057
42 , 0
248 , 0
41 , 0
52 , 0
18 , 0
299 , 0
20 , 0
5470 , 5470
1213 , 0
59 , 0
2998 , 2793
17 , 0
2872 , 0
2 , 0
252 , 0
589 , 0
410 , 338
758 , 757
2353 , 1553
177 , 57
17 , 0
3 , 0
1176 , 0
13 , 0
12 , 0
1 , 0
1 , 0
54 , 0
536 , 0
23 , 0
1 , 0
208 , 0
2 , 0
588 , 0
2473 , 1812
1 , 1
287 , 0
9 , 8
1 , 0
1 , 0
297 , 0
401 , 0
349 , 347
71 , 0
5070 , 1533
1 , 0
30 , 0
1 , 0
9452 , 9405
222 , 0
3245 , 3060
310 , 0
6152 , 6080
321 , 310
64 , 0
7 , 0
2105 , 1909
2 , 0
2 , 0
15 , 0
116 , 0
3644 , 0
6 , 0
30 , 0
51 , 0
8 , 0
4 , 0
3 , 0
8 , 0
175 , 0
1 , 0
25 , 0
650 , 105
2018 , 1617
5959 , 4322
422 , 0
90 , 0
9 , 0
26 , 0
9 , 0
225 , 0
1 , 0
57 , 0
1 , 0
69 , 0
21 , 0
338 , 0
72 , 0
5 , 0
185 , 177
4 , 0
94 , 0
2 , 0
434 , 0
56 , 0
814 , 0
39 , 0
6 , 0
1 , 0
351 , 0
1986 , 1379
6 , 0
784 , 721
30 , 0
108 , 0
73 , 0
4776 , 3286
2 , 0
538 , 0
1513 , 0
835 , 0
127 , 0
650 , 0
2794 , 330
670 , 185
52 , 0
36 , 35
2 , 0
4355 , 3099
1 , 0
240 , 0
561 , 0
5308 , 2891
445 , 0
25 , 0
123 , 0
6 , 0
1 , 0
20 , 0
4 , 0
6 , 0
8 , 0
7 , 0
752 , 336
43 , 0
21 , 0
16 , 0
1 , 0
126 , 0
9457 , 8798
44 , 0
111 , 0
1340 , 643
34 , 0
2222 , 1612
304 , 0
1441 , 965
8 , 0
6476 , 1727
1 , 0
13 , 0
9 , 0
15 , 0
5735 , 0
1 , 0
2 , 0
11 , 0
1 , 0
1 , 0
8778 , 8390
6 , 0
3191 , 2584
852 , 642
74 , 0
141 , 0
60 , 0
11 , 0
8650 , 6607
37 , 0
18 , 0
2 , 0
19 , 17
189 , 164
4605 , 2595
308 , 0
1 , 0
4185 , 0
87 , 0
2004 , 1068
838 , 0
854 , 0
8143 , 7687
1 , 0
19 , 0
3231 , 2139
6489 , 6215
5209 , 2738
12 , 0
514 , 0
12 , 0
1 , 0
9 , 0
1 , 0
143 , 0
821 , 775
138 , 0
1300 , 0
10 , 0
2426 , 0
21 , 0
16 , 0
1666 , 0
2144 , 267
202 , 0
3299 , 519
6624 , 6491
493 , 418
32 , 0
10 , 0
6750 , 6724
5 , 0
1305 , 0
5 , 0
8 , 0
6 , 0
8 , 0
1380 , 1320
26 , 0
228 , 0
217 , 43
116 , 0
9008 , 8631
9 , 0
2 , 0
10 , 0
2030 , 1372
12 , 0
1 , 0
3 , 0
1 , 0
9 , 0
230 , 0
360 , 0
54 , 54
29 , 0
5124 , 5117
2 , 0
64 , 0
56 , 0
4877 , 4877
7 , 6
90 , 0
1 , 0
761 , 760
1 , 0
8 , 0
1 , 0
1100 , 274
14 , 0
58 , 0
1003 , 258
28 , 0
449 , 0
6 , 0
1781 , 0
18 , 0
99 , 0
712 , 0
12 , 0
1 , 0
304 , 0
374 , 0
6 , 0
5 , 0
405 , 0
207 , 0
2 , 0
905 , 0
2742 , 2365
11 , 11
2 , 0
12 , 0
4551 , 338
467 , 0
16 , 0
1 , 0
8038 , 7899
124 , 122
1 , 0
1 , 0
1107 , 453
111 , 0
531 , 0
543 , 0
12 , 0
3293 , 2790
5117 , 3969
32 , 0
306 , 0
1 , 0
29 , 0
30 , 0
3 , 0
35 , 0
9 , 0
197 , 0
9 , 0
1335 , 1335
1 , 0
69 , 0
2 , 0
11 , 0
4012 , 1882
1 , 0
16 , 0
47 , 46
62 , 0
9618 , 8886
3808 , 3806
1388 , 1374
22 , 0
7975 , 7535
603 , 0
9 , 0
8 , 0
2 , 0
7044 , 7035
106 , 0
3788 , 2085
1229 , 698
404 , 391
633 , 0
2 , 0
1684 , 0
3877 , 3467
698 , 0
2 , 0
74 , 0
29 , 0
835 , 834
819 , 0
3 , 0
66 , 0
96 , 0
3198 , 1852
55 , 55
278 , 0
430 , 0
20 , 0
2668 , 933
30 , 0
5321 , 1109
85 , 0
2205 , 0
410 , 410
36 , 0
496 , 496
3338 , 0
2 , 0
3 , 0
280 , 0
827 , 799
3526 , 3396
9 , 0
1713 , 308
34 , 0
4 , 0
1 , 0
2 , 0
223 , 198
12 , 0
8489 , 7864
186 , 0
3 , 0
1 , 0
4 , 0
68 , 68
4 , 0
29 , 0
1509 , 0
55 , 0
9 , 0
3 , 0
1 , 1
23 , 0
760 , 0
4 , 0
8 , 0
2 , 0
60 , 0
1 , 0
7 , 0
17 , 0
5 , 0
2 , 0
9901 , 7097
10 , 0
4 , 0
559 , 0
52 , 17
8 , 0
116 , 0
135 , 0
876 , 0
124 , 0
35 , 0
16 , 0
19 , 0
1301 , 23
62 , 0
5371 , 4707
79 , 0
64 , 0
16 , 14
600 , 0
17 , 0
152 , 0
2483 , 1450
3684 , 2409
1 , 0
5 , 0
5103 , 4915
5806 , 4952
300 , 0
159 , 0
1 , 0
273 , 0
21 , 0
1 , 0
1 , 0
3862 , 2692
9 , 0
63 , 0
5593 , 5448
106 , 0
4734 , 3447
682 , 0
35 , 0
64 , 0
6686 , 5287
27 , 0
2269 , 2235
58 , 0
370 , 0
111 , 0
100 , 0
1015 , 264
1 , 0
82 , 0
978 , 456
37 , 0
39 , 0
12 , 11
248 , 0
6 , 0
16 , 0
201 , 0
4502 , 1577
3 , 0
67 , 0
1278 , 0
7601 , 0
12 , 0
760 , 0
161 , 0
341 , 0
1 , 0
115 , 0
1475 , 1260
1268 , 0
251 , 109
2 , 2
22 , 0
5511 , 2973
477 , 0
20 , 0
49 , 0
9 , 0
1 , 0
1 , 0
10 , 5
245 , 0
2574 , 0
9 , 0
263 , 0
56 , 0
7543 , 3064
2554 , 0
493 , 476
4 , 0
13 , 0
1515 , 0
6 , 0
9515 , 6283
3 , 0
35 , 0
105 , 0
762 , 0
1 , 0
3257 , 2746
81 , 0
5 , 0
4 , 0
648 , 427
2 , 0
8 , 0
1 , 0
21 , 0
5201 , 4354
3145 , 2259
3161 , 2937
13 , 0
1671 , 0
2 , 0
4 , 0
3 , 0
2 , 2
1 , 0
2 , 0
2 , 0
453 , 0
3 , 0
2330 , 1690
217 , 0
54 , 0
1657 , 0
3881 , 0
23 , 0
1053 , 0
8 , 0
1925 , 0
649 , 0
4 , 0
5 , 0
110 , 110
1 , 0
32 , 0
2 , 0
2 , 0
18 , 0
32 , 0
199 , 0
4911 , 3782
1567 , 1562
12 , 0
1 , 0
9065 , 5371
2 , 0
1444 , 0
1 , 0
12 , 0
76 , 0
264 , 0
8016 , 7529
4 , 0
17 , 0
21 , 0
195 , 0
7 , 0
13 , 0
22 , 0
436 , 0
202 , 0
381 , 379
1 , 0
3 , 0
2 , 0
202 , 0
178 , 0
2 , 0
903 , 0
7436 , 4551
3429 , 956
920 , 0
509 , 0
1 , 0
6 , 0
1 , 0
10 , 0
52 , 0
1828 , 1816
1202 , 477
158 , 0
1050 , 59
6485 , 5054
14 , 0
1 , 0
5 , 2
1 , 0
4 , 0
544 , 0
1660 , 1368
3291 , 2786
1708 , 824
8183 , 6001
726 , 361
9879 , 6737
7 , 0
959 , 0
2 , 0
3096 , 2919
25 , 0
102 , 0
452 , 248
6 , 0
16 , 0
223 , 0
2868 , 1342
9 , 0
2 , 0
2 , 0
14 , 0
11 , 0
1305 , 0
72 , 0
179 , 0
2 , 0
1921 , 529
587 , 0
648 , 576
1 , 0
3931 , 3912
176 , 0
27 , 0
33 , 0
5443 , 5387
1 , 0
1 , 1
1124 , 0
7010 , 6365
1 , 1
7685 , 7264
9 , 0
2 , 0
168 , 0
41 , 0
7 , 0
3507 , 824
95 , 0
229 , 0
635 , 0
5 , 0
5401 , 4860
3632 , 0
1 , 0
21 , 0
86 , 0
1 , 0
13 , 0
26 , 0
264 , 0
3 , 0
123 , 0
1 , 0
1 , 0
7876 , 6670
1436 , 0
2 , 0
8 , 0
11 , 0
7 , 0
111 , 0
1 , 0
13 , 0
1 , 0
2 , 0
1 , 0
3 , 0
4 , 0
1 , 0
15 , 0
4 , 0
11 , 0
1 , 0
1 , 0
2305 , 2088
7279 , 5654
483 , 0
12 , 0
1 , 0
36 , 0
8959 , 4574
850 , 0
25 , 0
15 , 0
4472 , 4034
35 , 0
6 , 0
1 , 0
213 , 0
284 , 39
2 , 0
256 , 0
5 , 4
18 , 0
3 , 0
2 , 0
240 , 40
2637 , 0
5760 , 5760
13 , 0
18 , 0
3241 , 2354
7 , 0
1 , 0
34 , 0
2533 , 2277
48 , 0
1 , 0
5 , 0
1 , 1
2 , 0
1794 , 1599
5 , 0
3213 , 3195
8 , 0
1305 , 0
582 , 0
8458 , 6862
2 , 0
622 , 0
1571 , 0
1 , 0
205 , 202
35 , 0
5 , 0
172 , 129
1 , 0
788 , 0
1782 , 1238
685 , 0
17 , 0
1833 , 0
21 , 0
671 , 0
1 , 0
2 , 0
64 , 0
15 , 0
4437 , 3104
1 , 0
7278 , 7022
4 , 0
1882 , 0
197 , 0
96 , 0
10 , 0
29 , 0
14 , 0
1 , 0
25 , 0
32 , 0
284 , 0
856 , 79
5 , 0
83 , 0
7 , 0
9 , 0
2126 , 0
1908 , 0
1956 , 0
1031 , 0
610 , 103
5 , 0
79 , 0
357 , 291
9 , 0
49 , 0
74 , 0
1625 , 0
3 , 0
11 , 0
22 , 0
1 , 0
1 , 0
855 , 0
218 , 0
8 , 0
1 , 0
3680 , 3222
5133 , 3722
3 , 0
955 , 0
339 , 0
41 , 0
12 , 0
598 , 0
1 , 0
2 , 2
5 , 0
1606 , 0
1751 , 0
300 , 0
77 , 0
1 , 0
10 , 0
7 , 0
8873 , 8431
13 , 0
5507 , 5047
6 , 0
1987 , 1669
3929 , 1955
89 , 0
4593 , 158
1 , 0
1 , 0
149 , 0
491 , 0
61 , 0
3793 , 3752
8881 , 5547
8 , 0
5777 , 2346
3717 , 535
330 , 0
1 , 0
1 , 0
1125 , 524
4 , 0
5971 , 5705
4 , 0
12 , 0
9 , 0
1 , 0
16 , 0
382 , 0
2897 , 1684
8403 , 7271
1019 , 571
72 , 0
245 , 0
5847 , 0
1 , 0
350 , 0
1 , 0
8 , 0
6 , 0
738 , 0
19 , 18
8 , 0
2 , 0
25 , 0
369 , 0
12 , 0
1809 , 919
116 , 0
520 , 130
207 , 0
39 , 0
9 , 0
4 , 0
4 , 0
2 , 0
9222 , 7131
1 , 0
92 , 0
243 , 210
88 , 0
159 , 0
32 , 0
3 , 0
177 , 0
4815 , 4807
8498 , 7350
9 , 0
1 , 0
4 , 0
9 , 0
1439 , 1242
22 , 0
1003 , 601
14 , 0
33 , 0
4634 , 4544
1488 , 999
1732 , 0
330 , 0
7557 , 6595
3 , 0
1403 , 1396
7337 , 6632
8 , 0
122 , 0
64 , 0
11 , 0
31 , 0
1653 , 667
1 , 0
252 , 0
158 , 0
349 , 0
687 , 0
3 , 0
5985 , 4128
2 , 0
127 , 0
51 , 0
434 , 0
1 , 0
1191 , 0
14 , 0
32 , 0
1438 , 96
1 , 0
89 , 0
2724 , 1778
1327 , 744
4 , 0
3 , 0
4 , 0
2788 , 2508
321 , 0
16 , 0
1133 , 421
43 , 0
3594 , 1432
1 , 0
42 , 38
442 , 0
2794 , 1190
5 , 0
2 , 0
367 , 0
5 , 0
629 , 0
1 , 0
3 , 0
56 , 54
1613 , 0
7 , 0
19 , 0
7599 , 7590
5454 , 5350
26 , 0
54 , 0
131 , 0
55 , 0
70 , 0
7223 , 6966
40 , 0
234 , 0
217 , 0
3315 , 2717
31 , 0
566 , 356
1 , 0
25 , 0
23 , 0
78 , 66
4 , 0
88 , 0
1 , 0
9812 , 8135
3 , 0
130 , 0
4 , 0
861 , 834
158 , 0
16 , 14
61 , 0
520 , 0
13 , 0
27 , 0
5294 , 4492
2358 , 1430
3669 , 2944
589 , 0
5950 , 5950
12 , 0
3300 , 3295
37 , 0
117 , 0
58 , 36
6 , 0
7 , 0
238 , 0
7 , 0
7 , 0
90 , 0
579 , 0
333 , 0
1277 , 0
7153 , 0
202 , 0
750 , 0
16 , 0
7745 , 7351
1100 , 0
2036 , 734
8 , 8
1516 , 435
3469 , 3386
2 , 0
67 , 0
763 , 0
10 , 0
5 , 0
6261 , 0
133 , 0
1544 , 1544
10 , 0
41 , 0
1 , 0
236 , 236
1217 , 0
7507 , 6652
116 , 103
880 , 0
4159 , 2836
5437 , 0
5661 , 4466
74 , 0
1 , 0
271 , 0
1827 , 0
4070 , 2317
19 , 0
1317 , 1208
4 , 0
84 , 72
4738 , 4737
5353 , 4804
2 , 0
1 , 0
1 , 0
106 , 0
26 , 0
8756 , 5829
82 , 0
6793 , 313
29 , 0
11 , 0
490 , 0
585 , 0
31 , 0
5 , 0
648 , 0
17 , 0
1657 , 0
999 , 0
1359 , 0
5 , 0
2645 , 2626
3746 , 2872
14 , 0
12 , 0
1987 , 666
92 , 0
365 , 0
1874 , 1730
5282 , 2932
35 , 0
887 , 609
1 , 0
3258 , 2655
19 , 0
14 , 0
1 , 0
109 , 0
6 , 0
160 , 0
133 , 131
6 , 0
6122 , 5863
104 , 98
302 , 0
1508 , 682
17 , 0
5 , 0
226 , 0
4 , 0
1 , 0
7947 , 1389
40 , 0
617 , 564
538 , 0
1 , 0
4 , 0
555 , 0
1060 , 692
535 , 0
2850 , 0
13 , 0
438 , 0
1 , 0
8417 , 7825
119 , 0
307 , 277
1797 , 0
1 , 0
3202 , 2847
470 , 468
1564 , 1153
145 , 0
3 , 0
6 , 0
8217 , 6869
4320 , 3004
20 , 0
479 , 0
76 , 0
67 , 0
11 , 0
1 , 0
298 , 0
4807 , 1875
44 , 0
13 , 0
15 , 0
3 , 0
10 , 0
2 , 0
14 , 0
1025 , 0
120 , 0
563 , 0
6 , 0
137 , 0
4759 , 4676
124 , 0
1 , 0
3 , 0
93 , 0
3 , 0
707 , 429
75 , 74
4 , 4
31 , 0
6 , 0
60 , 0
655 , 0
3 , 0
2174 , 848
1 , 0
8 , 0
4 , 0
150 , 0
8 , 0
1 , 0
1 , 0
108 , 0
5 , 0
12 , 0
297 , 0
953 , 0
992 , 98
19 , 19
1 , 0
1 , 0
62 , 0
1 , 0
34 , 0
9078 , 9045
1624 , 0
188 , 0
16 , 0
7150 , 7150
2 , 0
13 , 0
2 , 0
684 , 684
1 , 0
1 , 0
2408 , 1522
52 , 0
2 , 0
8 , 0
12 , 0
74 , 0
15 , 0
2 , 0
6615 , 2869
94 , 0
1779 , 1739
1 , 0
2697 , 2694
2314 , 970
3140 , 2693
31 , 0
7136 , 6033
2 , 0
3 , 0
26 , 0
1026 , 0
58 , 0
11 , 0
3 , 0
1 , 0
35 , 34
4993 , 3899
6 , 0
42 , 0
6546 , 4978
3687 , 1339
22 , 0
76 , 0
3 , 0
49 , 0
3 , 0
262 , 0
67 , 0
1 , 0
116 , 0
452 , 0
17 , 0
1 , 0
3592 , 3299
3 , 0
1416 , 954
696 , 0
67 , 0
1 , 0
643 , 473
18 , 0
1 , 0
149 , 0
311 , 0
11 , 0
23 , 0
3 , 0
7043 , 7013
6 , 0
3474 , 0
148 , 0
1 , 0
507 , 59
1 , 0
254 , 0
45 , 0
85 , 85
562 , 0
26 , 0
549 , 0
1194 , 908
60 , 0
1 , 0
223 , 0
567 , 0
35 , 0
37 , 0
30 , 0
1 , 0
5 , 0
498 , 0
42 , 0
3 , 0
648 , 0
205 , 0
3671 , 0
1478 , 0
2450 , 2252
2497 , 915
1 , 0
1 , 0
372 , 0
6 , 0
3 , 0
7836 , 6063
190 , 113
326 , 0
1 , 0
8 , 0
630 , 0
9 , 0
1 , 0
1 , 0
23 , 16
5386 , 5113
2985 , 2690
3981 , 2958
6661 , 5860
5492 , 1590
3092 , 2709
6279 , 2837
874 , 0
6965 , 5975
1 , 0
4 , 0
2 , 0
4811 , 2928
7812 , 6625
28 , 0
691 , 0
308 , 0
345 , 0
2253 , 1116
12 , 0
456 , 0
2 , 0
6 , 0
5578 , 4029
285 , 0
2 , 0
1070 , 584
24 , 0
2 , 0
9 , 0
5647 , 5443
402 , 0
16 , 16
1190 , 513
1204 , 582
687 , 96
9222 , 6149
2219 , 1678
4461 , 4170
8076 , 8026
2 , 0
8 , 0
534 , 0
5 , 0
6482 , 6481
2203 , 0
396 , 0
417 , 0
315 , 298
115 , 0
1 , 0
272 , 0
3 , 0
1162 , 0
511 , 0
1679 , 0
299 , 0
7137 , 5110
13 , 0
1846 , 0
2 , 0
148 , 0
228 , 0
434 , 0
1 , 0
97 , 58
1230 , 0
2 , 0
4 , 0
402 , 390
750 , 602
1386 , 0
774 , 0
2789 , 2486
4 , 0
33 , 0
34 , 0
1 , 0
8606 , 0
1292 , 1254
42 , 0
1 , 0
757 , 0
187 , 0
4 , 0
12 , 0
73 , 0
140 , 0
1 , 0
7172 , 7148
1 , 0
1 , 0
95 , 0
1 , 0
2796 , 0
129 , 0
340 , 0
1 , 0
2 , 0
37 , 0
1 , 0
98 , 0
64 , 0
7832 , 7110
1534 , 0
8 , 0
3522 , 653
11 , 0
178 , 0
9 , 0
28 , 0
274 , 0
8294 , 4450
102 , 0
25 , 0
1 , 0
1950 , 1938
1 , 0
55 , 0
1003 , 0
1 , 0
5 , 0
1 , 0
5 , 0
175 , 173
580 , 405
8 , 8
320 , 0
9976 , 6000
285 , 0
972 , 0
27 , 0
2487 , 1094
129 , 118
721 , 669
4311 , 2704
224 , 0
967 , 0
1220 , 553
5304 , 3686
33 , 0
4 , 0
7843 , 7706
1508 , 1213
144 , 0
47 , 44
1 , 0
9323 , 8059
553 , 289
2484 , 1252
659 , 332
279 , 0
125 , 0
25 , 0
28 , 0
2035 , 725
56 , 0
7 , 0
25 , 0
1 , 0
1 , 0
6 , 6
11 , 0
6260 , 5987
89 , 0
1 , 0
1102 , 0
36 , 28
1410 , 1266
57 , 0
28 , 0
1 , 0
6 , 0
104 , 0
17 , 0
2011 , 0
6 , 0
6 , 0
353 , 0
2 , 2
372 , 0
9 , 0
5788 , 0
2 , 0
4318 , 3198
2 , 0
2192 , 0
57 , 0
3 , 0
3544 , 783
43 , 0
18 , 17
22 , 0
461 , 0
5247 , 5097
3 , 0
3350 , 3008
1 , 0
9 , 0
141 , 139
427 , 0
243 , 0
4 , 0
5 , 0
49 , 0
327 , 0
28 , 0
1 , 0
1 , 0
140 , 120
181 , 0
5 , 0
201 , 0
7 , 0
40 , 0
645 , 0
11 , 0
3 , 0
1 , 0
26 , 0
3 , 0
11 , 0
8 , 0
3980 , 0
1 , 0
1 , 0
523 , 0
121 , 0
199 , 0
3 , 0
6003 , 5536
5 , 0
6813 , 5766
1 , 0
49 , 0
1 , 0
1 , 0
596 , 0
456 , 0
7 , 0
699 , 649
1832 , 0
39 , 26
185 , 0
11 , 0
5 , 0
879 , 0
2 , 0
6 , 0
5 , 0
2812 , 2808
681 , 0
8642 , 8033
3700 , 0
30 , 0
22 , 0
17 , 0
9 , 0
4 , 0
31 , 0
6250 , 4253
2303 , 1800
34 , 0
2544 , 1163
233 , 0
20 , 0
7 , 0
81 , 0
1377 , 321
26 , 0
272 , 0
179 , 0
61 , 0
1098 , 0
366 , 165
14 , 0
2771 , 0
423 , 357
204 , 0
1519 , 921
10 , 0
163 , 0
10 , 0
24 , 0
11 , 0
5 , 0
6 , 0
1 , 0
464 , 0
1 , 0
494 , 0
1428 , 0
82 , 0
8 , 0
12 , 0
3038 , 485
30 , 0
155 , 0
7958 , 6981
5416 , 1502
6815 , 4316
6 , 0
13 , 0
2497 , 728
168 , 0
9 , 0
6 , 0
4 , 0
6 , 0
1 , 0
79 , 0
413 , 411
458 , 0
27 , 0
2 , 0
22 , 0
123 , 0
1 , 0
126 , 51
26 , 0
2 , 0
4 , 0
1737 , 0
620 , 78
527 , 0
1903 , 0
1 , 0
4 , 0
52 , 0
1206 , 41
4688 , 1193
10 , 0
531 , 0
376 , 0
2230 , 2172
1 , 0
7 , 0
42 , 0
1454 , 1143
1 , 0
7843 , 6583
1 , 0
1824 , 0
219 , 0
157 , 157
1 , 0
2 , 0
2 , 0
3 , 0
5508 , 5391
14 , 0
22 , 0
1 , 0
169 , 0
1556 , 1188
978 , 0
35 , 0
211 , 189
3 , 0
884 , 0
4 , 0
1 , 0
850 , 825
47 , 0
3 , 0
4 , 0
7771 , 6732
1 , 0
121 , 0
1 , 0
2 , 0
2 , 0
5 , 0
98 , 0
34 , 0
1 , 0
21 , 0
4 , 0
2 , 0
440 , 0
610 , 0
7279 , 7268
1 , 0
94 , 0
49 , 0
119 , 114
8 , 0
2 , 0
2417 , 1538
1 , 0
264 , 0
331 , 0
9 , 0
1 , 0
1797 , 0
5132 , 4543
9 , 0
22 , 0
48 , 0
20 , 0
1 , 0
1 , 0
140 , 0
1 , 0
1786 , 0
5 , 0
2 , 0
70 , 0
3 , 0
589 , 0
26 , 0
4 , 0
54 , 0
60 , 0
1 , 0
6 , 0
9974 , 8732
5 , 0
9611 , 9611
213 , 0
5404 , 4697
2478 , 0
3 , 0
53 , 7
39 , 0
52 , 0
1851 , 915
3 , 0
546 , 0
66 , 0
1706 , 0
9840 , 8654
921 , 108
1115 , 642
286 , 0
238 , 0
29 , 0
5877 , 5862
528 , 115
6 , 0
29 , 0
1169 , 172
6234 , 359
2 , 0
500 , 0
33 , 0
3 , 0
1469 , 0
1 , 0
183 , 52
5146 , 4183
1 , 0
23 , 0
2275 , 0
37 , 0
3 , 0
5086 , 4448
1 , 0
374 , 374
19 , 0
26 , 0
7158 , 3525
1286 , 0
431 , 431
3454 , 0
26 , 0
48 , 0
480 , 0
2113 , 0
34 , 0
1887 , 1692
1 , 0
96 , 0
931 , 107
4 , 0
3 , 0
3975 , 3908
1 , 0
1064 , 0
1 , 0
8 , 0
1 , 0
3 , 0
2 , 0
127 , 0
992 , 0
244 , 0
4050 , 3586
17 , 0
46 , 46
468 , 419
11 , 0
9 , 0
15 , 0
2267 , 2233
40 , 0
9096 , 8892
8 , 0
7 , 0
11 , 0
6922 , 6058
72 , 0
6954 , 5093
187 , 0
970 , 0
3032 , 0
101 , 0
244 , 0
309 , 0
8 , 0
9 , 0
4142 , 3139
14 , 0
319 , 0
1 , 0
20 , 0
1408 , 0
431 , 0
2 , 0
2 , 0
1069 , 0
119 , 0
16 , 0
26 , 0
729 , 0
95 , 0
1080 , 0
3 , 0
4104 , 948
1026 , 0
3 , 0
275 , 0
1034 , 0
55 , 0
1 , 0
1176 , 0
1 , 0
153 , 0
17 , 0
420 , 401
6 , 0
9999 , 8344
7 , 0
1 , 0
3 , 0
1131 , 0
8008 , 7886
277 , 0
7 , 0
63 , 40
286 , 0
12 , 0
2 , 0
2 , 0
101 , 0
33 , 0
3 , 0
151 , 0
2566 , 0
6 , 0
2 , 0
16 , 0
594 , 0
3007 , 3002
2 , 0
320 , 0
2 , 2
2501 , 1262
188 , 0
11 , 0
11 , 0
5 , 0
14 , 0
45 , 0
3543 , 3478
1069 , 0
9 , 0
7 , 0
5 , 0
6445 , 5613
119 , 0
2 , 0
5058 , 0
37 , 0
2 , 0
2407 , 724
64 , 64
303 , 273
5505 , 4043
292 , 0
259 , 0
67 , 67
595 , 595
2 , 2
150 , 0
3382 , 2784
9 , 0
25 , 0
7654 , 6917
92 , 0
282 , 0
2 , 0
1 , 0
6367 , 5566
3 , 0
31 , 0
8461 , 7355
532 , 170
5 , 0
943 , 871
2 , 0
3442 , 2894
17 , 0
3981 , 871
479 , 0
7193 , 4763
32 , 0
9 , 0
839 , 0
7 , 0
3 , 0
74 , 0
4543 , 4494
6458 , 701
417 , 328
1668 , 0
87 , 0
5 , 0
3018 , 0
1 , 0
63 , 0
3703 , 0
10 , 0
535 , 0
13 , 0
37 , 0
1 , 0
7944 , 7089
7 , 0
648 , 0
2845 , 0
1207 , 1187
31 , 0
3 , 0
81 , 0
751 , 93
2 , 0
1494 , 0
35 , 0
208 , 0
59 , 0
1 , 0
292 , 0
660 , 200
18 , 0
2 , 0
4 , 0
1 , 0
9 , 0
19 , 0
3566 , 2517
1027 , 0
1762 , 0
5 , 5
8 , 0
5 , 0
199 , 0
323 , 0
174 , 0
7 , 0
2707 , 1685
41 , 0
1 , 0
1 , 0
23 , 0
23 , 0
1 , 0
778 , 0
45 , 0
5550 , 5170
429 , 0
583 , 0
1304 , 0
8 , 0
100 , 0
61 , 0
7 , 0
147 , 0
16 , 16
3 , 0
5 , 0
1 , 1
520 , 0
3493 , 1578
1818 , 1718
2 , 0
6851 , 5484
3 , 0
3929 , 3759
8 , 0
2 , 0
68 , 33
5 , 0
3 , 0
769 , 0
1 , 0
7559 , 7559
226 , 0
16 , 0
7986 , 7354
1 , 1
51 , 0
286 , 0
15 , 0
439 , 370
3 , 0
7874 , 6901
121 , 0
516 , 408
1371 , 0
7659 , 7054
1 , 0
11 , 0
29 , 28
1 , 0
2318 , 0
781 , 0
2 , 0
4 , 0
8 , 0
34 , 0
3861 , 3822
1981 , 524
3 , 0
1472 , 0
4 , 0
68 , 19
266 , 0
106 , 0
69 , 0
81 , 0
315 , 0
5 , 0
20 , 19
2 , 0
1038 , 0
23 , 0
19 , 0
4 , 0
297 , 0
2 , 0
32 , 0
66 , 0
2 , 0
11 , 0
2 , 0
3 , 0
1659 , 0
2 , 0
3316 , 2732
10 , 0
1914 , 1867
32 , 0
1 , 0
133 , 0
2 , 0
257 , 0
53 , 0
105 , 0
69 , 0
506 , 193
17 , 0
1 , 0
4 , 0
10 , 0
14 , 0
1493 , 0
5492 , 1270
8 , 0
7 , 0
57 , 3
23 , 0
4965 , 4212
134 , 0
2 , 0
1 , 0
33 , 0
691 , 0
2753 , 0
530 , 0
1 , 0
410 , 0
74 , 0
320 , 196
4 , 0
421 , 0
6 , 0
3 , 3
1533 , 0
8915 , 8371
2 , 0
4297 , 2308
1800 , 0
645 , 0
5878 , 5321
1188 , 1169
28 , 0
9 , 6
1683 , 0
7996 , 7411
10 , 0
6 , 0
120 , 0
2715 , 0
33 , 0
4486 , 1799
3855 , 3122
2359 , 1626
4684 , 1235
124 , 0
718 , 166
3713 , 1758
194 , 184
1982 , 0
66 , 0
1 , 0
2241 , 1026
20 , 0
1 , 0
227 , 0
1 , 0
322 , 0
2 , 0
9 , 0
2 , 0
132 , 0
129 , 0
4 , 0
229 , 0
20 , 0
217 , 0
2 , 0
4108 , 3106
3443 , 2448
28 , 0
948 , 898
2 , 0
273 , 235
5 , 0
8 , 0
1091 , 746
24 , 0
6 , 0
7 , 0
7 , 0
6 , 0
12 , 0
9085 , 7393
5 , 0
4765 , 2534
5301 , 3538
1 , 0
8 , 0
4 , 0
3268 , 503
325 , 0
2 , 0
8 , 0
832 , 0
2486 , 0
20 , 0
501 , 205
6 , 0
133 , 0
5725 , 5128
195 , 0
9039 , 8954
563 , 296
39 , 0
699 , 150
3599 , 0
5 , 0
2 , 0
765 , 0
2082 , 2
581 , 580
33 , 0
2905 , 2835
1 , 0
2993 , 1384
6 , 0
142 , 0
7919 , 7194
480 , 459
37 , 0
158 , 0
2630 , 0
555 , 0
1 , 0
877 , 319
308 , 0
2507 , 2047
3284 , 1903
22 , 0
4245 , 2558
1 , 0
2 , 0
418 , 0
12 , 0
357 , 0
7 , 0
221 , 0
130 , 0
78 , 0
1 , 0
647 , 0
3720 , 3579
103 , 91
20 , 0
3 , 0
6 , 0
6 , 0
6 , 0
2781 , 0
234 , 0
1377 , 0
632 , 0
121 , 0
2 , 0
20 , 0
742 , 0
9 , 0
535 , 0
446 , 0
1 , 0
1 , 0
14 , 0
941 , 0
1801 , 1716
955 , 654
142 , 0
779 , 616
135 , 0
20 , 0
248 , 0
270 , 266
1 , 0
57 , 0
363 , 0
577 , 564
426 , 0
14 , 0
16 , 0
1874 , 1433
88 , 0
29 , 0
230 , 0
1 , 0
939 , 0
2 , 0
19 , 0
190 , 0
117 , 0
5960 , 4229
4810 , 4685
7397 , 7044
4129 , 4027
2923 , 2490
34 , 0
9222 , 8525
26 , 0
2 , 0
571 , 0
209 , 0
222 , 221
72 , 0
442 , 0
3103 , 0
6 , 0
8675 , 7247
1265 , 604
6 , 0
3324 , 2981
35 , 0
477 , 0
29 , 0
5873 , 5700
2854 , 2159
3 , 0
440 , 440
35 , 0
12 , 0
1 , 0
584 , 0
28 , 5
7487 , 2613
4 , 0
226 , 0
41 , 0
336 , 0
654 , 0
2 , 0
1 , 0
393 , 0
13 , 0
108 , 0
252 , 0
745 , 0
5 , 0
1 , 0
657 , 584
741 , 0
1054 , 552
1082 , 1073
14 , 0
2 , 0
572 , 0
2 , 0
7 , 0
93 , 0
1 , 0
1 , 0
576 , 0
781 , 0
148 , 73
1 , 0
2 , 0
9772 , 9333
4 , 0
296 , 0
11 , 0
1 , 0
42 , 0
187 , 0
7 , 0
340 , 0
4 , 0
5 , 0
2 , 0
2 , 0
1153 , 0
4 , 0
338 , 0
2 , 0
6690 , 3801
473 , 0
113 , 0
5 , 0
24 , 0
9 , 0
7 , 0
1 , 0
18 , 0
4406 , 4394
266 , 0
452 , 0
36 , 0
12 , 0
1 , 1
6 , 0
27 , 0
258 , 0
98 , 0
160 , 0
637 , 0
337 , 134
10 , 0
3 , 0
82 , 0
403 , 0
4639 , 1489
68 , 0
1 , 0
2 , 0
808 , 0
1597 , 721
24 , 0
139 , 0
1168 , 0
3123 , 1142
109 , 0
4262 , 3843
229 , 0
4767 , 3307
23 , 0
5 , 0
606 , 0
96 , 0
7033 , 7029
165 , 0
5 , 0
3158 , 2838
2 , 0
2721 , 0
912 , 0
2 , 0
450 , 0
1 , 0
37 , 0
11 , 0
27 , 0
20 , 0
637 , 426
596 , 0
19 , 0
1085 , 0
1 , 0
6 , 0
3 , 0
1668 , 1637
11 , 0
2615 , 0
102 , 0
5 , 0
528 , 0
64 , 0
1 , 0
207 , 0
4 , 0
66 , 0
5558 , 2433
1016 , 1001
4 , 0
4949 , 4901
43 , 0
1 , 0
21 , 0
2 , 0
17 , 0
180 , 0
2 , 0
11 , 11
2 , 0
59 , 0
65 , 0
3 , 0
4 , 0
3843 , 3359
139 , 0
209 , 0
3 , 0
53 , 0
18 , 0
2 , 0
9 , 0
20 , 0
17 , 17
3721 , 2129
3 , 0
8 , 0
2 , 0
1 , 0
2982 , 914
5579 , 5478
20 , 0
267 , 0
2 , 0
1288 , 0
8 , 0
13 , 0
29 , 0
3672 , 3296
3697 , 2187
170 , 0
469 , 0
9249 , 8742
689 , 617
1 , 0
740 , 115
97 , 0
10 , 0
2 , 0
1 , 0
190 , 0
11 , 0
59 , 0
32 , 0
1 , 0
317 , 0
1 , 0
474 , 0
57 , 0
8633 , 7866
1 , 0
45 , 0
1 , 0
38 , 26
4 , 0
2 , 0
2425 , 2369
1 , 0
29 , 0
277 , 0
6 , 0
4 , 0
9 , 9
143 , 0
1041 , 1040
50 , 0
9 , 0
292 , 0
10 , 0
3 , 0
298 , 0
8356 , 3675
1 , 0
1 , 0
9 , 0
284 , 0
3408 , 2702
5 , 0
1 , 0
2 , 0
4 , 0
276 , 0
4981 , 4350
4253 , 3082
1703 , 1171
2 , 0
287 , 255
136 , 0
101 , 0
5930 , 5918
3054 , 2828
80 , 0
3282 , 693
59 , 40
1390 , 0
26 , 0
1 , 0
4112 , 0
310 , 0
211 , 0
19 , 0
41 , 0
27 , 0
11 , 0
16 , 0
1 , 0
33 , 0
1 , 0
2 , 0
135 , 60
5 , 0
293 , 94
5171 , 830
7 , 0
43 , 30
217 , 0
8 , 0
21 , 0
841 , 569
278 , 0
1755 , 868
699 , 0
2 , 0
17 , 0
9 , 0
2 , 0
1 , 0
129 , 0
6 , 0
3370 , 2559
234 , 139
8290 , 6019
150 , 123
63 , 0
1218 , 978
885 , 225
6 , 0
245 , 218
147 , 0
655 , 0
629 , 622
258 , 0
31 , 0
7530 , 7041
691 , 0
6 , 0
155 , 0
257 , 0
1 , 0
4 , 0
2 , 0
319 , 0
3 , 0
1 , 0
1203 , 0
268 , 0
14 , 0
1 , 0
1 , 0
4 , 0
1 , 0
2596 , 1422
1054 , 0
7 , 0
5762 , 5469
6 , 0
1 , 0
46 , 0
59 , 0
483 , 0
21 , 21
336 , 0
1457 , 0
1 , 0
4421 , 4347
4 , 0
13 , 0
2 , 0
245 , 0
1 , 0
135 , 0
56 , 0
93 , 0
1 , 0
1064 , 270
7316 , 4510
1696 , 0
134 , 0
520 , 0
3 , 0
35 , 0
4 , 0
198 , 0
19 , 0
642 , 0
2424 , 994
2449 , 2361
2 , 0
1 , 0
67 , 0
3 , 0
2 , 0
2 , 0
16 , 0
1716 , 964
53 , 0
2191 , 0
2 , 0
1 , 0
177 , 0
12 , 0
4 , 0
36 , 0
7808 , 7746
324 , 0
103 , 95
16 , 0
639 , 0
68 , 0
7876 , 7413
34 , 0
82 , 0
894 , 0
13 , 0
8 , 0
3 , 0
1 , 0
44 , 0
11 , 0
1 , 0
16 , 0
3 , 0
2 , 0
2 , 0
2981 , 2637
41 , 0
13 , 0
3 , 0
5 , 0
11 , 0
2 , 0
445 , 0
53 , 0
2 , 0
2130 , 2130
5 , 0
1027 , 662
254 , 0
580 , 0
3 , 0
87 , 0
2 , 0
354 , 334
1 , 0
1 , 0
363 , 69
21 , 0
1888 , 1847
1 , 0
303 , 0
31 , 0
28 , 0
1905 , 1603
1 , 0
6 , 0
2 , 0
1 , 0
10 , 0
1 , 0
4 , 0
5 , 0
3 , 0
66 , 0
3 , 0
2358 , 2342
770 , 0
1 , 0
304 , 0
61 , 0
1 , 0
31 , 0
37 , 0
751 , 738
2 , 0
118 , 0
4 , 0
83 , 0
1 , 0
1 , 0
5 , 0
1 , 0
68 , 0
2 , 0
178 , 0
3602 , 3073
663 , 0
2338 , 2338
38 , 0
2586 , 2395
520 , 249
2 , 0
59 , 0
97 , 0
72 , 0
7725 , 6643
18 , 0
324 , 0
59 , 0
4 , 0
14 , 0
235 , 0
688 , 0
17 , 17
1 , 0
6 , 0
8375 , 7963
376 , 287
594 , 0
66 , 0
1 , 0
279 , 0
1 , 0
5 , 0
3190 , 2967
2 , 0
671 , 106
1 , 0
3730 , 0
9 , 0
2 , 0
3293 , 3018
225 , 0
1177 , 0
1172 , 370
3640 , 3165
5264 , 2345
3851 , 3592
6 , 6
2 , 0
4 , 0
125 , 0
1 , 0
2506 , 1451
748 , 343
196 , 0
16 , 0
2 , 0
1 , 0
18 , 3
4300 , 2903
1 , 0
2 , 0
5852 , 5503
1648 , 1541
1 , 0
2 , 0
6 , 0
304 , 0
18 , 0
6 , 0
10 , 0
869 , 0
3 , 0
1 , 0
43 , 0
1 , 0
5843 , 5822
149 , 0
2 , 0
10 , 0
1 , 0
36 , 0
143 , 0
10 , 0
70 , 0
198 , 0
3 , 0
70 , 0
9 , 0
1468 , 223
173 , 0
8566 , 7126
116 , 0
22 , 0
1 , 0
837 , 514
385 , 0
7141 , 6134
628 , 191
1145 , 0
467 , 0
7 , 0
3318 , 0
3602 , 3506
3583 , 1269
1442 , 0
2266 , 1803
1266 , 0
10 , 0
188 , 0
27 , 0
147 , 120
5317 , 3536
1 , 0
1978 , 476
272 , 0
154 , 137
330 , 299
13 , 8
53 , 0
6178 , 0
911 , 257
19 , 12
119 , 105
375 , 0
12 , 0
4 , 0
1591 , 462
9814 , 9680
514 , 0
15 , 0
8183 , 8181
2366 , 0
19 , 0
225 , 16
1718 , 1103
110 , 0
398 , 376
28 , 0
487 , 0
874 , 479
23 , 23
4 , 0
486 , 0
30 , 0
1 , 0
1 , 0
67 , 0
111 , 0
42 , 0
3 , 0
1 , 0
304 , 0
7 , 0
1854 , 0
5124 , 3348
3799 , 3682
16 , 0
5 , 0
167 , 0
192 , 191
1 , 0
1290 , 979
190 , 0
7 , 0
33 , 0
621 , 0
160 , 0
43 , 0
1 , 0
1 , 0
3878 , 3247
7 , 0
270 , 0
606 , 0
152 , 0
128 , 0
385 , 0
2 , 0
318 , 0
7 , 0
632 , 582
8 , 0
133 , 0
95 , 0
13 , 0
15 , 0
199 , 120
101 , 0
438 , 436
4522 , 4445
4 , 0
41 , 0
1668 , 559
1 , 0
613 , 0
177 , 0
211 , 0
39 , 0
9213 , 8673
11 , 0
56 , 0
1 , 0
96 , 0
17 , 0
8 , 0
984 , 0
1 , 0
110 , 0
7 , 0
23 , 0
6 , 0
4 , 0
170 , 0
12 , 0
3032 , 0
992 , 902
5 , 0
1 , 0
5331 , 3994
1 , 0
2 , 0
1 , 0
987 , 0
1 , 0
3541 , 2582
53 , 0
40 , 0
106 , 0
9876 , 9747
8601 , 7230
6036 , 5963
6 , 0
2 , 0
17 , 0
1327 , 1278
409 , 0
837 , 133
4 , 0
7 , 0
132 , 0
13 , 0
1 , 0
8 , 0
11 , 0
459 , 0
9921 , 8647
2437 , 1450
75 , 0
5 , 0
6182 , 6071
18 , 0
106 , 5
74 , 0
4205 , 2472
3 , 0
35 , 0
9 , 0
38 , 0
47 , 0
1493 , 25
14 , 0
60 , 0
111 , 0
8 , 0
37 , 0
1 , 0
1 , 0
6 , 0
94 , 0
4 , 0
1 , 0
1 , 0
1659 , 376
23 , 0
918 , 114
1 , 0
1085 , 0
51 , 0
31 , 0
3569 , 3333
216 , 0
5324 , 5243
13 , 0
1 , 0
266 , 241
32 , 0
748 , 0
6 , 0
3 , 0
21 , 0
26 , 0
12 , 0
942 , 0
45 , 0
5 , 4
2251 , 2164
91 , 0
1 , 0
2922 , 2803
456 , 0
5965 , 5643
241 , 199
7972 , 7683
1 , 0
5212 , 4783
15 , 0
637 , 492
2 , 0
3 , 0
2 , 0
327 , 0
1732 , 1675
1 , 0
132 , 0
4 , 0
26 , 0
3 , 0
70 , 0
299 , 0
1 , 0
8 , 0
1643 , 480
1 , 0
2 , 0
1594 , 0
536 , 0
7 , 0
21 , 0
2 , 0
4079 , 3973
106 , 0
1047 , 729
174 , 0
683 , 683
5984 , 5286
8959 , 8799
6679 , 5000
11 , 0
2 , 0
10 , 0
503 , 0
230 , 0
1 , 0
1 , 0
643 , 0
151 , 0
10 , 0
4 , 0
7 , 1
2067 , 1057
479 , 479
1 , 0
19 , 0
2508 , 0
34 , 0
2 , 0
117 , 0
1780 , 1709
4 , 0
5 , 0
1 , 0
17 , 0
7738 , 7474
6 , 0
188 , 0
3122 , 2670
6 , 0
10 , 0
221 , 0
4 , 0
39 , 0
2356 , 0
23 , 0
17 , 0
13 , 0
329 , 329
743 , 528
1 , 0
39 , 0
6 , 0
29 , 0
1 , 0
2 , 0
11 , 0
5 , 0
81 , 0
30 , 0
693 , 0
11 , 0
1648 , 1621
43 , 0
2 , 0
2 , 0
3155 , 3155
5 , 0
16 , 0
297 , 0
1968 , 3
41 , 0
2060 , 0
15 , 0
1 , 0
181 , 0
1 , 0
30 , 0
2034 , 760
323 , 0
1 , 0
108 , 108
1034 , 1026
27 , 0
79 , 0
26 , 0
6717 , 6162
1853 , 0
1 , 0
6 , 0
380 , 0
1 , 0
1 , 0
58 , 0
81 , 0
8840 , 5750
1342 , 123
1010 , 538
10 , 0
839 , 0
72 , 0
2 , 0
8001 , 7531
1 , 0
3777 , 3194
201 , 201
190 , 0
3926 , 2103
29 , 0
57 , 0
1 , 0
3834 , 948
23 , 0
2499 , 1579
26 , 0
4 , 0
109 , 0
34 , 0
5420 , 3240
824 , 0
2 , 0
1 , 0
5 , 0
2 , 0
7812 , 6193
1492 , 614
18 , 17
20 , 0
1871 , 1429
1 , 0
1347 , 211
8 , 0
2 , 0
1 , 0
2 , 0
3528 , 3501
135 , 0
934 , 0
73 , 28
3932 , 3008
1347 , 1287
1 , 0
36 , 0
109 , 0
3 , 0
991 , 0
315 , 250
5 , 0
1 , 0
13 , 0
45 , 0
22 , 0
1863 , 1813
126 , 56
201 , 0
42 , 29
4089 , 719
2742 , 2293
1 , 0
1 , 0
6 , 0
5 , 0
1 , 0
25 , 21
423 , 0
1373 , 0
1333 , 0
10 , 0
558 , 0
73 , 43
265 , 0
1169 , 994
4648 , 3636
1 , 0
6114 , 5829
1 , 0
264 , 83
419 , 0
6072 , 5911
4 , 0
3 , 0
2 , 0
9 , 0
83 , 0
143 , 0
34 , 0
45 , 0
128 , 0
68 , 0
594 , 0
8628 , 8403
494 , 57
659 , 0
29 , 0
347 , 322
142 , 0
8152 , 7811
1 , 0
2570 , 1387
20 , 0
7434 , 7158
18 , 0
94 , 0
172 , 33
478 , 0
389 , 0
48 , 0
1351 , 1229
206 , 0
82 , 24
1604 , 1231
5 , 0
4517 , 3027
1798 , 0
5352 , 0
2 , 0
5997 , 1945
142 , 0
1730 , 1547
7 , 0
17 , 0
6 , 0
1428 , 1353
9398 , 5935
85 , 0
5359 , 4206
1 , 0
91 , 0
22 , 0
24 , 0
2 , 0
181 , 0
1631 , 1627
173 , 79
6 , 0
1454 , 344
203 , 0
518 , 0
1738 , 1710
3682 , 1899
7048 , 7019
335 , 0
6230 , 6041
8267 , 4143
3701 , 1567
884 , 0
1094 , 0
3667 , 2057
54 , 0
104 , 0
236 , 184
32 , 0
5 , 0
206 , 0
1 , 0
715 , 0
128 , 0
100 , 0
1 , 0
892 , 32
219 , 0
5281 , 5152
34 , 0
5 , 0
27 , 0
5 , 0
34 , 0
15 , 0
169 , 0
2 , 0
93 , 0
6 , 0
817 , 0
4699 , 4025
10 , 0
508 , 0
9 , 0
1727 , 1326
1 , 0
961 , 0
3 , 2
3 , 0
1 , 0
2151 , 1503
1025 , 651
522 , 0
21 , 0
4 , 0
150 , 0
83 , 0
6 , 0
1 , 0
256 , 0
1 , 0
9 , 0
1 , 0
6 , 0
733 , 593
170 , 0
417 , 281
15 , 0
42 , 0
12 , 4
15 , 0
1 , 0
20 , 0
395 , 0
10 , 0
12 , 0
13 , 0
43 , 0
741 , 630
39 , 0
12 , 0
182 , 0
45 , 0
3109 , 2847
158 , 0
47 , 18
524 , 448
2330 , 297
4 , 0
974 , 901
1 , 0
3240 , 2552
46 , 0
253 , 0
419 , 0
280 , 0
7 , 0
51 , 0
128 , 0
6 , 0
34 , 0
36 , 0
655 , 557
2236 , 131
655 , 0
1918 , 918
28 , 28
1 , 1
1 , 0
3826 , 3822
7 , 0
1 , 0
86 , 0
290 , 76
12 , 0
60 , 12
2078 , 0
2 , 0
350 , 103
9 , 0
3233 , 587
1789 , 0
2 , 0
431 , 0
6 , 0
45 , 0
138 , 0
806 , 0
9428 , 9187
361 , 0
1 , 0
2481 , 1693
3356 , 2443
73 , 0
1 , 0
3241 , 3212
2779 , 2768
203 , 0
3 , 0
824 , 0
1 , 0
397 , 80
1099 , 487
11 , 0
83 , 0
1 , 0
21 , 0
1571 , 893
12 , 0
4 , 0
1347 , 802
2 , 0
1470 , 955
8 , 0
18 , 0
191 , 0
10 , 0
1 , 0
210 , 0
8 , 0
8 , 0
350 , 289
1 , 1
33 , 0
2452 , 1612
27 , 0
3 , 0
1 , 0
252 , 62
38 , 0
216 , 0
6 , 0
9045 , 6198
4248 , 3484
5 , 0
5 , 0
1 , 0
1768 , 1132
3 , 0
6 , 0
1 , 0
880 , 762
39 , 0
1354 , 2
2677 , 2577
5047 , 4937
1 , 0
232 , 0
2 , 0
34 , 0
174 , 0
1831 , 1418
9638 , 9459
3255 , 2824
59 , 0
27 , 0
283 , 125
19 , 0
45 , 0
2 , 0
1814 , 1066
18 , 0
3 , 0
3106 , 244
181 , 0
131 , 31
2 , 0
3462 , 3136
1 , 1
2 , 0
117 , 0
59 , 0
2915 , 0
21 , 0
4 , 0
89 , 0
5 , 0
6 , 0
123 , 0
4859 , 3450
16 , 0
140 , 0
2883 , 2150
4 , 0
2160 , 1393
1183 , 920
6 , 0
2 , 0
40 , 23
2018 , 1775
162 , 0
489 , 0
22 , 0
1 , 0
31 , 0
670 , 76
141 , 0
125 , 0
4 , 0
11 , 0
1476 , 1306
3 , 0
153 , 0
1 , 0
2879 , 2860
2 , 0
6280 , 5650
260 , 43
475 , 0
6712 , 6709
3 , 0
27 , 0
1515 , 521
93 , 0
1108 , 0
7 , 0
62 , 40
8352 , 3543
1 , 0
1528 , 939
12 , 0
1 , 0
48 , 41
4 , 0
134 , 27
2400 , 1328
1 , 0
1742 , 1741
6632 , 6212
57 , 0
6270 , 904
405 , 0
1 , 0
6 , 0
2 , 0
3 , 0
9127 , 9126
2715 , 1112
15 , 0
734 , 0
1883 , 1824
229 , 0
33 , 0
60 , 0
385 , 0
3 , 0
3227 , 2922
2364 , 1273
8 , 0
2 , 0
6 , 0
169 , 0
87 , 0
28 , 16
9249 , 8227
1200 , 0
565 , 0
20 , 0
44 , 0
1 , 0
1 , 0
2 , 0
393 , 33
5 , 0
1 , 0
73 , 0
20 , 20
140 , 0
28 , 0
192 , 0
8 , 0
228 , 0
322 , 192
11 , 0
8112 , 7252
539 , 0
210 , 12
8097 , 8088
110 , 0
23 , 0
7438 , 6995
6 , 0
115 , 0
1541 , 524
5 , 0
21 , 0
3 , 0
282 , 0
7 , 0
15 , 11
57 , 0
251 , 0
34 , 0
12 , 0
672 , 91
523 , 338
5841 , 3036
4 , 0
56 , 0
3 , 0
1679 , 1319
13 , 0
47 , 0
441 , 0
3027 , 2746
267 , 18
5247 , 3127
4 , 0
34 , 32
10 , 0
3 , 3
698 , 472
1863 , 1048
1 , 0
1 , 0
960 , 845
175 , 0
2547 , 865
8769 , 8053
289 , 252
16 , 0
702 , 641
12 , 0
1 , 0
2 , 0
318 , 0
4 , 0
15 , 14
164 , 106
9 , 0
923 , 923
30 , 0
81 , 0
21 , 0
135 , 0
324 , 82
1361 , 14
2617 , 2399
5092 , 4708
198 , 0
40 , 0
5906 , 2128
5 , 0
6800 , 5891
3 , 0
821 , 0
1348 , 927
18 , 0
8 , 0
6996 , 6229
2 , 0
1 , 0
5 , 0
1936 , 960
1911 , 0
1 , 0
1 , 0
26 , 0
131 , 0
5 , 0
40 , 0
198 , 0
271 , 270
2 , 0
104 , 0
1077 , 0
5 , 0
51 , 0
81 , 0
28 , 0
7055 , 6864
670 , 0
5002 , 4955
25 , 0
4 , 4
26 , 0
85 , 0
18 , 0
3817 , 3104
23 , 0
2359 , 1788
2114 , 588
1 , 0
234 , 0
3 , 0
403 , 0
4 , 0
420 , 0
108 , 0
57 , 0
302 , 0
30 , 0
11 , 0
535 , 535
3 , 0
2009 , 1558
12 , 0
1 , 0
37 , 0
25 , 0
96 , 0
15 , 8
2173 , 2136
2690 , 0
9916 , 9915
25 , 0
3 , 0
1823 , 916
266 , 63
41 , 0
159 , 0
340 , 162
67 , 0
3 , 0
23 , 0
191 , 0
100 , 98
1 , 0
7482 , 5498
2593 , 0
164 , 0
115 , 0
4681 , 4213
1 , 0
926 , 0
133 , 0
34 , 0
5 , 0
5 , 0
20 , 0
1 , 0
40 , 0
4841 , 4225
86 , 71
2401 , 0
89 , 0
9727 , 7494
4 , 0
236 , 0
1171 , 0
88 , 0
20 , 0
1 , 0
1 , 0
3571 , 2983
8896 , 5803
4447 , 4293
2 , 0
13 , 0
145 , 0
11 , 0
11 , 0
2 , 0
141 , 0
1528 , 0
8344 , 7241
32 , 0
1519 , 0
2 , 0
42 , 0
7423 , 7423
4900 , 1481
203 , 0
7 , 0
19 , 0
2 , 0
702 , 390
7845 , 4604
13 , 12
2558 , 2491
196 , 0
14 , 0
28 , 0
4 , 0
17 , 0
5 , 0
73 , 0
1762 , 622
2 , 0
1041 , 0
299 , 0
10 , 0
3966 , 3898
349 , 0
1 , 0
1145 , 0
14 , 0
19 , 0
560 , 0
2878 , 67
2 , 0
4 , 4
1 , 0
3 , 0
1578 , 0
179 , 0
999 , 522
1206 , 348
790 , 0
897 , 214
7 , 0
5669 , 4257
1461 , 1345
52 , 0
7376 , 6717
8380 , 7522
3836 , 3121
4453 , 4227
5 , 0
189 , 0
65 , 0
181 , 176
379 , 0
16 , 0
1404 , 0
431 , 0
1 , 0
5798 , 5600
4 , 0
165 , 0
1599 , 0
20 , 0
8 , 0
46 , 0
921 , 827
31 , 0
5 , 0
5 , 0
23 , 0
925 , 925
46 , 0
602 , 503
1 , 0
25 , 0
82 , 0
527 , 0
66 , 0
43 , 0
474 , 195
1 , 0
2984 , 0
31 , 6
2 , 0
2 , 0
25 , 0
86 , 67
95 , 0
909 , 0
22 , 0
2 , 0
145 , 0
1723 , 1233
165 , 0
3 , 0
5607 , 5181
3481 , 2661
405 , 0
18 , 0
562 , 0
135 , 0
883 , 0
440 , 0
110 , 0
52 , 0
2 , 0
1073 , 0
81 , 0
8 , 0
1910 , 1838
1 , 0
4 , 0
161 , 0
7 , 0
2 , 0
553 , 0
29 , 0
5 , 0
3 , 0
1 , 0
6 , 0
3233 , 2798
59 , 0
2176 , 1668
6 , 0
4 , 0
264 , 0
2 , 0
4661 , 4539
45 , 0
236 , 0
1 , 0
2 , 0
765 , 0
2 , 0
14 , 0
4 , 0
2857 , 2556
438 , 0
7179 , 7179
233 , 0
1 , 0
6 , 0
4758 , 4467
8 , 0
5616 , 4350
8990 , 2960
141 , 97
49 , 0
49 , 0
110 , 106
385 , 0
86 , 40
10 , 0
52 , 0
418 , 348
8 , 0
2023 , 1983
10 , 0
8 , 8
88 , 0
295 , 273
174 , 7
1897 , 0
5 , 0
1 , 0
1 , 0
2109 , 1927
2 , 0
1403 , 1069
82 , 0
100 , 0
116 , 0
4 , 0
45 , 0
6 , 0
290 , 0
123 , 52
145 , 0
11 , 0
4 , 0
1 , 0
420 , 0
54 , 0
4062 , 4016
6124 , 4367
85 , 0
2215 , 2122
8 , 0
47 , 0
1 , 0
19 , 0
161 , 0
30 , 0
46 , 0
7914 , 7547
34 , 0
33 , 0
587 , 240
4 , 0
3231 , 2354
2 , 0
40 , 0
346 , 0
5952 , 4375
1 , 0
2 , 0
13 , 0
2128 , 843
5 , 0
1 , 0
687 , 687
8 , 0
8985 , 8781
1 , 0
47 , 0
7021 , 4200
2 , 0
4672 , 1790
7 , 0
135 , 82
4 , 0
145 , 0
417 , 416
872 , 747
2 , 0
6198 , 6198
2 , 0
804 , 756
56 , 17
1667 , 292
5 , 0
2097 , 1981
20 , 0
34 , 0
1 , 0
262 , 167
1 , 0
91 , 0
3688 , 2306
1843 , 168
4 , 0
1 , 0
1 , 1
33 , 26
13 , 0
1 , 0
180 , 0
15 , 0
9809 , 9780
1 , 0
11 , 11
71 , 0
44 , 0
306 , 0
412 , 0
166 , 0
966 , 0
3973 , 1069
1373 , 0
1 , 0
8703 , 6181
162 , 0
21 , 0
31 , 0
1647 , 0
3277 , 2938
3980 , 1891
147 , 0
1 , 0
1787 , 0
5790 , 5168
201 , 0
1 , 0
40 , 0
21 , 0
4 , 0
91 , 0
7 , 0
37 , 34
1 , 0
19 , 0
1437 , 53
820 , 0
50 , 0
89 , 66
696 , 0
27 , 0
645 , 0
832 , 393
56 , 0
2711 , 2709
2 , 0
660 , 0
2075 , 0
2118 , 2024
226 , 14
276 , 0
286 , 78
198 , 0
40 , 0
3 , 0
1 , 0
12 , 0
3 , 0
1 , 0
526 , 0
56 , 0
1 , 0
8 , 0
55 , 0
1 , 0
75 , 0
60 , 0
760 , 0
515 , 0
3 , 0
1978 , 0
4228 , 4170
3499 , 1956
1 , 0
69 , 0
3 , 0
1772 , 81
122 , 0
6590 , 3964
1897 , 1503
3040 , 1725
3 , 0
190 , 0
913 , 115
153 , 0
3201 , 3154
364 , 363
9277 , 9276
2998 , 1265
16 , 8
66 , 0
149 , 0
26 , 0
1690 , 0
7 , 0
24 , 0
44 , 0
9 , 0
31 , 0
20 , 0
286 , 285
8682 , 7929
2 , 0
350 , 0
1143 , 482
653 , 622
816 , 632
84 , 0
5783 , 2569
9768 , 7969
4 , 0
1004 , 34
5 , 5
6 , 0
1729 , 1087
9 , 0
33 , 0
91 , 0
3558 , 3158
3 , 1
2073 , 2015
65 , 0
2535 , 1788
18 , 0
515 , 425
7 , 0
92 , 0
1 , 0
1897 , 1660
2 , 0
796 , 490
116 , 0
2 , 0
183 , 0
4 , 0
3502 , 3089
1 , 0
5445 , 1874
7983 , 7514
2351 , 1298
2 , 0
2 , 0
1 , 0
3069 , 2336
2 , 0
658 , 0
18 , 0
2 , 0
9775 , 9344
7663 , 7341
7403 , 3565
4777 , 3558
24 , 0
5 , 0
97 , 94
2 , 0
2 , 0
1243 , 0
6793 , 6526
86 , 0
4 , 0
394 , 0
440 , 0
2005 , 443
7 , 0
332 , 14
257 , 83
255 , 250
1 , 0
4937 , 3346
6 , 0
60 , 0
114 , 0
1 , 0
1 , 0
476 , 369
40 , 37
8261 , 5855
4 , 0
7823 , 5713
4147 , 0
21 , 0
1 , 0
2476 , 2166
2 , 0
1666 , 0
3 , 0
3979 , 2935
1 , 0
1 , 0
1023 , 857
7 , 0
8015 , 6668
52 , 0
332 , 0
56 , 0
56 , 0
4 , 0
250 , 0
70 , 0
1 , 0
703 , 0
2 , 0
1 , 0
713 , 0
70 , 0
23 , 0
16 , 0
4 , 0
2046 , 1728
618 , 0
2 , 0
158 , 0
8684 , 6222
208 , 80
1919 , 667
186 , 0
1779 , 0
515 , 260
41 , 19
69 , 0
647 , 389
136 , 0
1 , 0
3 , 0
8814 , 8356
74 , 0
1 , 0
26 , 0
145 , 0
5 , 0
5 , 0
19 , 0
635 , 340
3059 , 2176
3 , 0
7 , 0
1 , 0
2 , 0
314 , 296
40 , 0
1710 , 0
585 , 0
5 , 0
14 , 0
247 , 247
433 , 0
9230 , 9208
2494 , 2440
1732 , 1196
3000 , 2910
312 , 0
87 , 0
3 , 0
1 , 0
22 , 0
3 , 0
2 , 0
4101 , 4101
809 , 642
9347 , 7665
11 , 0
6217 , 6157
263 , 0
239 , 0
69 , 68
1255 , 1082
2485 , 552
2 , 0
35 , 0
150 , 0
174 , 0
512 , 374
1 , 0
1 , 0
402 , 0
1 , 0
15 , 0
427 , 0
110 , 0
11 , 0
81 , 0
5 , 0
148 , 0
484 , 0
154 , 0
576 , 0
3 , 0
627 , 588
77 , 0
1 , 0
3 , 0
1 , 0
24 , 0
336 , 69
2 , 0
2750 , 2065
1 , 0
216 , 0
1972 , 904
1966 , 1941
1745 , 1451
3252 , 1963
40 , 0
6 , 0
10 , 0
6094 , 5171
53 , 0
3 , 0
14 , 0
20 , 0
1976 , 26
37 , 10
21 , 0
40 , 0
65 , 0
1 , 0
24 , 0
5442 , 0
1 , 0
1197 , 979
230 , 0
2 , 0
206 , 0
31 , 0
33 , 0
67 , 0
12 , 0
27 , 1
2787 , 2336
1460 , 1360
4969 , 492
680 , 558
2167 , 2154
559 , 0
65 , 0
248 , 165
1247 , 0
13 , 0
28 , 0
253 , 96
6 , 0
9388 , 8895
25 , 0
2 , 0
3 , 0
705 , 0
699 , 0
6051 , 5785
3 , 0
1 , 0
65 , 0
2 , 0
140 , 139
1 , 0
5 , 0
440 , 334
9 , 0
1 , 0
1984 , 909
1451 , 144
286 , 0
1 , 0
12 , 12
97 , 0
40 , 0
2 , 0
169 , 0
375 , 218
6083 , 5693
2620 , 1556
10 , 0
1 , 0
109 , 0
34 , 18
111 , 0
245 , 0
896 , 0
54 , 0
5 , 0
463 , 0
954 , 839
20 , 0
5 , 0
1613 , 1503
13 , 0
1216 , 767
3 , 0
1315 , 766
65 , 0
1487 , 961
16 , 0
973 , 0
64 , 0
193 , 147
8835 , 7521
3 , 0
449 , 0
2557 , 1122
534 , 523
1 , 0
2 , 0
1 , 0
9947 , 8898
11 , 0
998 , 0
35 , 0
211 , 0
2 , 0
83 , 0
196 , 0
4910 , 3729
1655 , 1128
1340 , 0
2 , 0
1 , 0
8 , 0
2073 , 1005
73 , 47
4 , 0
333 , 0
5967 , 5122
1284 , 0
3 , 0
2 , 0
94 , 0
100 , 0
161 , 0
5629 , 5534
39 , 0
20 , 11
5444 , 278
3506 , 993
1002 , 0
3 , 0
111 , 0
511 , 102
20 , 0
4770 , 3569
1 , 0
3561 , 3529
3 , 0
1 , 0
9 , 0
3326 , 2982
3028 , 314
95 , 63
7261 , 5938
15 , 0
127 , 127
609 , 0
15 , 0
3 , 0
331 , 0
1 , 0
2 , 0
18 , 0
3255 , 3168
2431 , 1231
1185 , 1050
6 , 0
2188 , 2060
374 , 0
588 , 116
2 , 0
361 , 0
1 , 0
1 , 0
278 , 0
217 , 0
17 , 0
4103 , 2437
4346 , 1660
45 , 0
12 , 0
58 , 0
4992 , 3596
82 , 0
10 , 0
8 , 0
9841 , 1962
138 , 0
6 , 0
25 , 0
638 , 339
1 , 0
881 , 797
6 , 0
624 , 0
1 , 0
3 , 0
1571 , 1497
82 , 0
2 , 0
1617 , 1386
1 , 0
87 , 0
11 , 0
2 , 0
5 , 0
2162 , 706
58 , 0
15 , 0
695 , 517
4 , 0
1485 , 663
34 , 0
772 , 0
15 , 0
156 , 59
4 , 0
2239 , 1383
189 , 189
180 , 0
1204 , 1156
408 , 282
204 , 0
8 , 0
9207 , 4738
2 , 0
4098 , 3914
1322 , 1181
15 , 0
192 , 190
36 , 0
106 , 0
28 , 0
1080 , 0
278 , 41
7 , 0
6669 , 4880
245 , 0
22 , 0
1 , 0
35 , 0
96 , 0
5 , 0
86 , 0
3 , 0
4301 , 3818
217 , 0
1 , 0
3905 , 3579
2 , 0
2174 , 1785
15 , 0
5 , 2
4537 , 4285
19 , 0
2 , 0
45 , 0
6 , 0
12 , 0
1 , 0
13 , 0
1 , 0
2 , 2
765 , 718
11 , 0
403 , 0
30 , 14
319 , 0
2 , 0
1 , 0
234 , 0
152 , 0
58 , 23
101 , 0
3 , 0
7 , 0
43 , 0
1 , 0
1 , 0
1 , 0
81 , 0
3591 , 3354
3385 , 3196
4 , 0
883 , 502
1 , 0
13 , 0
62 , 62
32 , 0
70 , 0
1675 , 904
653 , 653
11 , 0
18 , 18
831 , 0
21 , 0
25 , 0
69 , 0
4 , 0
81 , 0
82 , 0
6805 , 5995
4117 , 4053
1919 , 323
96 , 0
8 , 0
2619 , 2377
463 , 0
885 , 884
1 , 0
512 , 0
19 , 0
2 , 2
6 , 0
84 , 0
35 , 0
3 , 0
5823 , 5593
8662 , 7470
5 , 0
18 , 0
4749 , 0
6 , 1
222 , 0
7 , 0
3593 , 0
8 , 0
2 , 0
1214 , 790
1342 , 0
2832 , 1202
6315 , 5923
3000 , 2524
180 , 8
147 , 0
118 , 0
8723 , 6995
1 , 0
390 , 0
62 , 0
5 , 0
276 , 0
703 , 562
12 , 0
1373 , 358
50 , 0
166 , 0
1 , 0
2117 , 2048
13 , 0
4 , 0
43 , 0
80 , 0
9436 , 8973
3 , 0
172 , 172
688 , 622
10 , 0
158 , 29
266 , 0
1 , 0
802 , 452
3812 , 2780
6590 , 6499
5 , 0
810 , 0
63 , 0
122 , 0
394 , 384
7111 , 6697
40 , 0
2 , 0
8 , 0
79 , 0
9367 , 9331
643 , 643
4 , 3
4580 , 3710
1614 , 216
1370 , 566
12 , 0
4 , 0
9 , 0
51 , 0
170 , 0
37 , 0
45 , 0
3180 , 2125
40 , 0
8540 , 6091
1722 , 1517
469 , 0
63 , 0
1 , 0
60 , 0
62 , 0
723 , 431
1067 , 389
1 , 0
1 , 0
7903 , 7481
1 , 0
27 , 0
2978 , 2970
3291 , 0
2 , 0
3 , 0
1 , 0
1 , 0
40 , 0
25 , 0
1503 , 436
65 , 0
1153 , 1093
12 , 0
1452 , 1239
52 , 0
42 , 0
22 , 0
1419 , 938
10 , 0
198 , 0
2 , 0
462 , 0
2 , 0
859 , 0
245 , 0
6 , 0
1 , 0
84 , 0
8891 , 8088
36 , 4
1997 , 1417
952 , 339
1734 , 1521
9 , 0
1470 , 1412
29 , 0
156 , 0
59 , 59
7 , 0
44 , 0
3157 , 3108
9945 , 8871
188 , 0
1 , 0
4 , 0
544 , 0
670 , 0
410 , 237
1 , 0
10 , 0
27 , 0
9 , 0
933 , 876
22 , 0
4387 , 4169
592 , 210
721 , 0
2 , 0
66 , 0
5005 , 4192
7684 , 7468
67 , 0
45 , 0
7174 , 6656
7524 , 7405
679 , 663
6649 , 5370
1 , 0
9878 , 9764
1 , 0
2668 , 2564
3704 , 2921
109 , 0
2317 , 2203
628 , 235
2 , 0
1 , 0
2 , 0
118 , 118
4508 , 4199
85 , 0
18 , 18
70 , 65
512 , 0
1 , 0
124 , 0
1 , 0
43 , 15
20 , 0
1 , 0
403 , 287
41 , 0
8903 , 8063
15 , 0
57 , 0
26 , 1
125 , 0
262 , 0
1 , 0
60 , 0
818 , 587
489 , 0
416 , 259
6695 , 6162
37 , 0
74 , 0
834 , 818
4027 , 2752
357 , 0
1411 , 1359
241 , 0
200 , 0
182 , 0
147 , 97
33 , 0
239 , 0
9555 , 9527
874 , 0
5552 , 5244
34 , 0
666 , 0
86 , 81
376 , 0
3977 , 1432
25 , 0
37 , 0
4160 , 3318
4 , 0
23 , 0
13 , 0
140 , 0
53 , 0
1 , 0
1 , 0
3 , 0
1743 , 951
434 , 0
105 , 66
8 , 0
98 , 0
1482 , 430
1 , 0
1218 , 173
145 , 110
58 , 0
1 , 1
2241 , 165
34 , 0
4435 , 4210
2395 , 1898
28 , 0
1426 , 291
472 , 450
250 , 0
902 , 0
5 , 0
1 , 0
1045 , 515
151 , 0
9946 , 6931
178 , 0
112 , 98
100 , 0
15 , 0
6 , 0
3 , 0
85 , 0
92 , 0
27 , 0
189 , 0
5515 , 4932
51 , 0
62 , 0
32 , 0
231 , 231
263 , 0
705 , 0
1 , 0
39 , 0
12 , 0
164 , 0
69 , 0
9 , 0
95 , 0
4830 , 4101
981 , 750
1112 , 0
53 , 0
12 , 0
5783 , 4714
1342 , 988
4153 , 3922
6965 , 6897
8 , 0
5474 , 5062
7 , 0
143 , 0
46 , 0
14 , 0
13 , 0
134 , 0
14 , 0
1 , 0
13 , 0
4342 , 3713
5406 , 4705
13 , 0
8 , 0
1 , 0
2 , 0
76 , 0
5000 , 4053
15 , 0
7 , 0
34 , 0
1 , 0
7 , 0
1 , 0
31 , 0
58 , 0
23 , 0
1 , 0
4 , 0
46 , 0
1409 , 772
1 , 0
73 , 0
4 , 0
58 , 0
17 , 0
1 , 0
9 , 0
1016 , 808
2 , 0
924 , 0
7 , 0
53 , 0
7160 , 6533
218 , 0
8936 , 8714
43 , 43
75 , 0
49 , 0
4 , 0
43 , 11
2683 , 1907
154 , 148
572 , 552
2322 , 1881
2101 , 315
1 , 0
136 , 15
1 , 0
2489 , 0
5425 , 2219
84 , 0
2 , 0
156 , 0
93 , 0
3270 , 3100
41 , 0
2 , 0
1427 , 1378
350 , 202
1 , 0
5 , 0
3 , 0
5 , 0
74 , 0
3 , 0
274 , 151
9 , 0
27 , 0
35 , 0
1 , 0
3088 , 2934
182 , 0
1 , 0
1 , 0
5253 , 4473
49 , 0
1283 , 821
19 , 0
277 , 120
16 , 0
76 , 0
6 , 0
4082 , 2812
3 , 0
6 , 0
2 , 1
3419 , 2165
43 , 35
668 , 499
121 , 27
15 , 0
526 , 0
1403 , 1403
2 , 0
5 , 0
545 , 183
17 , 0
4 , 0
461 , 0
4 , 0
674 , 459
3 , 0
237 , 0
1854 , 1828
1 , 0
4626 , 2137
2 , 0
145 , 7
178 , 0
38 , 0
322 , 318
852 , 0
3 , 0
13 , 0
138 , 12
8271 , 8194
7 , 0
1 , 0
7 , 0
1 , 0
800 , 685
2163 , 0
404 , 378
2867 , 2810
508 , 0
3 , 0
1298 , 956
3474 , 3473
1232 , 0
5 , 0
2 , 0
166 , 0
414 , 206
36 , 0
231 , 0
15 , 0
251 , 197
1 , 0
2 , 0
13 , 0
1 , 0
13 , 0
2417 , 1907
10 , 0
3764 , 1969
174 , 24
102 , 0
63 , 0
139 , 0
6 , 6
45 , 0
11 , 0
6441 , 6440
341 , 0
54 , 0
3117 , 2723
70 , 38
825 , 825
2 , 0
2994 , 2713
2 , 0
4 , 0
1180 , 1050
18 , 0
14 , 0
1 , 0
1 , 0
799 , 773
544 , 535
5 , 0
19 , 0
3 , 0
4828 , 4784
5064 , 3960
9835 , 9390
34 , 0
8949 , 8922
23 , 0
7617 , 7570
2 , 0
322 , 0
12 , 0
14 , 0
117 , 0
1196 , 920
1395 , 326
258 , 0
1 , 0
6708 , 6046
742 , 555
2155 , 1751
3036 , 2897
6039 , 4213
6 , 0
4 , 0
1752 , 1752
112 , 0
73 , 0
7306 , 6393
1937 , 0
85 , 0
1281 , 562
1150 , 964
15 , 0
3197 , 2206
8 , 0
23 , 0
1 , 0
347 , 0
1 , 0
3483 , 3413
2 , 0
1084 , 308
1 , 0
5 , 0
1718 , 1245
3128 , 1308
6 , 0
154 , 0
97 , 0
42 , 0
1 , 0
1192 , 1160
7337 , 7205
24 , 24
61 , 0
5 , 0
449 , 8
761 , 636
3 , 0
3044 , 1611
68 , 0
31 , 0
2 , 0
194 , 0
2513 , 1669
101 , 0
9278 , 8552
365 , 0
81 , 0
34 , 0
202 , 0
20 , 0
4240 , 2959
2130 , 2100
705 , 638
2 , 0
4834 , 3313
1 , 0
22 , 0
5603 , 4899
11 , 0
4757 , 4757
42 , 0
26 , 0
50 , 0
1 , 0
1567 , 0
6359 , 6302
29 , 0
1 , 0
518 , 0
9 , 0
62 , 0
3 , 0
29 , 0
548 , 0
276 , 0
36 , 0
21 , 0
10 , 0
3371 , 3312
155 , 0
1 , 0
2 , 0
2092 , 2020
485 , 225
2811 , 1966
2 , 0
338 , 268
22 , 0
11 , 0
388 , 0
20 , 0
6 , 0
155 , 0
144 , 0
7434 , 5544
860 , 193
2 , 0
2338 , 2338
647 , 0
1 , 0
7 , 0
50 , 0
652 , 188
12 , 0
3175 , 3165
816 , 225
42 , 0
1 , 0
57 , 0
75 , 0
312 , 0
1 , 0
1 , 0
712 , 339
2505 , 1879
15 , 0
123 , 68
1030 , 311
2 , 0
455 , 455
11 , 0
1 , 0
865 , 859
1 , 0
4777 , 4557
6 , 2
189 , 0
1989 , 936
737 , 589
3207 , 2545
9 , 0
89 , 0
147 , 25
2311 , 1193
13 , 0
213 , 0
25 , 0
97 , 0
1527 , 1293
2 , 0
462 , 434
263 , 148
3821 , 2188
1406 , 784
1 , 0
9 , 0
3 , 0
2172 , 1648
574 , 487
286 , 278
4 , 0
21 , 0
611 , 0
1 , 0
776 , 540
5 , 0
579 , 497
488 , 312
25 , 0
289 , 0
2 , 0
210 , 157
10 , 0
178 , 0
4 , 0
2 , 0
87 , 0
4 , 0
32 , 0
7 , 0
5873 , 5313
1 , 0
6745 , 6424
1 , 0
9835 , 7632
402 , 0
2 , 0
6152 , 6099
1 , 0
312 , 0
1 , 0
870 , 0
2 , 0
1 , 0
458 , 132
4427 , 3102
1454 , 0
104 , 0
2 , 0
1 , 0
3673 , 1607
509 , 412
2 , 0
3 , 0
7978 , 6030
1 , 0
15 , 0
12 , 0
176 , 0
3533 , 3257
988 , 0
8380 , 8291
38 , 0
49 , 48
487 , 0
3 , 0
31 , 0
551 , 0
1 , 0
1 , 0
1 , 0
942 , 719
454 , 0
814 , 754
158 , 0
28 , 0
61 , 0
4 , 1
3884 , 3464
10 , 0
14 , 0
8413 , 8398
1 , 0
13 , 0
18 , 0
6 , 0
3311 , 1886
1276 , 650
1 , 0
4472 , 4015
15 , 0
1643 , 578
20 , 0
2 , 0
3156 , 2297
1 , 0
13 , 0
399 , 0
30 , 30
83 , 0
79 , 0
1 , 0
72 , 0
1 , 0
9250 , 8676
2 , 0
1 , 0
26 , 0
187 , 11
161 , 0
203 , 0
2 , 0
31 , 12
10 , 0
146 , 69
1174 , 136
3469 , 3337
2 , 0
1 , 0
42 , 0
9 , 0
246 , 209
396 , 0
2 , 0
724 , 0
9 , 0
27 , 25
149 , 78
2578 , 1973
73 , 0
1 , 0
1521 , 1519
1276 , 1257
26 , 26
1280 , 0
5 , 0
66 , 0
1 , 0
14 , 0
5 , 0
6 , 0
70 , 27
4 , 0
49 , 0
12 , 0
4 , 0
30 , 20
1 , 0
117 , 0
1 , 0
4 , 0
4 , 0
147 , 0
7051 , 6498
5 , 0
3232 , 2348
37 , 0
22 , 0
12 , 0
581 , 524
815 , 52
42 , 0
102 , 0
1 , 0
74 , 0
1338 , 1338
17 , 0
1 , 0
76 , 0
16 , 0
10 , 0
2215 , 1763
1136 , 784
3298 , 2306
4 , 0
1331 , 0
36 , 0
5 , 0
1471 , 9
108 , 0
3008 , 1805
13 , 0
1 , 0
959 , 0
12 , 0
2764 , 2750
6 , 0
1810 , 0
3 , 0
3960 , 1675
1373 , 0
2 , 0
735 , 0
246 , 0
57 , 0
1363 , 470
6881 , 6860
1 , 0
6593 , 6042
92 , 0
2166 , 1653
25 , 0
150 , 0
4 , 0
1510 , 286
16 , 0
39 , 0
447 , 0
963 , 0
37 , 0
50 , 0
5 , 0
151 , 0
1112 , 330
1933 , 1887
34 , 0
33 , 0
1068 , 1068
1246 , 391
267 , 157
130 , 0
96 , 0
2225 , 1944
192 , 146
116 , 0
3 , 0
2 , 0
3 , 0
33 , 0
30 , 0
1934 , 1078
14 , 0
7 , 0
9 , 0
497 , 237
67 , 0
885 , 806
1743 , 1597
6351 , 5396
7297 , 6922
40 , 0
130 , 0
1 , 0
799 , 726
44 , 0
168 , 0
111 , 0
6608 , 6563
1271 , 1067
1 , 0
23 , 12
4 , 0
12 , 0
14 , 0
7123 , 4979
13 , 0
113 , 0
7826 , 7648
353 , 202
253 , 0
5 , 0
8 , 0
8 , 0
18 , 0
193 , 0
2 , 0
6622 , 6283
9 , 0
1 , 0
16 , 0
389 , 377
190 , 190
1681 , 1394
1707 , 1220
4 , 0
9975 , 9505
51 , 0
2 , 0
2 , 0
6934 , 6459
302 , 0
3 , 0
20 , 0
20 , 0
1 , 0
300 , 0
1 , 0
5001 , 4715
13 , 0
22 , 0
5932 , 4374
1131 , 599
3 , 0
14 , 0
777 , 0
3 , 0
10 , 0
588 , 361
2 , 0
12 , 0
253 , 0
7 , 0
2950 , 2893
44 , 0
24 , 0
1213 , 826
22 , 21
70 , 0
2 , 0
7141 , 6651
2462 , 1624
41 , 0
1805 , 1656
509 , 379
8359 , 7561
1 , 0
4130 , 444
3852 , 2365
14 , 0
6424 , 5862
2 , 0
1 , 0
7510 , 7484
569 , 0
27 , 0
3441 , 3414
39 , 0
67 , 0
1 , 0
1 , 0
589 , 0
871 , 0
6721 , 5733
2034 , 0
15 , 0
26 , 0
9 , 0
4626 , 4256
8399 , 8393
6 , 0
8 , 0
92 , 0
1356 , 0
18 , 0
90 , 0
82 , 65
6269 , 3718
54 , 41
17 , 0
377 , 0
6 , 0
25 , 0
24 , 0
4 , 0
4 , 0
191 , 167
9 , 0
3 , 0
1 , 0
69 , 0
18 , 0
3218 , 3061
32 , 0
1 , 0
7 , 0
2 , 0
60 , 0
8876 , 5346
19 , 0
183 , 0
1333 , 0
8927 , 5345
4586 , 3663
1 , 0
461 , 0
197 , 159
5 , 0
239 , 235
4 , 0
3325 , 2793
5489 , 5113
7077 , 6832
2 , 0
33 , 0
1241 , 793
13 , 0
20 , 0
1042 , 996
307 , 0
802 , 801
2 , 0
2 , 0
2858 , 2805
68 , 0
3422 , 3320
24 , 8
2 , 0
522 , 0
1 , 0
32 , 0
1 , 0
7063 , 6165
2 , 0
924 , 0
2827 , 2239
7 , 0
54 , 0
11 , 0
79 , 0
189 , 0
20 , 0
367 , 0
8173 , 7593
3 , 0
125 , 0
25 , 0
813 , 555
9691 , 6030
12 , 0
5084 , 4222
780 , 779
580 , 375
16 , 0
232 , 0
63 , 0
447 , 348
2 , 0
38 , 0
4 , 0
11 , 0
68 , 0
105 , 63
93 , 0
1121 , 1038
2451 , 2451
7772 , 6408
2419 , 2206
24 , 0
116 , 0
97 , 0
2488 , 866
1 , 0
7 , 0
1 , 0
23 , 0
45 , 0
2 , 1
587 , 0
5456 , 3467
77 , 0
299 , 293
2 , 0
25 , 0
3 , 0
407 , 0
13 , 0
245 , 0
71 , 0
8 , 0
4 , 2
2 , 0
1 , 0
2 , 0
4 , 0
2 , 0
1867 , 142
2 , 0
4 , 0
11 , 0
161 , 0
103 , 37
19 , 0
47 , 0
1213 , 1213
1 , 0
406 , 381
44 , 0
10 , 9
6 , 0
1 , 0
122 , 0
30 , 0
69 , 0
485 , 254
355 , 213
23 , 0
2 , 0
18 , 0
2 , 2
105 , 74
18 , 0
19 , 0
2 , 0
18 , 0
24 , 0
1738 , 1651
6760 , 6499
1 , 0
5846 , 3424
123 , 0
11 , 0
5007 , 4925
30 , 0
19 , 0
7453 , 6846
9 , 0
358 , 0
206 , 0
1 , 0
1 , 0
2997 , 1997
14 , 0
7 , 0
6 , 0
290 , 0
770 , 466
117 , 86
33 , 0
117 , 0
690 , 0
443 , 0
1223 , 1093
1 , 0
1064 , 689
5 , 0
3 , 0
7 , 0
1 , 0
29 , 0
7 , 0
601 , 0
24 , 0
17 , 0
460 , 0
699 , 0
245 , 0
1 , 0
2 , 0
650 , 0
22 , 0
633 , 385
115 , 0
7 , 0
2 , 0
350 , 180
1 , 0
2 , 0
2751 , 2457
631 , 630
307 , 0
8 , 0
115 , 32
86 , 0
5 , 0
2776 , 2721
92 , 0
1892 , 681
278 , 260
2 , 0
1384 , 1382
1 , 0
140 , 0
4 , 0
2118 , 692
9 , 0
69 , 0
8103 , 8103
152 , 86
85 , 0
1 , 0
761 , 610
32 , 0
506 , 377
3 , 0
1 , 0
2 , 0
94 , 0
9636 , 9636
2 , 0
4 , 0
1 , 0
24 , 0
23 , 0
940 , 940
7886 , 7871
3 , 0
2843 , 2066
2 , 0
1659 , 1628
4 , 0
1293 , 1293
20 , 0
9739 , 8765
4698 , 3221
17 , 0
3 , 0
16 , 0
35 , 0
1646 , 0
3 , 0
1 , 0
101 , 6
18 , 0
532 , 144
4029 , 0
2610 , 2242
2276 , 1495
17 , 0
4 , 0
720 , 0
9800 , 8511
1963 , 1946
91 , 0
5328 , 3666
702 , 0
320 , 313
3 , 0
43 , 0
2686 , 2487
2 , 0
242 , 0
2262 , 898
919 , 0
11 , 0
5 , 0
21 , 0
33 , 0
1078 , 886
1761 , 1642
2402 , 0
1343 , 879
2 , 0
3 , 0
5976 , 5615
2 , 0
110 , 97
1 , 0
429 , 119
2332 , 0
2 , 0
13 , 0
96 , 0
4610 , 4344
1 , 0
4 , 0
6586 , 5666
2238 , 1740
1 , 0
4 , 0
517 , 0
7418 , 5914
3783 , 3677
129 , 100
514 , 0
118 , 114
4 , 0
1095 , 1026
1 , 0
58 , 0
108 , 25
44 , 0
1 , 0
94 , 0
18 , 0
5360 , 5249
3604 , 3284
335 , 0
153 , 0
1214 , 31
4 , 0
246 , 0
80 , 0
183 , 0
889 , 514
1398 , 1186
1 , 0
4908 , 4829
399 , 0
1 , 0
8 , 0
93 , 0
18 , 0
161 , 159
2 , 0
3238 , 3213
3550 , 3172
119 , 79
64 , 0
28 , 0
6227 , 3976
1005 , 1004
7962 , 7902
4 , 2
12 , 0
381 , 135
6 , 0
1 , 0
143 , 133
2 , 0
12 , 0
11 , 0
8 , 0
8 , 0
1 , 0
1 , 0
52 , 0
12 , 0
1447 , 888
3678 , 3143
47 , 0
8 , 0
2 , 0
6385 , 5047
4 , 0
1 , 0
1 , 0
74 , 0
28 , 0
56 , 0
1 , 0
17 , 0
3 , 0
3 , 0
1949 , 1096
36 , 0
309 , 0
11 , 0
8 , 0
1 , 1
129 , 0
1 , 0
19 , 0
93 , 0
1191 , 1050
7095 , 5577
6 , 0
1 , 0
154 , 154
1 , 0
35 , 0
172 , 0
821 , 521
174 , 0
6048 , 6012
433 , 121
366 , 0
1 , 0
9964 , 7294
10 , 0
154 , 137
827 , 212
209 , 0
1 , 0
2 , 0
7088 , 5511
2 , 0
2 , 0
43 , 0
165 , 0
38 , 0
3 , 0
1 , 0
620 , 501
16 , 14
19 , 0
4173 , 1641
166 , 91
3 , 0
6 , 0
1020 , 688
1 , 0
4790 , 4457
17 , 0
1 , 0
49 , 0
208 , 0
170 , 0
5 , 0
3 , 3
974 , 665
248 , 24
11 , 0
8127 , 7727
85 , 0
1559 , 1317
66 , 0
8 , 1
33 , 0
1681 , 1164
1897 , 1258
2 , 2
276 , 0
9303 , 6145
238 , 0
7 , 0
125 , 0
1 , 1
6 , 0
176 , 0
1039 , 1007
1 , 0
2327 , 2094
953 , 46
102 , 0
133 , 0
1727 , 1474
7 , 0
1 , 0
324 , 306
19 , 0
124 , 18
3059 , 2770
10 , 0
1696 , 1124
1542 , 0
2471 , 2294
1 , 0
4 , 0
103 , 0
2929 , 2534
308 , 167
3 , 0
18 , 0
31 , 25
244 , 244
24 , 0
5149 , 5148
718 , 420
1233 , 826
3949 , 2612
157 , 82
16 , 0
283 , 0
24 , 0
442 , 0
1065 , 363
114 , 0
45 , 27
6365 , 4819
9025 , 9025
5 , 0
5 , 5
1006 , 732
49 , 0
9 , 0
8 , 0
16 , 0
3 , 0
1543 , 1364
30 , 0
74 , 0
1808 , 1508
593 , 0
602 , 572
2 , 0
4316 , 3160
73 , 51
17 , 0
4194 , 4108
3 , 0
3354 , 3248
96 , 0
7 , 0
820 , 180
1223 , 935
4 , 0
6 , 0
3967 , 3844
2 , 0
1 , 0
12 , 0
212 , 0
6 , 0
114 , 6
306 , 0
36 , 29
28 , 24
3637 , 3128
2 , 0
18 , 0
1 , 0
939 , 919
4653 , 4511
23 , 0
30 , 0
868 , 765
264 , 0
4698 , 4670
7 , 0
1024 , 0
8 , 0
4 , 0
106 , 0
1128 , 0
1 , 0
561 , 265
6648 , 6092
1 , 0
403 , 5
1 , 0
1 , 0
40 , 0
1 , 0
1066 , 752
1 , 0
3495 , 3452
157 , 0
3 , 0
1 , 0
526 , 360
85 , 0
201 , 0
5 , 0
132 , 0
2 , 0
2 , 0
206 , 154
3082 , 1560
15 , 0
1 , 0
169 , 0
13 , 0
309 , 0
21 , 0
991 , 779
2 , 0
1 , 0
57 , 0
42 , 13
5456 , 4841
54 , 0
23 , 0
5 , 0
1 , 0
14 , 14
204 , 0
657 , 0
2 , 0
10 , 0
85 , 0
3 , 0
51 , 0
2388 , 2277
137 , 25
7 , 0
408 , 0
7714 , 7572
8071 , 7204
294 , 239
7530 , 6619
2 , 0
1 , 0
448 , 0
286 , 0
64 , 0
549 , 0
1309 , 705
382 , 372
1 , 0
7424 , 5367
1749 , 744
2 , 0
692 , 103
2 , 0
5 , 0
2 , 0
22 , 0
3 , 0
5 , 0
105 , 0
31 , 31
47 , 0
180 , 0
1802 , 1682
2555 , 85
2 , 0
54 , 32
1 , 0
2 , 0
1 , 0
2 , 0
1 , 0
1948 , 1400
56 , 0
2000 , 1742
25 , 0
518 , 494
178 , 0
162 , 0
258 , 0
1560 , 991
1 , 0
2 , 0
13 , 0
489 , 0
1 , 0
732 , 713
662 , 624
14 , 0
2 , 0
10 , 0
1674 , 1411
867 , 267
2 , 0
138 , 92
325 , 96
67 , 0
2484 , 2454
1118 , 860
19 , 0
6 , 0
582 , 347
123 , 118
4429 , 4065
1748 , 1602
707 , 667
8 , 0
7 , 0
10 , 0
2168 , 1975
40 , 0
1251 , 1251
160 , 1
203 , 0
676 , 410
18 , 14
12 , 0
8 , 0
2 , 0
1272 , 0
26 , 7
817 , 802
894 , 546
9480 , 9160
1320 , 0
14 , 0
16 , 0
699 , 0
4060 , 4028
3 , 0
3725 , 3559
2087 , 919
1589 , 1417
5 , 0
25 , 0
1 , 0
79 , 73
5 , 0
74 , 0
6919 , 6906
1424 , 0
59 , 0
37 , 0
65 , 0
464 , 0
83 , 41
6 , 0
2 , 0
23 , 0
4 , 0
16 , 0
5 , 0
674 , 1
8789 , 8506
7552 , 7413
70 , 0
6506 , 6101
129 , 0
2 , 0
69 , 0
25 , 0
113 , 0
17 , 0
2 , 0
5821 , 4228
190 , 0
7873 , 7608
19 , 0
4 , 0
252 , 247
2253 , 1764
1 , 0
1047 , 644
3 , 0
8932 , 8658
4305 , 4286
12 , 0
8 , 0
11 , 0
9 , 0
1 , 0
4 , 0
17 , 17
521 , 277
2197 , 1857
429 , 0
2 , 0
1808 , 1724
6 , 0
3641 , 3587
2 , 0
6090 , 5962
2 , 0
1 , 0
157 , 0
7 , 0
2 , 0
13 , 0
112 , 97
1 , 0
105 , 22
3093 , 2976
5350 , 4597
917 , 517
19 , 0
7 , 0
47 , 0
126 , 0
9840 , 8633
1 , 0
3 , 0
475 , 454
6 , 6
2099 , 982
28 , 0
4 , 0
4 , 0
327 , 0
7 , 0
8 , 0
61 , 0
2 , 0
2 , 0
12 , 0
61 , 0
3700 , 3688
8250 , 7943
972 , 804
191 , 89
710 , 651
1233 , 230
9973 , 9807
687 , 0
5 , 0
856 , 745
4 , 0
7 , 0
185 , 0
15 , 15
177 , 0
5 , 0
138 , 0
1837 , 1428
4 , 0
652 , 0
49 , 0
540 , 532
7 , 0
212 , 210
24 , 0
1 , 0
60 , 0
1 , 0
8 , 0
223 , 54
24 , 0
1012 , 147
244 , 0
8 , 0
52 , 0
8 , 0
479 , 477
6638 , 6596
8 , 0
8 , 0
3 , 0
6912 , 6382
1 , 0
1 , 0
4 , 0
5282 , 4262
203 , 0
12 , 0
423 , 193
1 , 0
4466 , 4349
13 , 8
4827 , 4763
189 , 0
1 , 0
4 , 0
634 , 0
3 , 0
4 , 0
377 , 0
12 , 0
5961 , 5958
47 , 0
211 , 202
20 , 0
43 , 0
288 , 261
12 , 0
2868 , 2756
12 , 0
108 , 81
207 , 0
133 , 0
4446 , 3880
117 , 105
71 , 0
400 , 193
3 , 0
33 , 0
45 , 0
52 , 0
3 , 0
22 , 0
6 , 0
499 , 0
1 , 0
2098 , 1737
1 , 0
7 , 0
8 , 0
133 , 38
105 , 0
829 , 619
206 , 0
6930 , 6106
5 , 0
83 , 76
36 , 0
690 , 504
840 , 347
10 , 0
9 , 7
43 , 0
20 , 0
76 , 0
12 , 0
1004 , 742
1 , 0
1 , 0
100 , 58
96 , 0
119 , 0
785 , 363
997 , 852
4 , 0
2 , 0
151 , 0
5 , 0
4220 , 2342
11 , 0
207 , 58
223 , 209
1 , 0
210 , 196
880 , 783
1 , 0
2499 , 2063
6432 , 5964
6416 , 5914
12 , 0
8484 , 8460
6 , 0
43 , 0
390 , 384
2 , 0
3 , 0
650 , 244
1 , 0
737 , 0
23 , 0
10 , 0
1932 , 1331
7963 , 7963
673 , 0
797 , 0
1 , 0
1335 , 1026
8315 , 7707
29 , 0
1661 , 1578
349 , 262
10 , 0
85 , 0
35 , 33
2 , 0
463 , 72
5 , 0
2022 , 1988
230 , 153
74 , 0
48 , 0
1561 , 861
1 , 0
733 , 98
118 , 0
9 , 0
2 , 0
1 , 0
228 , 0
1 , 0
36 , 0
138 , 111
63 , 0
102 , 50
1 , 0
1070 , 797
280 , 218
15 , 10
2639 , 2274
787 , 0
4 , 0
3005 , 2940
127 , 0
2 , 0
355 , 0
475 , 475
736 , 154
1 , 0
96 , 65
53 , 0
6307 , 5066
3217 , 2893
27 , 0
6 , 0
4783 , 4469
65 , 0
1142 , 1135
6 , 0
3 , 0
52 , 2
4046 , 2751
663 , 594
20 , 0
22 , 22
26 , 0
1 , 0
1584 , 1513
8320 , 7530
32 , 0
21 , 0
1 , 0
3286 , 2972
7660 , 7465
2923 , 2754
10 , 0
161 , 90
7 , 0
4381 , 3366
1 , 0
2475 , 1797
117 , 0
1 , 0
118 , 72
2 , 0
1 , 0
112 , 0
3 , 0
6 , 0
214 , 194
94 , 0
9375 , 8903
26 , 0
3 , 0
29 , 0
1945 , 1836
66 , 66
82 , 0
3 , 0
838 , 373
140 , 132
3000 , 2164
885 , 414
214 , 43
3 , 0
32 , 0
1 , 0
4200 , 2657
92 , 56
5860 , 4198
17 , 0
5 , 0
2606 , 2254
3 , 0
13 , 0
4434 , 4008
1799 , 1319
3 , 0
5 , 0
11 , 0
2310 , 2139
4936 , 4559
140 , 135
22 , 22
3413 , 2362
23 , 0
360 , 358
690 , 645
151 , 147
1 , 0
1458 , 1337
1 , 0
1 , 0
3 , 0
83 , 0
8250 , 8249
1324 , 333
59 , 17
26 , 0
752 , 70
1 , 0
267 , 0
315 , 287
11 , 0
7 , 0
10 , 0
2 , 0
5 , 0
2061 , 2038
64 , 0
1 , 0
12 , 0
10 , 0
2904 , 2887
3630 , 3525
283 , 281
12 , 0
23 , 0
627 , 128
1114 , 555
891 , 839
16 , 0
16 , 0
61 , 35
2 , 0
9 , 0
2 , 0
499 , 378
357 , 287
16 , 0
2 , 0
17 , 0
1212 , 257
63 , 0
10 , 0
5 , 0
9 , 0
7 , 0
2 , 0
190 , 0
6 , 0
41 , 30
3347 , 3209
1 , 0
1 , 0
70 , 70
1128 , 0
4 , 0
8 , 0
2922 , 2918
385 , 0
33 , 0
941 , 0
234 , 214
8442 , 8431
380 , 347
10 , 0
3 , 0
3 , 0
8454 , 7192
2 , 0
40 , 0
137 , 0
74 , 0
19 , 0
355 , 244
96 , 0
1539 , 1153
157 , 0
419 , 79
18 , 0
1 , 0
7 , 0
2 , 0
99 , 0
12 , 0
47 , 0
7 , 0
44 , 32
321 , 317
76 , 29
5776 , 5548
35 , 0
1220 , 225
408 , 0
576 , 339
182 , 156
3 , 0
75 , 0
273 , 0
5080 , 4674
2 , 0
1 , 0
2 , 0
46 , 0
1560 , 1464
3004 , 2989
26 , 0
684 , 0
22 , 0
7342 , 7278
7333 , 7284
267 , 0
193 , 192
91 , 21
233 , 168
2 , 0
285 , 0
1 , 0
391 , 64
5 , 0
1 , 0
662 , 625
84 , 48
63 , 43
4 , 0
1 , 0
1126 , 1039
1801 , 1649
334 , 246
1 , 0
19 , 0
12 , 0
5744 , 4731
825 , 715
6 , 0
6132 , 5353
2 , 0
406 , 259
634 , 396
40 , 0
1 , 0
98 , 0
1 , 0
437 , 0
103 , 83
12 , 0
1796 , 89
8 , 0
1 , 0
132 , 0
6385 , 6336
1 , 0
1917 , 0
34 , 0
3551 , 2366
26 , 0
180 , 0
321 , 0
6 , 0
1335 , 1113
1 , 0
142 , 110
1 , 0
11 , 0
222 , 0
357 , 196
465 , 465
2337 , 1769
8 , 0
380 , 317
1 , 0
7010 , 6796
21 , 0
5 , 0
2 , 0
82 , 0
332 , 31
1924 , 1806
6097 , 4244
3336 , 2771
4 , 0
84 , 77
1028 , 754
1 , 0
2 , 0
8 , 0
60 , 0
96 , 0
2324 , 871
2341 , 2340
19 , 0
65 , 0
36 , 0
4754 , 4447
15 , 0
72 , 0
48 , 0
995 , 843
1 , 0
2886 , 2838
261 , 0
7684 , 6929
8922 , 8781
26 , 0
113 , 0
9110 , 9027
585 , 396
198 , 0
8 , 0
24 , 8
772 , 0
937 , 273
526 , 344
19 , 0
205 , 0
179 , 0
1381 , 1092
8094 , 8076
4 , 0
15 , 0
3 , 0
3 , 0
1 , 0
36 , 0
11 , 11
101 , 100
109 , 0
44 , 43
3593 , 3356
346 , 215
1 , 0
3334 , 3187
980 , 687
1 , 0
7 , 0
5 , 0
94 , 49
22 , 0
126 , 0
2 , 0
145 , 122
3039 , 2635
7 , 0
54 , 0
2 , 0
204 , 0
1240 , 1237
1 , 0
13 , 0
844 , 600
524 , 14
59 , 0
152 , 100
750 , 0
486 , 398
54 , 0
7639 , 7058
138 , 108
1 , 0
1 , 0
47 , 0
7 , 0
551 , 255
218 , 218
14 , 0
2317 , 2297
9563 , 9536
249 , 243
1 , 0
24 , 0
1 , 0
35 , 0
36 , 5
1 , 0
1014 , 564
11 , 0
3799 , 3556
105 , 0
12 , 0
548 , 0
813 , 513
57 , 13
2 , 0
2 , 0
6611 , 5686
163 , 160
12 , 0
1 , 0
24 , 0
1333 , 1147
6 , 0
6774 , 6682
10 , 0
113 , 110
402 , 316
11 , 0
3 , 0
329 , 288
2 , 0
7 , 7
213 , 103
3 , 3
7207 , 7130
5382 , 4721
441 , 385
8 , 0
1 , 0
77 , 60
7399 , 6572
25 , 0
142 , 90
41 , 0
6 , 0
24 , 0
8 , 0
8180 , 8157
2 , 0
129 , 0
329 , 0
866 , 667
105 , 0
7320 , 7182
6 , 5
11 , 0
2 , 0
2 , 0
2 , 0
3207 , 2173
27 , 25
52 , 18
2 , 0
6 , 0
28 , 0
1 , 0
1 , 0
163 , 0
80 , 0
4 , 0
54 , 0
439 , 247
100 , 62
1596 , 928
1 , 0
9806 , 9626
5 , 0
1527 , 953
586 , 534
4047 , 3921
8 , 0
491 , 0
3 , 0
239 , 18
9989 , 9597
25 , 0
698 , 305
291 , 207
4885 , 3803
364 , 329
1385 , 961
156 , 132
2 , 0
3 , 0
2 , 0
80 , 0
7 , 3
12 , 0
1 , 0
4 , 0
9 , 0
474 , 101
58 , 48
6233 , 6208
1 , 0
7496 , 6577
5 , 0
660 , 0
4145 , 3198
6 , 0
1 , 0
14 , 0
27 , 27
5 , 0
220 , 18
558 , 292
10 , 0
83 , 82
6 , 0
1 , 0
13 , 0
50 , 0
334 , 0
2186 , 1696
25 , 25
3471 , 3458
106 , 0
20 , 20
565 , 560
124 , 0
784 , 220
4301 , 3696
1035 , 1005
82 , 0
246 , 104
172 , 0
5 , 0
4 , 0
100 , 100
1 , 0
3 , 0
1 , 0
703 , 117
470 , 0
173 , 173
54 , 0
3 , 0
4646 , 4645
130 , 45
28 , 1
4 , 0
844 , 74
1 , 0
1 , 0
3048 , 3032
1865 , 1697
1 , 0
264 , 168
137 , 0
4 , 0
40 , 0
2490 , 2215
1 , 0
19 , 15
75 , 59
3 , 0
138 , 128
3288 , 2101
204 , 0
1 , 0
66 , 64
1 , 0
8318 , 8188
5 , 0
2218 , 1549
12 , 0
705 , 1
7113 , 7113
7 , 0
4683 , 4526
602 , 399
228 , 0
1504 , 1426
11 , 0
16 , 0
9287 , 5459
2274 , 2154
788 , 720
270 , 139
1319 , 1318
122 , 0
181 , 0
326 , 326
15 , 0
188 , 174
11 , 0
9057 , 9057
21 , 0
4 , 0
35 , 6
3944 , 2843
10 , 0
13 , 0
102 , 0
4341 , 4164
2 , 0
1015 , 866
2180 , 1627
3 , 0
138 , 138
1 , 0
1 , 0
21 , 0
293 , 63
64 , 0
1750 , 1534
1 , 0
588 , 587
1 , 0
80 , 0
12 , 0
1752 , 1727
7 , 0
1548 , 1545
59 , 57
3628 , 3626
40 , 0
321 , 283
259 , 0
109 , 3
14 , 0
19 , 0
1129 , 1077
2012 , 1939
1 , 0
34 , 0
10 , 0
8 , 0
26 , 0
5 , 0
5 , 0
1 , 0
133 , 0
1 , 0
499 , 254
61 , 0
5 , 5
1 , 0
2264 , 1978
1074 , 1073
7 , 0
9 , 0
18 , 0
441 , 0
2 , 0
1 , 0
1 , 0
82 , 40
1 , 0
1 , 0
452 , 261
2 , 0
5 , 0
305 , 0
6 , 0
790 , 323
10 , 0
104 , 0
247 , 127
1 , 0
98 , 32
1122 , 821
13 , 0
1282 , 567
9 , 0
12 , 12
7 , 0
3 , 0
2 , 0
9687 , 9578
419 , 322
36 , 0
1420 , 1194
2414 , 2412
9 , 0
1 , 0
1 , 0
1 , 0
689 , 181
5276 , 5239
24 , 0
1213 , 1176
5 , 0
21 , 0
111 , 86
2 , 0
1240 , 86
4360 , 3904
1935 , 1539
6318 , 6180
3 , 0
468 , 212
25 , 0
1212 , 1117
6 , 5
61 , 0
6713 , 6654
143 , 116
28 , 0
1414 , 1304
1708 , 1145
2318 , 406
27 , 0
1 , 0
16 , 0
7 , 0
12 , 0
20 , 0
19 , 0
4 , 0
771 , 710
4 , 4
1507 , 1479
468 , 299
440 , 420
810 , 535
131 , 5
6001 , 5976
6 , 0
3 , 0
93 , 32
17 , 12
18 , 0
3 , 0
1579 , 1566
8963 , 8393
1 , 0
1 , 0
221 , 108
1446 , 1419
1 , 0
40 , 0
509 , 389
4872 , 3909
2 , 0
103 , 0
26 , 9
3 , 0
1 , 0
9 , 0
1303 , 1033
36 , 0
127 , 102
303 , 39
5 , 0
8890 , 8867
3104 , 2582
541 , 534
2 , 0
76 , 20
4679 , 3812
1 , 0
12 , 0
5 , 0
8 , 0
57 , 0
72 , 0
5 , 0
6 , 0
18 , 0
5 , 0
11 , 0
886 , 852
133 , 130
1 , 0
11 , 0
76 , 0
3094 , 2857
151 , 23
2 , 0
18 , 0
27 , 0
4483 , 4475
7241 , 7227
23 , 0
1 , 0
1337 , 961
596 , 303
5997 , 5992
1776 , 1763
2 , 0
15 , 0
4254 , 3571
2 , 0
3091 , 2450
1 , 0
2 , 0
55 , 0
322 , 0
307 , 153
1 , 0
3 , 0
4244 , 3680
420 , 0
1 , 1
69 , 69
401 , 375
9523 , 9120
112 , 0
4267 , 4031
66 , 0
1 , 1
2 , 0
6443 , 6044
2 , 0
96 , 0
1 , 0
17 , 14
2256 , 2252
3 , 0
423 , 419
1212 , 1067
9 , 0
36 , 0
6 , 0
3266 , 3077
25 , 0
304 , 294
431 , 339
1 , 0
3 , 0
1 , 0
5 , 0
4935 , 4306
2 , 0
4 , 0
65 , 0
6 , 0
3944 , 3898
3380 , 3292
37 , 0
1404 , 919
3 , 0
1 , 0
15 , 0
2 , 0
4 , 0
6603 , 6600
6834 , 6815
18 , 0
8446 , 8416
1058 , 579
242 , 0
56 , 30
7261 , 7243
7 , 0
2946 , 2373
67 , 0
38 , 0
3 , 0
2 , 0
1 , 0
12 , 0
87 , 0
719 , 0
47 , 12
1044 , 1039
4 , 0
2147 , 1784
6382 , 6361
1 , 0
2340 , 2326
43 , 0
6674 , 6664
880 , 378
3012 , 2949
227 , 13
6 , 0
1 , 0
2 , 0
439 , 302
38 , 0
445 , 444
13 , 0
1 , 0
32 , 0
32 , 0
965 , 923
6797 , 6750
2550 , 2183
13 , 0
9672 , 9662
1571 , 1569
702 , 55
1232 , 1230
28 , 0
64 , 0
345 , 0
11 , 0
3228 , 3172
15 , 0
1 , 0
2 , 0
1 , 0
12 , 0
2 , 0
14 , 0
363 , 356
636 , 301
1 , 0
291 , 281
258 , 134
28 , 0
10 , 0
72 , 0
406 , 0
17 , 0
9258 , 9235
57 , 57
13 , 0
1 , 0
1 , 0
6 , 0
8421 , 8421
281 , 0
1 , 0
1 , 0
620 , 101
3 , 0
18 , 0
27 , 0
6599 , 6573
5846 , 5512
4 , 0
1389 , 1041
427 , 379
12 , 0
416 , 205
1 , 0
4220 , 4030
1 , 0
890 , 889
1 , 0
2819 , 2818
5 , 0
495 , 0
191 , 181
89 , 0
5 , 0
2 , 0
1 , 0
69 , 45
3 , 0
8577 , 8527
2215 , 2001
14 , 0
967 , 906
2 , 0
21 , 0
8 , 0
1 , 0
220 , 210
67 , 0
20 , 0
509 , 0
440 , 325
441 , 0
4 , 0
72 , 0
1686 , 1235
18 , 0
401 , 365
8428 , 8398
135 , 31
6 , 0
9 , 0
7129 , 6770
21 , 0
960 , 682
5688 , 5619
45 , 0
94 , 0
64 , 0
1 , 0
11 , 0
3870 , 3749
1092 , 1092
6816 , 5864
18 , 5
54 , 0
4413 , 4396
3 , 0
11 , 0
777 , 749
1741 , 1539
59 , 0
7 , 0
424 , 424
3 , 0
112 , 0
1 , 0
27 , 0
1 , 0
32 , 13
922 , 801
23 , 12
82 , 82
251 , 245
867 , 828
135 , 0
20 , 0
26 , 0
21 , 0
38 , 0
1758 , 1701
144 , 119
2 , 0
38 , 0
1 , 1
1315 , 1113
4032 , 3759
646 , 637
2118 , 1727
1 , 0
3820 , 2959
3 , 0
21 , 0
6 , 0
776 , 562
946 , 855
1 , 0
9 , 0
4 , 0
5 , 0
5067 , 2519
1 , 0
76 , 52
1 , 0
11 , 0
4538 , 4015
27 , 0
2 , 0
4 , 0
1363 , 700
1 , 0
97 , 9
1581 , 1008
2905 , 2855
4422 , 3620
7 , 0
17 , 17
1988 , 1971
224 , 0
24 , 10
278 , 0
10 , 0
130 , 0
9393 , 9362
85 , 49
169 , 0
1 , 0
8 , 0
3234 , 2501
9170 , 9164
110 , 97
1 , 0
4 , 0
2 , 0
74 , 0
1070 , 1031
1 , 0
1 , 0
2 , 0
2 , 0
28 , 0
927 , 917
82 , 0
1 , 0
4846 , 4598
22 , 0
19 , 0
71 , 0
14 , 0
64 , 0
31 , 0
3 , 0
422 , 150
1619 , 1462
174 , 0
292 , 106
71 , 0
81 , 53
129 , 0
645 , 311
3999 , 3684
2 , 0
8 , 0
5 , 0
7 , 0
1 , 0
14 , 0
356 , 345
22 , 0
2 , 0
4 , 0
10 , 0
575 , 414
54 , 0
8531 , 8530
2994 , 2624
1186 , 1065
83 , 55
1 , 0
2 , 0
5 , 3
90 , 0
5462 , 5374
28 , 0
164 , 73
18 , 18
28 , 0
23 , 0
144 , 144
2542 , 1026
8 , 0
130 , 69
77 , 30
30 , 12
6 , 0
8 , 0
69 , 42
10 , 4
1252 , 1091
3794 , 3745
1 , 0
545 , 544
2 , 0
3 , 0
10 , 0
2 , 0
60 , 0
