83 , 76
23 , 0
1911 , 1759
60 , 0
161 , 161
450 , 439
171 , 171
57 , 0
804 , 804
3 , 3
25 , 0
13 , 9
17 , 17
3630 , 3630
1 , 1
148 , 146
8 , 8
1268 , 1268
51 , 51
5 , 3
43 , 40
2642 , 2640
2529 , 2528
2 , 2
21 , 21
1 , 1
8 , 5
45 , 0
2 , 0
89 , 0
5196 , 5195
6 , 0
497 , 497
63 , 38
1 , 1
288 , 282
1430 , 1430
4 , 3
230 , 0
777 , 777
5 , 0
765 , 765
2 , 0
17 , 17
851 , 848
3737 , 3737
6 , 6
7 , 7
1 , 1
31 , 26
94 , 64
904 , 900
12 , 12
495 , 495
147 , 124
314 , 243
90 , 80
475 , 474
2 , 2
100 , 0
31 , 0
2 , 2
20 , 20
5 , 5
6 , 6
2 , 2
268 , 268
2721 , 2721
1785 , 1785
35 , 35
1035 , 1035
1 , 1
3 , 0
662 , 662
9089 , 9089
562 , 433
611 , 610
83 , 83
27 , 9
56 , 25
1520 , 0
1 , 1
19 , 15
515 , 515
9431 , 9038
3 , 0
5131 , 5115
1 , 1
4263 , 4261
36 , 30
2 , 2
2 , 0
1 , 0
1 , 0
14 , 14
1 , 0
22 , 15
4780 , 4780
2 , 2
200 , 200
8 , 8
22 , 22
39 , 32
370 , 370
304 , 304
45 , 45
164 , 0
176 , 55
545 , 544
2619 , 2619
5140 , 5071
1 , 0
10 , 10
281 , 281
656 , 619
27 , 27
1109 , 1109
385 , 360
5 , 0
1 , 0
5 , 0
267 , 267
6384 , 6347
28 , 28
11 , 10
344 , 344
9038 , 9038
1 , 1
26 , 26
3686 , 3092
15 , 15
1278 , 1276
29 , 0
1328 , 1324
4 , 4
39 , 38
166 , 30
520 , 520
1 , 0
119 , 95
197 , 190
16 , 16
10 , 3
1 , 1
71 , 0
2 , 0
1684 , 1684
47 , 0
20 , 20
5239 , 5239
12 , 12
563 , 520
498 , 464
1 , 0
24 , 24
293 , 293
34 , 34
1 , 1
19 , 19
8844 , 8841
49 , 0
68 , 59
4 , 4
1477 , 1460
101 , 101
2 , 2
207 , 201
76 , 67
39 , 39
9 , 9
1619 , 1619
1 , 0
227 , 0
453 , 438
53 , 0
2839 , 2839
14 , 14
3922 , 3918
3896 , 3896
4 , 4
2042 , 2041
109 , 109
681 , 0
51 , 0
166 , 166
259 , 259
1 , 1
19 , 19
31 , 28
138 , 130
1 , 0
116 , 116
16 , 16
1 , 0
1 , 0
2 , 1
2 , 2
70 , 60
91 , 91
18 , 5
80 , 75
12 , 0
1 , 0
1 , 1
2 , 2
6 , 6
1 , 1
1 , 1
163 , 163
85 , 85
11 , 0
87 , 52
2 , 0
3 , 0
2 , 0
4536 , 4534
1005 , 1001
737 , 737
5 , 4
3901 , 3901
1 , 1
6 , 6
1 , 1
2817 , 2804
8 , 0
8 , 5
770 , 768
119 , 28
188 , 146
18 , 16
644 , 644
2065 , 2065
24 , 0
124 , 124
469 , 469
92 , 92
91 , 81
326 , 326
16 , 0
16 , 0
104 , 104
1 , 0
1175 , 1175
3641 , 3500
7 , 7
73 , 73
32 , 26
3 , 3
4423 , 4414
3 , 3
16 , 6
34 , 32
8 , 0
232 , 232
11 , 11
7 , 5
5 , 5
2 , 0
1409 , 1404
2319 , 2305
76 , 76
117 , 117
33 , 33
5 , 0
1318 , 1318
55 , 55
2 , 2
165 , 164
60 , 0
265 , 0
28 , 0
2 , 0
26 , 26
3153 , 3126
21 , 0
6718 , 6718
52 , 12
4 , 2
231 , 231
1142 , 1136
2469 , 2332
139 , 139
268 , 112
35 , 35
1 , 0
11 , 11
148 , 148
1048 , 979
6 , 6
36 , 0
10 , 0
21 , 19
2314 , 2314
67 , 67
2087 , 2087
8902 , 7629
399 , 399
132 , 132
2 , 2
1242 , 1186
20 , 14
1919 , 1870
520 , 520
9 , 0
1064 , 1041
5 , 0
1 , 1
25 , 25
6 , 6
17 , 17
1431 , 1419
1 , 0
103 , 103
1 , 1
9393 , 9379
5476 , 845
4379 , 4379
9324 , 9281
4 , 0
69 , 68
3730 , 3730
19 , 15
15 , 15
1 , 0
15 , 9
1 , 0
7 , 0
3931 , 3929
1 , 1
24 , 7
9 , 4
3913 , 3913
1 , 0
1863 , 1855
32 , 0
1 , 1
2670 , 2670
16 , 16
332 , 297
1226 , 1226
8 , 0
3 , 0
95 , 94
3727 , 3727
249 , 249
7 , 0
2065 , 2065
1876 , 1875
72 , 66
3812 , 3812
1 , 1
427 , 427
17 , 17
226 , 226
3331 , 2963
1 , 1
72 , 64
310 , 301
6340 , 6340
807 , 807
6969 , 6969
2 , 2
16 , 6
2638 , 2637
1 , 0
3657 , 3438
5572 , 5572
554 , 554
219 , 216
7299 , 7297
1 , 1
153 , 153
16 , 16
36 , 17
5 , 0
630 , 630
2034 , 2034
40 , 10
38 , 38
1 , 1
4 , 0
40 , 40
31 , 0
2 , 1
12 , 0
221 , 221
130 , 115
60 , 52
5593 , 5511
30 , 30
100 , 0
5 , 0
25 , 25
4110 , 4107
1759 , 1714
3 , 0
2014 , 2014
359 , 357
2112 , 2086
680 , 680
13 , 9
2 , 0
5 , 0
98 , 58
1858 , 1843
75 , 75
15 , 14
4737 , 4736
28 , 19
3 , 0
3 , 0
1 , 1
5 , 5
3194 , 3194
126 , 74
98 , 0
588 , 503
4 , 4
128 , 127
45 , 0
16 , 0
52 , 36
991 , 0
4 , 0
41 , 41
2382 , 1817
3 , 3
38 , 37
203 , 183
1 , 0
3129 , 3108
3 , 0
189 , 175
557 , 499
834 , 684
1 , 1
5 , 5
3132 , 3128
12 , 9
1553 , 1551
8 , 8
274 , 274
1 , 0
1058 , 1058
6 , 6
55 , 55
1 , 0
79 , 79
18 , 18
10 , 0
45 , 45
272 , 272
2 , 2
26 , 26
24 , 19
2580 , 2580
21 , 21
1 , 0
1 , 0
7803 , 7803
12 , 12
3956 , 3956
13 , 0
16 , 16
9 , 7
9130 , 9120
54 , 0
83 , 83
2 , 2
74 , 58
12 , 9
1878 , 1841
3478 , 3478
824 , 824
3 , 0
578 , 575
24 , 24
9363 , 9360
7028 , 6771
7405 , 7405
2263 , 2253
427 , 406
1 , 1
11 , 4
215 , 215
6 , 0
1 , 1
4 , 0
13 , 13
3235 , 3134
456 , 456
4 , 0
1306 , 1302
15 , 12
71 , 43
21 , 0
12 , 0
745 , 744
63 , 63
6 , 0
1 , 0
72 , 71
21 , 21
2480 , 2477
8521 , 8509
239 , 0
781 , 316
19 , 11
5 , 3
418 , 225
60 , 13
23 , 0
1 , 0
2 , 0
2 , 0
289 , 287
1881 , 1881
1 , 1
756 , 614
1 , 1
4524 , 4524
7 , 3
4 , 4
7 , 0
1618 , 1586
2 , 2
1 , 0
127 , 76
7 , 0
1486 , 1486
28 , 0
322 , 322
84 , 75
620 , 604
7166 , 7165
18 , 18
12 , 12
5 , 0
13 , 0
9017 , 9017
83 , 81
592 , 592
8288 , 8288
310 , 310
30 , 16
11 , 0
2 , 0
403 , 317
4 , 0
2437 , 2436
110 , 104
10 , 9
9848 , 9777
43 , 15
14 , 0
775 , 775
11 , 6
2 , 0
1 , 0
2850 , 2850
166 , 164
3 , 0
2 , 0
33 , 0
8 , 0
1876 , 1876
2688 , 2662
15 , 0
3 , 3
1090 , 1075
14 , 0
222 , 220
488 , 487
839 , 609
99 , 99
4 , 0
9 , 0
116 , 0
2210 , 2178
80 , 23
7118 , 7112
20 , 20
16 , 0
27 , 27
8 , 7
1 , 0
327 , 255
1 , 0
25 , 25
5 , 0
1 , 0
4 , 4
3 , 0
47 , 47
30 , 30
14 , 0
203 , 108
143 , 134
20 , 20
160 , 160
42 , 42
1553 , 1553
89 , 60
41 , 0
97 , 97
4955 , 4869
208 , 87
7 , 0
4300 , 4260
2 , 0
48 , 46
971 , 964
8 , 0
107 , 107
4004 , 4004
5 , 5
2146 , 2145
609 , 609
2 , 2
3 , 0
3 , 0
1367 , 1140
6146 , 6146
4885 , 4879
689 , 613
2 , 2
40 , 40
6 , 1
15 , 0
4 , 0
212 , 198
633 , 631
3 , 1
8 , 8
1 , 1
3 , 3
2241 , 2189
3932 , 3892
2764 , 2731
15 , 0
73 , 71
28 , 27
3 , 3
8 , 8
1080 , 1080
9 , 0
4676 , 4525
289 , 289
117 , 110
4 , 0
63 , 63
3330 , 3074
33 , 29
4 , 0
28 , 28
309 , 308
2527 , 2338
183 , 179
593 , 0
26 , 16
69 , 34
20 , 0
4268 , 4268
585 , 578
87 , 86
760 , 372
172 , 170
1 , 0
57 , 57
874 , 870
21 , 21
5458 , 5441
2204 , 1882
1574 , 1574
428 , 304
1157 , 1157
299 , 299
458 , 458
3 , 0
42 , 15
5 , 0
1387 , 1387
504 , 483
2 , 0
656 , 573
635 , 635
11 , 11
8642 , 8642
2772 , 2733
35 , 0
10 , 0
7 , 7
4 , 4
60 , 38
2208 , 2199
2 , 2
65 , 55
44 , 44
866 , 866
1 , 0
532 , 532
4567 , 4567
3 , 3
1334 , 1334
1766 , 1766
115 , 112
1 , 0
211 , 211
86 , 86
241 , 225
1 , 0
3 , 3
40 , 16
8 , 8
3 , 3
500 , 500
395 , 395
1015 , 1012
8917 , 8917
1370 , 1182
40 , 0
199 , 199
2 , 0
1 , 1
48 , 48
2 , 2
823 , 823
20 , 0
7128 , 7031
117 , 0
10 , 10
4 , 0
5291 , 5291
2 , 2
795 , 795
10 , 10
271 , 271
3779 , 3779
13 , 0
3 , 0
421 , 421
506 , 294
57 , 57
6 , 0
33 , 33
2 , 2
1703 , 1703
4737 , 4737
11 , 8
2 , 2
52 , 0
643 , 643
49 , 49
6320 , 6320
200 , 187
1 , 0
1236 , 1236
2 , 0
16 , 16
585 , 566
1402 , 1402
414 , 412
296 , 202
7350 , 7350
14 , 12
1514 , 1445
6 , 6
13 , 13
99 , 99
3183 , 3183
1 , 1
1045 , 1045
43 , 43
1568 , 1496
2 , 2
788 , 788
2 , 2
3216 , 3216
274 , 273
15 , 14
10 , 10
1737 , 1599
1 , 1
1616 , 556
1 , 0
155 , 155
777 , 418
8372 , 8372
89 , 0
298 , 288
81 , 74
87 , 87
136 , 133
229 , 228
23 , 23
1 , 1
1 , 1
77 , 76
4738 , 4738
221 , 0
3153 , 3024
75 , 75
27 , 27
34 , 0
1 , 1
499 , 499
8 , 0
314 , 102
1940 , 1912
2540 , 2540
7605 , 7537
3844 , 3841
64 , 36
1 , 0
33 , 33
8074 , 8073
216 , 216
1835 , 135
3289 , 3283
878 , 764
1 , 0
7 , 0
1424 , 1409
3322 , 3149
22 , 22
119 , 119
4 , 4
1865 , 1865
39 , 19
2 , 0
462 , 462
256 , 253
6789 , 6789
1 , 0
46 , 42
1323 , 1229
36 , 36
320 , 124
676 , 470
25 , 25
10 , 0
1 , 0
2 , 2
351 , 351
391 , 386
210 , 203
1 , 0
129 , 122
4 , 0
28 , 20
26 , 0
5 , 5
234 , 230
3 , 3
114 , 0
253 , 253
529 , 528
81 , 76
1 , 0
113 , 110
65 , 62
45 , 42
5 , 0
605 , 605
3 , 3
17 , 0
5663 , 5663
52 , 5
128 , 102
249 , 249
125 , 0
6738 , 6574
1 , 1
73 , 73
48 , 0
7872 , 7872
2 , 2
2 , 0
5 , 5
1058 , 1058
88 , 88
334 , 326
269 , 269
1 , 0
682 , 682
50 , 0
1 , 0
1259 , 1229
61 , 61
1836 , 1836
1 , 0
4477 , 4477
212 , 172
3 , 2
3858 , 3823
2264 , 2264
3049 , 3049
40 , 35
64 , 17
13 , 9
370 , 370
148 , 103
1 , 0
156 , 154
2255 , 2043
39 , 24
2 , 0
2 , 2
631 , 622
144 , 144
88 , 88
131 , 71
10 , 10
8 , 8
1 , 0
1948 , 1948
1689 , 1606
3 , 3
8877 , 8877
623 , 623
15 , 0
3 , 1
8404 , 8397
698 , 698
100 , 100
279 , 267
18 , 18
4520 , 4520
190 , 181
212 , 133
1 , 0
405 , 404
356 , 319
3614 , 3614
2 , 0
5933 , 5925
333 , 0
1 , 1
3 , 0
10 , 0
14 , 0
3431 , 3424
1 , 0
4253 , 4235
12 , 12
108 , 101
263 , 76
15 , 0
3 , 3
1 , 0
1 , 0
515 , 13
45 , 0
1024 , 974
8652 , 8486
82 , 82
176 , 176
8 , 0
1 , 1
5 , 0
1 , 1
4 , 0
94 , 35
2 , 0
56 , 49
2167 , 2167
3661 , 3661
26 , 26
3 , 3
1 , 0
3 , 0
982 , 881
9739 , 9736
510 , 502
24 , 13
44 , 43
1 , 0
1 , 0
33 , 8
9251 , 9209
1 , 1
1 , 0
964 , 964
96 , 35
158 , 120
28 , 0
5 , 0
3480 , 3023
4178 , 4178
195 , 195
19 , 19
23 , 0
1 , 0
7531 , 7531
4 , 0
2 , 0
21 , 7
6698 , 6698
43 , 0
54 , 0
294 , 0
6 , 4
3 , 0
1 , 0
3390 , 3385
8 , 8
529 , 529
884 , 784
24 , 23
109 , 109
36 , 36
89 , 89
2419 , 2365
1 , 0
4 , 4
1 , 0
44 , 44
9769 , 9769
106 , 103
1 , 1
242 , 130
1 , 1
63 , 34
144 , 144
641 , 1
1413 , 1413
897 , 896
1 , 1
64 , 33
7 , 7
1 , 1
2 , 0
260 , 227
6146 , 6141
18 , 18
1063 , 1063
2306 , 2237
444 , 177
284 , 282
12 , 0
532 , 209
57 , 30
82 , 82
21 , 21
3 , 0
2122 , 2122
96 , 84
6450 , 6447
989 , 781
2 , 0
432 , 432
21 , 16
36 , 36
22 , 22
2247 , 2247
279 , 279
887 , 887
204 , 204
19 , 19
1 , 1
85 , 84
409 , 409
8 , 8
2 , 2
50 , 30
11 , 11
3433 , 3433
3937 , 3937
540 , 539
40 , 39
4 , 0
995 , 993
19 , 16
5 , 0
21 , 9
2 , 2
72 , 0
2 , 0
27 , 27
3021 , 3021
8 , 8
1391 , 1391
7 , 7
15 , 2
165 , 165
580 , 579
532 , 531
7 , 0
2 , 2
632 , 632
1 , 0
6 , 6
13 , 0
118 , 110
1354 , 1354
1 , 0
4 , 3
25 , 7
4249 , 4249
2773 , 1467
6183 , 6178
244 , 56
7 , 7
14 , 0
5572 , 5569
4344 , 4343
1 , 0
4 , 1
1 , 0
530 , 530
2 , 0
301 , 47
4 , 4
63 , 63
1628 , 1628
615 , 614
31 , 30
5246 , 5191
114 , 0
871 , 717
203 , 179
285 , 285
1439 , 1437
8537 , 8484
34 , 33
6959 , 6956
43 , 43
1634 , 1603
38 , 0
16 , 16
5733 , 5674
2 , 0
4 , 0
97 , 97
4886 , 4804
339 , 0
116 , 114
5314 , 5313
26 , 26
379 , 379
534 , 393
77 , 77
7 , 7
29 , 29
163 , 101
22 , 0
1 , 0
2084 , 2084
727 , 727
1 , 0
234 , 0
8 , 4
2152 , 2026
3 , 3
8 , 0
12 , 12
1693 , 1334
8 , 0
4117 , 4117
8007 , 8007
57 , 0
4 , 2
1027 , 959
359 , 359
925 , 925
1 , 0
43 , 43
436 , 435
129 , 0
3 , 2
3 , 0
59 , 0
112 , 111
3010 , 2878
1 , 1
1 , 0
24 , 19
28 , 28
29 , 29
1 , 0
4659 , 4659
204 , 204
1 , 1
17 , 2
689 , 688
407 , 407
8 , 0
1 , 0
7 , 7
225 , 0
2004 , 2004
8 , 8
1 , 1
33 , 33
4 , 4
80 , 0
748 , 746
183 , 104
313 , 309
123 , 119
5153 , 2669
19 , 19
9 , 9
151 , 150
4172 , 4170
2 , 0
709 , 647
7149 , 7148
2 , 2
3 , 0
5024 , 5020
34 , 34
2670 , 2670
2745 , 2299
1 , 0
2805 , 2795
2 , 0
34 , 31
5213 , 5213
1 , 0
973 , 953
31 , 0
34 , 0
5725 , 5725
13 , 9
3570 , 3570
46 , 39
2 , 0
455 , 453
114 , 0
20 , 20
1324 , 0
892 , 886
2398 , 2398
2 , 0
136 , 136
13 , 9
83 , 83
41 , 41
174 , 174
5742 , 5742
11 , 0
4757 , 4757
1 , 0
448 , 448
33 , 33
31 , 3
3 , 0
19 , 19
13 , 0
27 , 27
13 , 0
352 , 352
138 , 138
1263 , 943
95 , 88
5618 , 5614
16 , 16
6 , 5
1 , 0
489 , 318
209 , 0
9 , 9
147 , 147
1453 , 1383
2 , 1
382 , 382
1 , 1
943 , 943
71 , 33
125 , 125
199 , 199
8135 , 8135
17 , 17
2 , 0
51 , 51
64 , 0
14 , 14
7 , 6
4072 , 4057
64 , 60
10 , 10
992 , 929
19 , 0
2 , 0
1 , 1
2 , 0
4 , 4
1 , 1
173 , 0
242 , 242
7952 , 7951
7 , 0
35 , 35
3551 , 3525
15 , 12
1 , 1
18 , 16
10 , 0
118 , 118
864 , 864
28 , 28
28 , 28
2700 , 2695
1061 , 1053
1365 , 1322
15 , 14
12 , 12
35 , 35
14 , 14
1 , 1
228 , 219
1 , 1
16 , 0
102 , 84
28 , 12
2108 , 2108
4575 , 4575
35 , 31
915 , 901
1 , 0
59 , 0
5861 , 5860
3 , 0
2934 , 2837
157 , 149
15 , 15
129 , 129
47 , 0
1442 , 1442
42 , 38
2 , 0
1 , 0
608 , 608
3 , 3
1 , 1
3463 , 3463
3675 , 3675
182 , 182
17 , 17
579 , 579
1803 , 1802
1046 , 1046
768 , 768
117 , 117
1 , 1
3596 , 3521
4765 , 4765
3463 , 3460
70 , 57
73 , 73
1 , 0
5185 , 5185
104 , 102
117 , 115
8 , 8
48 , 29
5 , 0
9204 , 9201
4 , 0
51 , 40
1189 , 1189
2466 , 2464
241 , 213
3301 , 3300
4176 , 3981
157 , 157
20 , 0
3 , 0
44 , 40
82 , 82
5736 , 5592
14 , 13
1 , 1
1 , 1
3 , 0
564 , 562
4 , 4
263 , 0
2761 , 2759
436 , 350
32 , 31
374 , 243
6739 , 6651
11 , 11
16 , 5
4 , 0
78 , 78
3 , 2
3219 , 2942
271 , 271
379 , 354
3993 , 3985
27 , 27
3404 , 3153
4867 , 4867
7312 , 7312
2 , 0
2327 , 2325
280 , 280
38 , 0
99 , 33
812 , 505
44 , 23
8628 , 8553
128 , 128
1053 , 1053
2557 , 2557
66 , 0
21 , 0
146 , 145
6 , 6
195 , 195
2 , 0
87 , 87
1 , 1
2 , 0
3660 , 3660
12 , 0
117 , 117
613 , 612
1 , 0
4 , 0
10 , 0
1630 , 536
2154 , 2154
1 , 1
5262 , 5262
3 , 0
2 , 0
4 , 3
130 , 126
18 , 0
9384 , 9382
41 , 37
2 , 2
391 , 391
5 , 5
7811 , 7810
869 , 868
151 , 0
15 , 9
1 , 1
1397 , 1385
12 , 12
24 , 0
1 , 0
1198 , 1161
3087 , 3087
2126 , 2126
1530 , 1530
1 , 1
1994 , 1059
11 , 11
4569 , 4569
19 , 19
14 , 14
44 , 41
270 , 270
2 , 0
89 , 89
2001 , 1988
429 , 383
20 , 20
3 , 3
1 , 0
3393 , 3393
208 , 208
459 , 456
20 , 20
23 , 9
3742 , 3737
4686 , 4671
141 , 47
7744 , 7580
23 , 0
1 , 0
28 , 28
8253 , 8253
38 , 38
1108 , 1090
7 , 1
1 , 1
16 , 0
12 , 12
2 , 0
653 , 653
1 , 1
1 , 0
1 , 0
1750 , 1749
5 , 0
177 , 177
1950 , 1950
5 , 0
753 , 753
349 , 319
326 , 326
287 , 244
11 , 11
72 , 62
52 , 52
1 , 0
88 , 84
52 , 52
4089 , 4089
2 , 0
8 , 8
14 , 14
112 , 112
11 , 11
5039 , 5039
54 , 54
4 , 0
20 , 15
7 , 7
1174 , 1174
15 , 15
1 , 0
1 , 1
10 , 9
2061 , 1948
101 , 101
212 , 212
113 , 113
3 , 0
12 , 0
1 , 1
14 , 0
6 , 0
658 , 481
29 , 28
978 , 944
418 , 412
5229 , 5227
12 , 0
3 , 3
109 , 109
3036 , 3033
29 , 29
8986 , 8986
46 , 46
640 , 621
103 , 0
1099 , 1099
3473 , 3169
914 , 914
25 , 25
54 , 0
7425 , 7339
6416 , 6416
13 , 13
192 , 192
226 , 226
1 , 0
349 , 0
5181 , 5161
69 , 69
7793 , 7789
11 , 0
193 , 165
1 , 0
5533 , 5532
1 , 0
1697 , 1697
3767 , 3767
3 , 0
1290 , 1286
8 , 8
1 , 1
2 , 2
6 , 0
50 , 1
328 , 328
1 , 0
2092 , 2009
2 , 2
9808 , 9802
1928 , 1905
325 , 313
29 , 29
4828 , 4828
250 , 140
19 , 4
9 , 9
29 , 0
1531 , 1519
2 , 2
363 , 359
8 , 8
23 , 23
373 , 373
140 , 139
154 , 0
1510 , 1504
5065 , 5037
83 , 77
256 , 217
608 , 608
2918 , 2915
674 , 624
7088 , 7088
2 , 0
32 , 30
2588 , 2588
595 , 534
2538 , 2534
5847 , 5847
160 , 148
3 , 2
108 , 108
5282 , 4342
359 , 180
13 , 0
3868 , 3868
400 , 360
40 , 25
160 , 160
1562 , 1560
33 , 0
1 , 1
1 , 0
2 , 0
9162 , 9144
420 , 418
43 , 0
433 , 0
3285 , 3285
2172 , 1818
2 , 0
14 , 12
71 , 71
9 , 4
6609 , 6609
4818 , 4804
40 , 39
1514 , 1483
4 , 4
75 , 74
151 , 151
114 , 114
2618 , 2617
151 , 150
66 , 26
779 , 779
43 , 0
1 , 1
6 , 0
397 , 397
2 , 2
71 , 71
5190 , 5190
1636 , 1636
10 , 0
1186 , 1186
565 , 565
1997 , 0
2 , 2
751 , 750
34 , 0
1 , 0
7726 , 7724
1 , 1
57 , 25
2188 , 2188
1 , 0
328 , 225
543 , 483
28 , 28
54 , 0
2644 , 2638
5 , 5
1 , 0
6 , 0
2901 , 2901
5 , 4
44 , 0
301 , 288
7 , 7
5 , 0
42 , 12
42 , 42
5 , 0
576 , 576
219 , 212
27 , 27
433 , 433
8746 , 8730
3 , 0
5 , 0
203 , 203
435 , 434
59 , 42
1 , 0
110 , 110
147 , 0
972 , 972
1 , 0
302 , 230
510 , 510
1323 , 1271
11 , 1
2081 , 2075
4 , 0
8 , 0
8 , 0
2422 , 2422
158 , 156
36 , 36
126 , 126
7 , 7
4 , 0
2958 , 2956
78 , 72
8100 , 8078
185 , 185
934 , 892
26 , 24
2618 , 1956
45 , 41
20 , 0
375 , 372
97 , 97
3 , 0
2646 , 2646
3 , 0
846 , 846
9629 , 9627
528 , 528
11 , 0
54 , 54
17 , 17
9981 , 9552
130 , 111
41 , 40
2 , 2
201 , 201
1 , 0
40 , 40
15 , 15
112 , 0
2 , 2
138 , 138
248 , 0
6675 , 6675
31 , 23
1470 , 885
7644 , 7046
2 , 0
5937 , 5936
1577 , 1565
21 , 0
6 , 0
4 , 0
14 , 14
2 , 0
1105 , 1105
356 , 351
16 , 16
1 , 1
94 , 94
2516 , 2369
2995 , 2995
2 , 2
1 , 0
4281 , 4276
4 , 0
13 , 12
1 , 1
2099 , 2089
9227 , 9226
836 , 836
6508 , 6508
95 , 72
4026 , 4024
7 , 7
2 , 0
3924 , 3924
5 , 0
49 , 48
23 , 23
1107 , 1107
3505 , 3505
890 , 890
70 , 70
1 , 1
2 , 0
1493 , 1493
5 , 4
12 , 8
20 , 15
5633 , 5614
400 , 400
17 , 0
1632 , 1631
446 , 445
5 , 0
43 , 34
107 , 76
1 , 0
5 , 5
64 , 64
4048 , 4048
7 , 0
6435 , 6435
1 , 0
32 , 32
594 , 593
9 , 9
1 , 1
1 , 0
2817 , 2817
41 , 38
3234 , 2949
568 , 563
853 , 843
7178 , 7178
2 , 2
258 , 255
8902 , 8901
1446 , 1424
25 , 25
1 , 0
911 , 891
60 , 60
1 , 1
1 , 0
213 , 212
584 , 584
5 , 5
1 , 0
358 , 0
21 , 1
3 , 3
6 , 6
3603 , 2966
2735 , 2735
268 , 267
1383 , 1383
37 , 37
459 , 391
28 , 27
90 , 76
3 , 0
9 , 9
70 , 70
78 , 78
1235 , 1235
303 , 302
1 , 0
622 , 519
1 , 0
1653 , 1653
120 , 85
6 , 5
1846 , 1806
25 , 25
2 , 2
1223 , 1197
3928 , 3928
9019 , 8990
1503 , 1503
1 , 0
1 , 1
1 , 1
20 , 18
77 , 77
7 , 2
307 , 214
1575 , 1569
3119 , 2833
15 , 15
14 , 0
4 , 0
11 , 8
29 , 29
2777 , 2777
5641 , 5640
57 , 0
8636 , 8455
118 , 115
10 , 10
7016 , 6979
305 , 303
81 , 0
5196 , 5163
2167 , 2167
1721 , 1721
5208 , 5180
32 , 6
80 , 77
615 , 614
2189 , 2189
3521 , 3521
41 , 38
3052 , 3045
28 , 27
49 , 49
2 , 2
4413 , 4413
9083 , 8389
6 , 6
2 , 0
1923 , 1923
3 , 3
23 , 23
1116 , 1116
238 , 238
6 , 6
2088 , 2057
6648 , 6611
45 , 45
438 , 438
1416 , 1399
19 , 18
533 , 533
2143 , 2143
19 , 7
127 , 127
2 , 2
94 , 94
445 , 445
14 , 0
5 , 0
11 , 11
3 , 2
69 , 69
39 , 39
946 , 946
36 , 33
1 , 1
32 , 32
1770 , 1770
129 , 129
9508 , 9489
11 , 11
2 , 2
2 , 0
50 , 50
2 , 0
3 , 0
5 , 0
156 , 156
1 , 0
48 , 44
1 , 0
1 , 1
1 , 1
106 , 106
774 , 774
1 , 1
1 , 0
3852 , 3852
1 , 1
26 , 24
11 , 11
4334 , 4332
4204 , 2561
97 , 97
1 , 0
3370 , 3069
16 , 0
2518 , 2511
1731 , 1656
1986 , 720
117 , 115
254 , 247
2 , 0
1490 , 1482
1 , 0
127 , 123
587 , 587
3750 , 3750
36 , 32
5842 , 5812
10 , 0
2 , 2
6 , 6
1115 , 1104
6 , 0
2 , 2
45 , 45
3659 , 3620
1 , 0
25 , 14
7119 , 7082
83 , 83
1510 , 1510
3 , 0
466 , 462
25 , 18
6 , 1
210 , 210
41 , 0
6 , 0
1618 , 1452
20 , 0
903 , 903
7 , 7
4124 , 3951
39 , 0
4143 , 4143
6 , 6
63 , 63
3 , 3
14 , 14
2 , 2
60 , 59
1 , 0
1 , 0
4 , 0
436 , 109
2 , 2
9 , 8
3353 , 3353
43 , 40
44 , 0
2062 , 2034
39 , 39
2790 , 2734
1 , 1
1683 , 1683
6935 , 6935
2 , 0
374 , 296
13 , 1
2 , 0
51 , 51
3 , 0
2 , 0
5082 , 4954
18 , 0
7910 , 7910
2705 , 2705
1595 , 1595
5 , 5
4 , 4
33 , 32
1998 , 1998
1 , 0
1808 , 1808
1 , 1
752 , 735
1 , 1
65 , 65
583 , 521
1 , 1
14 , 0
123 , 98
1378 , 1378
21 , 21
98 , 72
13 , 13
25 , 0
2923 , 2869
233 , 0
5974 , 5974
2 , 0
1677 , 1677
2712 , 2712
5 , 3
432 , 432
10 , 0
5558 , 5545
3 , 3
2267 , 2267
552 , 552
8 , 0
55 , 35
385 , 385
6 , 0
1 , 0
1 , 0
21 , 21
1 , 0
1 , 0
1 , 1
3631 , 3610
275 , 243
6413 , 6413
5 , 0
1161 , 1089
4168 , 4159
25 , 25
986 , 978
29 , 0
1 , 0
176 , 176
9252 , 9251
4 , 0
8 , 0
1 , 1
196 , 193
7370 , 7344
2123 , 2123
2 , 2
798 , 798
1353 , 1112
3790 , 3789
287 , 284
1 , 1
1904 , 1732
2464 , 2464
3190 , 3190
139 , 139
15 , 0
95 , 95
6211 , 6211
16 , 16
2866 , 2845
104 , 104
1 , 0
66 , 38
2615 , 1945
319 , 319
42 , 40
1037 , 1029
3878 , 3878
3 , 3
976 , 975
1672 , 1672
2 , 0
8 , 0
8 , 8
26 , 26
2 , 0
39 , 33
1 , 1
99 , 0
3690 , 3688
7 , 7
9 , 0
9581 , 9581
9589 , 9488
6071 , 6026
25 , 18
4713 , 4692
1 , 0
1805 , 1805
36 , 28
3038 , 2919
1 , 1
6 , 5
2 , 0
370 , 370
5 , 5
200 , 199
748 , 748
13 , 13
28 , 28
23 , 23
2057 , 2057
240 , 0
2 , 2
1718 , 702
3365 , 3365
126 , 126
173 , 169
68 , 68
33 , 0
3950 , 3917
68 , 68
35 , 0
44 , 44
224 , 224
6 , 0
1 , 1
69 , 67
4307 , 4242
7 , 0
89 , 88
794 , 787
1 , 1
874 , 814
3214 , 3211
766 , 754
2926 , 2856
3 , 3
217 , 217
3 , 3
118 , 113
517 , 482
606 , 606
2 , 2
91 , 91
35 , 35
387 , 387
2468 , 2462
3 , 0
1 , 0
1982 , 1981
15 , 0
108 , 0
31 , 31
92 , 0
25 , 15
348 , 348
1358 , 1357
81 , 0
33 , 33
3 , 0
2 , 2
1736 , 1736
1 , 1
3188 , 3188
285 , 262
958 , 958
2747 , 2266
7 , 7
1 , 0
1 , 1
27 , 27
7981 , 7979
13 , 0
2792 , 2792
4 , 0
1124 , 1121
10 , 9
4851 , 4851
4 , 0
163 , 163
4 , 4
12 , 12
2388 , 2388
36 , 0
3 , 0
4 , 0
393 , 392
5 , 2
72 , 72
1 , 0
1 , 1
324 , 324
4 , 2
1 , 0
41 , 0
2978 , 2974
335 , 335
6 , 0
3207 , 3207
364 , 344
1409 , 1409
204 , 152
1 , 0
1 , 0
41 , 41
19 , 19
5 , 1
110 , 0
12 , 12
223 , 171
19 , 0
2799 , 2799
13 , 0
2029 , 2010
7418 , 7329
1314 , 1301
7273 , 7273
281 , 271
548 , 482
39 , 39
1 , 0
288 , 288
940 , 922
1 , 1
5337 , 5337
836 , 836
1216 , 1216
12 , 10
38 , 0
14 , 0
2 , 2
1 , 1
1 , 0
99 , 0
1154 , 1136
191 , 0
5 , 0
1522 , 1522
8793 , 8672
1702 , 1689
8689 , 8687
2 , 0
4454 , 4453
3240 , 3224
635 , 635
4 , 4
14 , 13
18 , 0
1 , 0
311 , 311
4095 , 3849
1 , 0
112 , 80
46 , 46
150 , 150
3 , 3
2173 , 2173
1 , 0
2 , 2
491 , 481
158 , 118
3810 , 3808
2 , 2
8339 , 8339
66 , 66
12 , 12
1851 , 1851
1274 , 1274
1 , 0
22 , 2
149 , 0
3 , 3
320 , 312
3221 , 3216
45 , 37
6819 , 6819
648 , 648
2902 , 2626
9 , 1
693 , 688
33 , 22
38 , 0
9 , 7
1233 , 1220
35 , 34
2 , 2
82 , 0
183 , 175
6614 , 6614
236 , 236
880 , 880
2 , 0
518 , 503
10 , 10
6 , 0
1 , 0
1 , 1
5341 , 5341
27 , 27
30 , 0
23 , 23
113 , 45
10 , 0
357 , 329
1 , 0
857 , 857
21 , 21
348 , 334
1 , 0
219 , 215
42 , 42
7487 , 7487
1520 , 1486
24 , 6
8 , 8
2 , 2
238 , 0
13 , 13
133 , 0
24 , 24
1448 , 1448
6 , 3
1927 , 1927
42 , 41
248 , 204
41 , 10
52 , 28
18 , 11
299 , 299
20 , 4
5470 , 5470
1213 , 1213
59 , 0
2998 , 2998
17 , 15
2872 , 2577
2 , 0
252 , 159
589 , 585
410 , 410
758 , 758
2353 , 2353
177 , 177
17 , 5
3 , 3
1176 , 1106
13 , 13
12 , 5
1 , 0
1 , 1
54 , 0
536 , 532
23 , 0
1 , 1
208 , 208
2 , 0
588 , 588
2473 , 2336
1 , 1
287 , 0
9 , 6
1 , 1
1 , 0
297 , 297
401 , 364
349 , 349
71 , 71
5070 , 5069
1 , 1
30 , 0
1 , 0
9452 , 9452
222 , 168
3245 , 3060
310 , 310
6152 , 6152
321 , 321
64 , 63
7 , 7
2105 , 2100
2 , 2
2 , 2
15 , 0
116 , 116
3644 , 3621
6 , 6
30 , 30
51 , 51
8 , 3
4 , 4
3 , 0
8 , 8
175 , 175
1 , 0
25 , 24
650 , 650
2018 , 2018
5959 , 5447
422 , 353
90 , 89
9 , 9
26 , 0
9 , 8
225 , 146
1 , 0
57 , 57
1 , 1
69 , 69
21 , 20
338 , 303
72 , 69
5 , 0
185 , 151
4 , 4
94 , 94
2 , 0
434 , 434
56 , 56
814 , 435
39 , 39
6 , 0
1 , 1
351 , 340
1986 , 1986
6 , 6
784 , 784
30 , 0
108 , 108
73 , 73
4776 , 4754
2 , 2
538 , 432
1513 , 1512
835 , 833
127 , 127
650 , 650
2794 , 2794
670 , 670
52 , 52
36 , 36
2 , 0
4355 , 4355
1 , 0
240 , 228
561 , 559
5308 , 5308
445 , 401
25 , 13
123 , 108
6 , 0
1 , 0
20 , 0
4 , 0
6 , 6
8 , 2
7 , 7
752 , 752
43 , 0
21 , 12
16 , 12
1 , 0
126 , 0
9457 , 9423
44 , 42
111 , 77
1340 , 1340
34 , 14
2222 , 2087
304 , 296
1441 , 1401
8 , 0
6476 , 6421
1 , 0
13 , 12
9 , 7
15 , 15
5735 , 5618
1 , 0
2 , 0
11 , 11
1 , 1
1 , 0
8778 , 8733
6 , 0
3191 , 3191
852 , 794
74 , 38
141 , 141
60 , 0
11 , 11
8650 , 8556
37 , 37
18 , 0
2 , 0
19 , 19
189 , 136
4605 , 4039
308 , 308
1 , 1
4185 , 4185
87 , 8
2004 , 2004
838 , 835
854 , 854
8143 , 6318
1 , 1
19 , 0
3231 , 3231
6489 , 6412
5209 , 5209
12 , 12
514 , 422
12 , 0
1 , 0
9 , 9
1 , 0
143 , 143
821 , 821
138 , 127
1300 , 1245
10 , 10
2426 , 2426
21 , 0
16 , 16
1666 , 1666
2144 , 2124
202 , 202
3299 , 3298
6624 , 6624
493 , 491
32 , 32
10 , 9
6750 , 6748
5 , 5
1305 , 1291
5 , 2
8 , 8
6 , 0
8 , 6
1380 , 1380
26 , 26
228 , 223
217 , 217
116 , 115
9008 , 8587
9 , 9
2 , 0
10 , 0
2030 , 2002
12 , 11
1 , 1
3 , 3
1 , 0
9 , 0
230 , 230
360 , 360
54 , 54
29 , 0
5124 , 5124
2 , 0
64 , 43
56 , 14
4877 , 4877
7 , 7
90 , 90
1 , 0
761 , 761
1 , 0
8 , 0
1 , 0
1100 , 1076
14 , 14
58 , 0
1003 , 1002
28 , 27
449 , 445
6 , 0
1781 , 1775
18 , 18
99 , 91
712 , 617
12 , 12
1 , 0
304 , 304
374 , 0
6 , 6
5 , 0
405 , 379
207 , 207
2 , 0
905 , 879
2742 , 2742
11 , 0
2 , 2
12 , 12
4551 , 4316
467 , 461
16 , 0
1 , 0
8038 , 8034
124 , 102
1 , 1
1 , 1
1107 , 1107
111 , 111
531 , 530
543 , 497
12 , 0
3293 , 3282
5117 , 5116
32 , 0
306 , 306
1 , 1
29 , 29
30 , 0
3 , 0
35 , 32
9 , 8
197 , 182
9 , 0
1335 , 1335
1 , 0
69 , 51
2 , 1
11 , 7
4012 , 3494
1 , 1
16 , 16
47 , 47
62 , 48
9618 , 8543
3808 , 3808
1388 , 1373
22 , 0
7975 , 7975
603 , 344
9 , 0
8 , 0
2 , 0
7044 , 7044
106 , 101
3788 , 3778
1229 , 1228
404 , 385
633 , 633
2 , 2
1684 , 1684
3877 , 3836
698 , 560
2 , 2
74 , 74
29 , 28
835 , 835
819 , 755
3 , 3
66 , 66
96 , 0
3198 , 3194
55 , 55
278 , 278
430 , 425
20 , 0
2668 , 2668
30 , 30
5321 , 5321
85 , 85
2205 , 2205
410 , 410
36 , 0
496 , 496
3338 , 3330
2 , 2
3 , 2
280 , 233
827 , 827
3526 , 2133
9 , 0
1713 , 1707
34 , 34
4 , 1
1 , 0
2 , 2
223 , 207
12 , 0
8489 , 8489
186 , 186
3 , 3
1 , 1
4 , 0
68 , 67
4 , 2
29 , 29
1509 , 1509
55 , 54
9 , 9
3 , 3
1 , 1
23 , 23
760 , 735
4 , 2
8 , 0
2 , 2
60 , 60
1 , 1
7 , 0
17 , 17
5 , 5
2 , 2
9901 , 9901
10 , 10
4 , 0
559 , 559
52 , 52
8 , 0
116 , 114
135 , 100
876 , 862
124 , 115
35 , 35
16 , 16
19 , 16
1301 , 1296
62 , 62
5371 , 5366
79 , 27
64 , 62
16 , 16
600 , 600
17 , 13
152 , 124
2483 , 2477
3684 , 3684
1 , 1
5 , 5
5103 , 5103
5806 , 5737
300 , 300
159 , 157
1 , 0
273 , 273
21 , 0
1 , 0
1 , 1
3862 , 3862
9 , 0
63 , 0
5593 , 5572
106 , 105
4734 , 4680
682 , 670
35 , 17
64 , 57
6686 , 6680
27 , 27
2269 , 2269
58 , 58
370 , 0
111 , 90
100 , 88
1015 , 999
1 , 0
82 , 78
978 , 774
37 , 0
39 , 38
12 , 12
248 , 234
6 , 0
16 , 0
201 , 201
4502 , 4353
3 , 2
67 , 0
1278 , 1277
7601 , 7577
12 , 0
760 , 338
161 , 0
341 , 58
1 , 1
115 , 107
1475 , 1473
1268 , 1267
251 , 246
2 , 0
22 , 21
5511 , 5505
477 , 283
20 , 0
49 , 0
9 , 9
1 , 1
1 , 1
10 , 8
245 , 218
2574 , 2572
9 , 2
263 , 261
56 , 56
7543 , 7446
2554 , 2554
493 , 493
4 , 4
13 , 13
1515 , 1513
6 , 6
9515 , 9263
3 , 0
35 , 35
105 , 33
762 , 444
1 , 0
3257 , 3224
81 , 18
5 , 0
4 , 0
648 , 646
2 , 2
8 , 0
1 , 1
21 , 21
5201 , 5058
3145 , 3145
3161 , 3161
13 , 12
1671 , 1671
2 , 0
4 , 4
3 , 3
2 , 2
1 , 0
2 , 2
2 , 0
453 , 444
3 , 0
2330 , 2326
217 , 216
54 , 34
1657 , 1615
3881 , 3844
23 , 23
1053 , 1046
8 , 8
1925 , 1922
649 , 638
4 , 0
5 , 0
110 , 110
1 , 0
32 , 9
2 , 0
2 , 0
18 , 0
32 , 32
199 , 193
4911 , 4899
1567 , 1566
12 , 6
1 , 0
9065 , 9064
2 , 0
1444 , 1444
1 , 0
12 , 12
76 , 0
264 , 256
8016 , 8016
4 , 0
17 , 17
21 , 21
195 , 186
7 , 4
13 , 13
22 , 0
436 , 436
202 , 0
381 , 381
1 , 1
3 , 2
2 , 2
202 , 0
178 , 0
2 , 0
903 , 902
7436 , 7432
3429 , 3414
920 , 918
509 , 509
1 , 0
6 , 3
1 , 0
10 , 8
52 , 50
1828 , 1785
1202 , 1178
158 , 0
1050 , 979
6485 , 6483
14 , 2
1 , 0
5 , 5
1 , 0
4 , 0
544 , 529
1660 , 1658
3291 , 3291
1708 , 1708
8183 , 8183
726 , 726
9879 , 9879
7 , 7
959 , 787
2 , 0
3096 , 3094
25 , 24
102 , 102
452 , 312
6 , 6
16 , 0
223 , 129
2868 , 2868
9 , 0
2 , 2
2 , 0
14 , 14
11 , 0
1305 , 1112
72 , 71
179 , 163
2 , 0
1921 , 1920
587 , 572
648 , 648
1 , 1
3931 , 3931
176 , 176
27 , 0
33 , 0
5443 , 5443
1 , 0
1 , 1
1124 , 1091
7010 , 7010
1 , 1
7685 , 7684
9 , 8
2 , 2
168 , 0
41 , 41
7 , 0
3507 , 3496
95 , 75
229 , 229
635 , 635
5 , 5
5401 , 5376
3632 , 3611
1 , 0
21 , 21
86 , 68
1 , 0
13 , 0
26 , 26
264 , 262
3 , 2
123 , 119
1 , 0
1 , 0
7876 , 7857
1436 , 1435
2 , 0
8 , 8
11 , 11
7 , 2
111 , 82
1 , 1
13 , 0
1 , 0
2 , 2
1 , 1
3 , 3
4 , 0
1 , 0
15 , 15
4 , 0
11 , 9
1 , 1
1 , 1
2305 , 2305
7279 , 7252
483 , 476
12 , 0
1 , 0
36 , 36
8959 , 8909
850 , 612
25 , 25
15 , 13
4472 , 4472
35 , 35
6 , 0
1 , 0
213 , 178
284 , 0
2 , 0
256 , 228
5 , 5
18 , 18
3 , 0
2 , 0
240 , 220
2637 , 2625
5760 , 5760
13 , 7
18 , 4
3241 , 3241
7 , 0
1 , 1
34 , 34
2533 , 2173
48 , 27
1 , 0
5 , 0
1 , 1
2 , 2
1794 , 1794
5 , 0
3213 , 3203
8 , 0
1305 , 1289
582 , 579
8458 , 8446
2 , 2
622 , 622
1571 , 1571
1 , 1
205 , 205
35 , 29
5 , 0
172 , 172
1 , 0
788 , 788
1782 , 1782
685 , 229
17 , 0
1833 , 1797
21 , 21
671 , 645
1 , 1
2 , 2
64 , 0
15 , 15
4437 , 4153
1 , 0
7278 , 7278
4 , 0
1882 , 1864
197 , 190
96 , 0
10 , 10
29 , 26
14 , 14
1 , 0
25 , 20
32 , 7
284 , 136
856 , 856
5 , 0
83 , 0
7 , 7
9 , 8
2126 , 2121
1908 , 1876
1956 , 1956
1031 , 874
610 , 610
5 , 0
79 , 1
357 , 357
9 , 9
49 , 49
74 , 0
1625 , 1590
3 , 0
11 , 11
22 , 0
1 , 0
1 , 0
855 , 772
218 , 0
8 , 0
1 , 1
3680 , 3674
5133 , 5133
3 , 0
955 , 919
339 , 296
41 , 0
12 , 11
598 , 598
1 , 1
2 , 2
5 , 4
1606 , 1606
1751 , 1751
300 , 299
77 , 77
1 , 0
10 , 10
7 , 7
8873 , 8873
13 , 13
5507 , 5504
6 , 0
1987 , 1985
3929 , 3623
89 , 89
4593 , 4593
1 , 1
1 , 1
149 , 139
491 , 358
61 , 60
3793 , 3793
8881 , 8874
8 , 0
5777 , 5772
3717 , 3717
330 , 330
1 , 0
1 , 1
1125 , 1125
4 , 0
5971 , 5917
4 , 0
12 , 0
9 , 0
1 , 1
16 , 0
382 , 382
2897 , 2896
8403 , 8403
1019 , 1019
72 , 51
245 , 245
5847 , 5844
1 , 0
350 , 350
1 , 0
8 , 0
6 , 0
738 , 738
19 , 19
8 , 0
2 , 2
25 , 18
369 , 0
12 , 12
1809 , 1674
116 , 116
520 , 519
207 , 199
39 , 0
9 , 9
4 , 0
4 , 4
2 , 0
9222 , 9222
1 , 0
92 , 85
243 , 236
88 , 87
159 , 159
32 , 0
3 , 0
177 , 177
4815 , 4815
8498 , 8498
9 , 0
1 , 1
4 , 4
9 , 2
1439 , 1439
22 , 20
1003 , 787
14 , 14
33 , 33
4634 , 4545
1488 , 1390
1732 , 1667
330 , 288
7557 , 7543
3 , 0
1403 , 1402
7337 , 7320
8 , 8
122 , 122
64 , 0
11 , 10
31 , 31
1653 , 1651
1 , 0
252 , 251
158 , 155
349 , 239
687 , 687
3 , 3
5985 , 5985
2 , 0
127 , 110
51 , 31
434 , 434
1 , 1
1191 , 1026
14 , 0
32 , 32
1438 , 1427
1 , 1
89 , 17
2724 , 2721
1327 , 233
4 , 1
3 , 3
4 , 0
2788 , 2769
321 , 303
16 , 0
1133 , 973
43 , 0
3594 , 3594
1 , 1
42 , 41
442 , 442
2794 , 2794
5 , 4
2 , 2
367 , 366
5 , 5
629 , 624
1 , 1
3 , 3
56 , 47
1613 , 1601
7 , 0
19 , 19
7599 , 7599
5454 , 5437
26 , 4
54 , 54
131 , 129
55 , 0
70 , 60
7223 , 7221
40 , 40
234 , 233
217 , 0
3315 , 3314
31 , 15
566 , 566
1 , 1
25 , 3
23 , 0
78 , 78
4 , 0
88 , 88
1 , 0
9812 , 9812
3 , 0
130 , 130
4 , 4
861 , 861
158 , 148
16 , 16
61 , 61
520 , 509
13 , 0
27 , 0
5294 , 5264
2358 , 2294
3669 , 3669
589 , 589
5950 , 5950
12 , 12
3300 , 3300
37 , 0
117 , 114
58 , 58
6 , 6
7 , 0
238 , 237
7 , 7
7 , 7
90 , 89
579 , 575
333 , 327
1277 , 1266
7153 , 7139
202 , 175
750 , 744
16 , 16
7745 , 7745
1100 , 783
2036 , 2029
8 , 8
1516 , 1501
3469 , 3467
2 , 2
67 , 67
763 , 762
10 , 0
5 , 0
6261 , 4820
133 , 115
1544 , 1544
10 , 0
41 , 0
1 , 1
236 , 234
1217 , 1217
7507 , 7496
116 , 116
880 , 880
4159 , 4157
5437 , 5403
5661 , 5635
74 , 74
1 , 0
271 , 186
1827 , 1614
4070 , 4010
19 , 18
1317 , 1317
4 , 0
84 , 0
4738 , 4738
5353 , 5317
2 , 0
1 , 1
1 , 1
106 , 0
26 , 13
8756 , 8756
82 , 82
6793 , 6494
29 , 28
11 , 0
490 , 411
585 , 553
31 , 31
5 , 0
648 , 639
17 , 0
1657 , 1632
999 , 998
1359 , 1317
5 , 0
2645 , 2623
3746 , 3746
14 , 13
12 , 0
1987 , 1938
92 , 92
365 , 365
1874 , 1874
5282 , 5280
35 , 35
887 , 882
1 , 0
3258 , 3257
19 , 0
14 , 7
1 , 0
109 , 78
6 , 0
160 , 160
133 , 133
6 , 6
6122 , 6051
104 , 104
302 , 302
1508 , 1465
17 , 0
5 , 0
226 , 223
4 , 0
1 , 0
7947 , 7947
40 , 40
617 , 507
538 , 0
1 , 0
4 , 0
555 , 502
1060 , 1005
535 , 531
2850 , 2850
13 , 6
438 , 259
1 , 0
8417 , 8410
119 , 119
307 , 0
1797 , 1796
1 , 0
3202 , 3202
470 , 470
1564 , 1100
145 , 131
3 , 0
6 , 0
8217 , 8217
4320 , 3564
20 , 0
479 , 475
76 , 7
67 , 67
11 , 10
1 , 1
298 , 298
4807 , 4800
44 , 0
13 , 0
15 , 0
3 , 0
10 , 9
2 , 0
14 , 14
1025 , 892
120 , 119
563 , 563
6 , 0
137 , 137
4759 , 4720
124 , 124
1 , 0
3 , 0
93 , 0
3 , 0
707 , 707
75 , 75
4 , 4
31 , 17
6 , 6
60 , 54
655 , 542
3 , 3
2174 , 2174
1 , 0
8 , 0
4 , 0
150 , 149
8 , 2
1 , 1
1 , 0
108 , 106
5 , 5
12 , 5
297 , 292
953 , 953
992 , 969
19 , 19
1 , 1
1 , 1
62 , 62
1 , 1
34 , 0
9078 , 9078
1624 , 1624
188 , 188
16 , 16
7150 , 7150
2 , 0
13 , 0
2 , 2
684 , 684
1 , 0
1 , 0
2408 , 2408
52 , 52
2 , 0
8 , 0
12 , 12
74 , 73
15 , 7
2 , 2
6615 , 6551
94 , 94
1779 , 1758
1 , 1
2697 , 2697
2314 , 2312
3140 , 3134
31 , 0
7136 , 6997
2 , 2
3 , 3
26 , 26
1026 , 1026
58 , 33
11 , 11
3 , 0
1 , 0
35 , 0
4993 , 4993
6 , 0
42 , 42
6546 , 6545
3687 , 3687
22 , 22
76 , 76
3 , 0
49 , 0
3 , 0
262 , 251
67 , 66
1 , 1
116 , 77
452 , 452
17 , 0
1 , 1
3592 , 3592
3 , 0
1416 , 1362
696 , 693
67 , 51
1 , 0
643 , 643
18 , 18
1 , 0
149 , 144
311 , 311
11 , 11
23 , 14
3 , 1
7043 , 7043
6 , 0
3474 , 3100
148 , 148
1 , 1
507 , 507
1 , 0
254 , 252
45 , 15
85 , 85
562 , 562
26 , 26
549 , 549
1194 , 1193
60 , 60
1 , 1
223 , 208
567 , 0
35 , 35
37 , 26
30 , 29
1 , 1
5 , 5
498 , 79
42 , 42
3 , 0
648 , 645
205 , 204
3671 , 3671
1478 , 1345
2450 , 2440
2497 , 2497
1 , 0
1 , 1
372 , 368
6 , 4
3 , 3
7836 , 7688
190 , 188
326 , 326
1 , 1
8 , 0
630 , 604
9 , 8
1 , 0
1 , 0
23 , 23
5386 , 5384
2985 , 2784
3981 , 3962
6661 , 6607
5492 , 5253
3092 , 3054
6279 , 6279
874 , 874
6965 , 6960
1 , 0
4 , 0
2 , 0
4811 , 4809
7812 , 7797
28 , 28
691 , 691
308 , 285
345 , 345
2253 , 2245
12 , 12
456 , 455
2 , 2
6 , 0
5578 , 5046
285 , 205
2 , 2
1070 , 1070
24 , 0
2 , 0
9 , 9
5647 , 5281
402 , 376
16 , 16
1190 , 1137
1204 , 1204
687 , 686
9222 , 9196
2219 , 2163
4461 , 4461
8076 , 8036
2 , 0
8 , 8
534 , 474
5 , 4
6482 , 6463
2203 , 2203
396 , 371
417 , 417
315 , 306
115 , 114
1 , 1
272 , 266
3 , 3
1162 , 796
511 , 0
1679 , 1660
299 , 299
7137 , 7137
13 , 13
1846 , 1738
2 , 0
148 , 106
228 , 162
434 , 434
1 , 0
97 , 4
1230 , 1015
2 , 2
4 , 0
402 , 392
750 , 750
1386 , 1384
774 , 693
2789 , 2097
4 , 4
33 , 33
34 , 0
1 , 0
8606 , 8549
1292 , 1291
42 , 17
1 , 0
757 , 757
187 , 170
4 , 0
12 , 0
73 , 73
140 , 140
1 , 1
7172 , 7172
1 , 1
1 , 0
95 , 95
1 , 1
2796 , 2796
129 , 40
340 , 337
1 , 1
2 , 2
37 , 34
1 , 1
98 , 96
64 , 62
7832 , 7832
1534 , 1534
8 , 8
3522 , 3486
11 , 11
178 , 178
9 , 9
28 , 0
274 , 274
8294 , 8284
102 , 25
25 , 25
1 , 1
1950 , 1950
1 , 1
55 , 0
1003 , 933
1 , 1
5 , 5
1 , 0
5 , 0
175 , 175
580 , 579
8 , 8
320 , 320
9976 , 9976
285 , 285
972 , 965
27 , 19
2487 , 2479
129 , 129
721 , 721
4311 , 4311
224 , 224
967 , 967
1220 , 0
5304 , 5298
33 , 0
4 , 0
7843 , 7843
1508 , 1508
144 , 85
47 , 47
1 , 0
9323 , 9323
553 , 553
2484 , 2448
659 , 659
279 , 279
125 , 117
25 , 9
28 , 0
2035 , 1808
56 , 56
7 , 5
25 , 25
1 , 0
1 , 0
6 , 6
11 , 11
6260 , 6257
89 , 88
1 , 1
1102 , 1101
36 , 36
1410 , 1406
57 , 35
28 , 18
1 , 0
6 , 6
104 , 55
17 , 17
2011 , 1951
6 , 6
6 , 4
353 , 327
2 , 2
372 , 369
9 , 9
5788 , 5788
2 , 0
4318 , 4022
2 , 0
2192 , 2192
57 , 0
3 , 0
3544 , 3544
43 , 0
18 , 17
22 , 0
461 , 0
5247 , 5222
3 , 0
3350 , 3350
1 , 1
9 , 0
141 , 141
427 , 366
243 , 243
4 , 0
5 , 5
49 , 49
327 , 304
28 , 28
1 , 0
1 , 1
140 , 84
181 , 181
5 , 5
201 , 200
7 , 0
40 , 40
645 , 645
11 , 7
3 , 0
1 , 0
26 , 24
3 , 3
11 , 11
8 , 0
3980 , 3856
1 , 0
1 , 0
523 , 523
121 , 121
199 , 199
3 , 3
6003 , 6002
5 , 4
6813 , 6750
1 , 0
49 , 33
1 , 0
1 , 1
596 , 591
456 , 433
7 , 7
699 , 699
1832 , 1832
39 , 39
185 , 178
11 , 0
5 , 0
879 , 870
2 , 0
6 , 3
5 , 4
2812 , 2806
681 , 0
8642 , 8641
3700 , 3008
30 , 0
22 , 21
17 , 17
9 , 9
4 , 0
31 , 30
6250 , 6250
2303 , 2237
34 , 0
2544 , 2513
233 , 231
20 , 0
7 , 0
81 , 81
1377 , 1375
26 , 7
272 , 260
179 , 179
61 , 0
1098 , 743
366 , 366
14 , 14
2771 , 2771
423 , 419
204 , 201
1519 , 1519
10 , 0
163 , 163
10 , 0
24 , 23
11 , 11
5 , 0
6 , 5
1 , 1
464 , 464
1 , 1
494 , 494
1428 , 1428
82 , 61
8 , 4
12 , 8
3038 , 3025
30 , 20
155 , 132
7958 , 7958
5416 , 5133
6815 , 6815
6 , 4
13 , 13
2497 , 2484
168 , 0
9 , 0
6 , 0
4 , 0
6 , 0
1 , 1
79 , 79
413 , 413
458 , 458
27 , 26
2 , 0
22 , 22
123 , 123
1 , 1
126 , 126
26 , 15
2 , 2
4 , 0
1737 , 1732
620 , 613
527 , 527
1903 , 1815
1 , 1
4 , 0
52 , 0
1206 , 1200
4688 , 4674
10 , 0
531 , 529
376 , 376
2230 , 626
1 , 1
7 , 0
42 , 42
1454 , 1454
1 , 1
7843 , 7837
1 , 0
1824 , 1152
219 , 145
157 , 150
1 , 0
2 , 1
2 , 0
3 , 3
5508 , 5508
14 , 13
22 , 22
1 , 1
169 , 69
1556 , 1556
978 , 978
35 , 34
211 , 211
3 , 3
884 , 572
4 , 0
1 , 1
850 , 850
47 , 24
3 , 1
4 , 0
7771 , 7763
1 , 1
121 , 70
1 , 1
2 , 2
2 , 1
5 , 0
98 , 74
34 , 34
1 , 0
21 , 0
4 , 0
2 , 0
440 , 435
610 , 610
7279 , 6416
1 , 0
94 , 93
49 , 49
119 , 119
8 , 6
2 , 2
2417 , 1860
1 , 0
264 , 264
331 , 326
9 , 0
1 , 0
1797 , 1797
5132 , 5132
9 , 9
22 , 21
48 , 43
20 , 15
1 , 1
1 , 1
140 , 54
1 , 0
1786 , 1750
5 , 0
2 , 1
70 , 70
3 , 3
589 , 587
26 , 25
4 , 0
54 , 54
60 , 60
1 , 0
6 , 0
9974 , 9960
5 , 4
9611 , 9584
213 , 199
5404 , 5364
2478 , 2471
3 , 0
53 , 53
39 , 39
52 , 0
1851 , 1851
3 , 0
546 , 392
66 , 66
1706 , 1687
9840 , 9787
921 , 921
1115 , 1022
286 , 285
238 , 0
29 , 28
5877 , 5877
528 , 524
6 , 6
29 , 0
1169 , 740
6234 , 5512
2 , 0
500 , 498
33 , 31
3 , 3
1469 , 1445
1 , 1
183 , 182
5146 , 5144
1 , 0
23 , 20
2275 , 2275
37 , 37
3 , 3
5086 , 5086
1 , 0
374 , 318
19 , 19
26 , 0
7158 , 7157
1286 , 831
431 , 431
3454 , 3452
26 , 8
48 , 0
480 , 474
2113 , 2102
34 , 0
1887 , 1854
1 , 0
96 , 40
931 , 931
4 , 4
3 , 3
3975 , 3310
1 , 0
1064 , 1064
1 , 0
8 , 7
1 , 1
3 , 0
2 , 2
127 , 127
992 , 979
244 , 244
4050 , 4050
17 , 17
46 , 0
468 , 468
11 , 11
9 , 0
15 , 15
2267 , 2061
40 , 40
9096 , 9096
8 , 8
7 , 0
11 , 11
6922 , 6919
72 , 0
6954 , 6952
187 , 185
970 , 970
3032 , 2978
101 , 101
244 , 215
309 , 309
8 , 3
9 , 9
4142 , 4142
14 , 9
319 , 181
1 , 0
20 , 19
1408 , 1407
431 , 431
2 , 2
2 , 2
1069 , 1065
119 , 119
16 , 16
26 , 15
729 , 582
95 , 95
1080 , 1078
3 , 0
4104 , 4067
1026 , 914
3 , 2
275 , 275
1034 , 933
55 , 55
1 , 0
1176 , 1065
1 , 0
153 , 82
17 , 14
420 , 420
6 , 6
9999 , 9882
7 , 0
1 , 0
3 , 3
1131 , 1131
8008 , 8000
277 , 0
7 , 0
63 , 63
286 , 285
12 , 11
2 , 0
2 , 2
101 , 101
33 , 33
3 , 0
151 , 47
2566 , 2566
6 , 6
2 , 2
16 , 16
594 , 520
3007 , 3007
2 , 0
320 , 235
2 , 2
2501 , 2501
188 , 181
11 , 5
11 , 11
5 , 5
14 , 14
45 , 45
3543 , 3543
1069 , 1065
9 , 9
7 , 0
5 , 5
6445 , 6445
119 , 119
2 , 2
5058 , 5013
37 , 37
2 , 2
2407 , 2406
64 , 64
303 , 303
5505 , 4799
292 , 292
259 , 242
67 , 67
595 , 595
2 , 2
150 , 101
3382 , 3371
9 , 9
25 , 24
7654 , 7654
92 , 90
282 , 282
2 , 0
1 , 1
6367 , 6367
3 , 2
31 , 31
8461 , 8461
532 , 493
5 , 5
943 , 943
2 , 1
3442 , 3442
17 , 17
3981 , 3981
479 , 477
7193 , 7187
32 , 31
9 , 6
839 , 837
7 , 0
3 , 0
74 , 74
4543 , 4533
6458 , 6375
417 , 417
1668 , 1668
87 , 87
5 , 0
3018 , 3006
1 , 1
63 , 52
3703 , 3699
10 , 10
535 , 535
13 , 7
37 , 37
1 , 0
7944 , 7943
7 , 7
648 , 648
2845 , 2845
1207 , 1207
31 , 31
3 , 3
81 , 76
751 , 683
2 , 2
1494 , 1474
35 , 34
208 , 208
59 , 59
1 , 1
292 , 275
660 , 658
18 , 18
2 , 2
4 , 3
1 , 1
9 , 0
19 , 10
3566 , 409
1027 , 1009
1762 , 1688
5 , 5
8 , 0
5 , 5
199 , 180
323 , 316
174 , 171
7 , 5
2707 , 2640
41 , 0
1 , 0
1 , 0
23 , 0
23 , 23
1 , 0
778 , 778
45 , 28
5550 , 5550
429 , 242
583 , 583
1304 , 1130
8 , 0
100 , 100
61 , 0
7 , 0
147 , 147
16 , 16
3 , 2
5 , 4
1 , 1
520 , 0
3493 , 3491
1818 , 1683
2 , 1
6851 , 6841
3 , 0
3929 , 3748
8 , 7
2 , 0
68 , 57
5 , 4
3 , 1
769 , 583
1 , 0
7559 , 7559
226 , 226
16 , 16
7986 , 7980
1 , 1
51 , 51
286 , 279
15 , 15
439 , 439
3 , 3
7874 , 7198
121 , 121
516 , 516
1371 , 1368
7659 , 7659
1 , 0
11 , 0
29 , 29
1 , 1
2318 , 2316
781 , 659
2 , 0
4 , 0
8 , 0
34 , 0
3861 , 3861
1981 , 1937
3 , 3
1472 , 1278
4 , 0
68 , 68
266 , 266
106 , 0
69 , 54
81 , 75
315 , 315
5 , 0
20 , 19
2 , 1
1038 , 1038
23 , 19
19 , 0
4 , 4
297 , 295
2 , 2
32 , 32
66 , 53
2 , 2
11 , 0
2 , 2
3 , 3
1659 , 1659
2 , 0
3316 , 3316
10 , 10
1914 , 1914
32 , 0
1 , 1
133 , 133
2 , 0
257 , 257
53 , 53
105 , 105
69 , 69
506 , 501
17 , 17
1 , 0
4 , 3
10 , 10
14 , 2
1493 , 1493
5492 , 5492
8 , 8
7 , 7
57 , 57
23 , 23
4965 , 4851
134 , 134
2 , 0
1 , 0
33 , 33
691 , 622
2753 , 2753
530 , 0
1 , 0
410 , 0
74 , 74
320 , 320
4 , 3
421 , 374
6 , 0
3 , 3
1533 , 1508
8915 , 8726
2 , 2
4297 , 4297
1800 , 1799
645 , 645
5878 , 5878
1188 , 1188
28 , 26
9 , 9
1683 , 1683
7996 , 7002
10 , 3
6 , 6
120 , 120
2715 , 2715
33 , 24
4486 , 4463
3855 , 3855
2359 , 2346
4684 , 4635
124 , 124
718 , 718
3713 , 3612
194 , 194
1982 , 1614
66 , 66
1 , 0
2241 , 2241
20 , 0
1 , 0
227 , 227
1 , 0
322 , 311
2 , 0
9 , 9
2 , 0
132 , 0
129 , 129
4 , 0
229 , 69
20 , 19
217 , 0
2 , 2
4108 , 4095
3443 , 3440
28 , 27
948 , 946
2 , 2
273 , 271
5 , 5
8 , 0
1091 , 1090
24 , 24
6 , 6
7 , 1
7 , 0
6 , 0
12 , 0
9085 , 9083
5 , 5
4765 , 4765
5301 , 4767
1 , 0
8 , 6
4 , 4
3268 , 3248
325 , 325
2 , 0
8 , 0
832 , 832
2486 , 2485
20 , 16
501 , 472
6 , 0
133 , 0
5725 , 5716
195 , 112
9039 , 8321
563 , 374
39 , 39
699 , 699
3599 , 3598
5 , 5
2 , 2
765 , 765
2082 , 2080
581 , 574
33 , 12
2905 , 2905
1 , 1
2993 , 2820
6 , 0
142 , 82
7919 , 7919
480 , 480
37 , 37
158 , 102
2630 , 2549
555 , 555
1 , 1
877 , 875
308 , 308
2507 , 2211
3284 , 3284
22 , 0
4245 , 4241
1 , 0
2 , 2
418 , 410
12 , 12
357 , 340
7 , 0
221 , 167
130 , 130
78 , 77
1 , 0
647 , 575
3720 , 3720
103 , 102
20 , 20
3 , 3
6 , 0
6 , 5
6 , 0
2781 , 2781
234 , 218
1377 , 1372
632 , 630
121 , 78
2 , 0
20 , 0
742 , 158
9 , 4
535 , 535
446 , 441
1 , 0
1 , 0
14 , 0
941 , 937
1801 , 1801
955 , 801
142 , 142
779 , 779
135 , 79
20 , 20
248 , 236
270 , 270
1 , 1
57 , 44
363 , 351
577 , 577
426 , 418
14 , 0
16 , 16
1874 , 1874
88 , 86
29 , 29
230 , 218
1 , 0
939 , 939
2 , 0
19 , 0
190 , 189
117 , 93
5960 , 5956
4810 , 4810
7397 , 7392
4129 , 4129
2923 , 2920
34 , 27
9222 , 9212
26 , 26
2 , 0
571 , 570
209 , 0
222 , 222
72 , 72
442 , 438
3103 , 3101
6 , 0
8675 , 8675
1265 , 1260
6 , 0
3324 , 3323
35 , 0
477 , 476
29 , 0
5873 , 5873
2854 , 2251
3 , 3
440 , 440
35 , 35
12 , 12
1 , 1
584 , 582
28 , 28
7487 , 7459
4 , 4
226 , 225
41 , 40
336 , 331
654 , 612
2 , 2
1 , 1
393 , 376
13 , 10
108 , 0
252 , 226
745 , 741
5 , 0
1 , 0
657 , 657
741 , 702
1054 , 1054
1082 , 1082
14 , 14
2 , 0
572 , 565
2 , 2
7 , 3
93 , 93
1 , 1
1 , 0
576 , 576
781 , 777
148 , 148
1 , 0
2 , 0
9772 , 8365
4 , 0
296 , 296
11 , 7
1 , 1
42 , 42
187 , 185
7 , 7
340 , 340
4 , 0
5 , 0
2 , 0
2 , 2
1153 , 1153
4 , 0
338 , 337
2 , 2
6690 , 6638
473 , 449
113 , 113
5 , 5
24 , 22
9 , 0
7 , 5
1 , 1
18 , 16
4406 , 4397
266 , 266
452 , 424
36 , 36
12 , 12
1 , 1
6 , 6
27 , 0
258 , 258
98 , 58
160 , 160
637 , 628
337 , 337
10 , 0
3 , 3
82 , 82
403 , 402
4639 , 4638
68 , 68
1 , 0
2 , 0
808 , 808
1597 , 1597
24 , 0
139 , 0
1168 , 1168
3123 , 3123
109 , 109
4262 , 4230
229 , 229
4767 , 4767
23 , 23
5 , 5
606 , 443
96 , 96
7033 , 7033
165 , 165
5 , 0
3158 , 3062
2 , 1
2721 , 2643
912 , 912
2 , 0
450 , 448
1 , 0
37 , 0
11 , 0
27 , 27
20 , 8
637 , 616
596 , 596
19 , 10
1085 , 1084
1 , 1
6 , 5
3 , 3
1668 , 1668
11 , 11
2615 , 2614
102 , 102
5 , 0
528 , 468
64 , 0
1 , 0
207 , 207
4 , 0
66 , 0
5558 , 5557
1016 , 1015
4 , 0
4949 , 4949
43 , 0
1 , 1
21 , 0
2 , 0
17 , 12
180 , 164
2 , 2
11 , 11
2 , 2
59 , 57
65 , 0
3 , 3
4 , 4
3843 , 3838
139 , 137
209 , 209
3 , 0
53 , 0
18 , 18
2 , 0
9 , 0
20 , 15
17 , 17
3721 , 3628
3 , 3
8 , 0
2 , 0
1 , 0
2982 , 2974
5579 , 5559
20 , 20
267 , 267
2 , 2
1288 , 1288
8 , 0
13 , 13
29 , 29
3672 , 3672
3697 , 3697
170 , 168
469 , 469
9249 , 9249
689 , 689
1 , 0
740 , 711
97 , 17
10 , 0
2 , 2
1 , 0
190 , 160
11 , 0
59 , 59
32 , 30
1 , 1
317 , 0
1 , 0
474 , 426
57 , 55
8633 , 8632
1 , 1
45 , 0
1 , 0
38 , 38
4 , 4
2 , 0
2425 , 2425
1 , 0
29 , 21
277 , 272
6 , 0
4 , 4
9 , 9
143 , 140
1041 , 1041
50 , 48
9 , 8
292 , 292
10 , 10
3 , 1
298 , 284
8356 , 8338
1 , 0
1 , 0
9 , 0
284 , 281
3408 , 3406
5 , 5
1 , 1
2 , 2
4 , 0
276 , 262
4981 , 4944
4253 , 4248
1703 , 1659
2 , 0
287 , 237
136 , 126
101 , 101
5930 , 5929
3054 , 3052
80 , 78
3282 , 3280
59 , 58
1390 , 1382
26 , 8
1 , 1
4112 , 3569
310 , 306
211 , 211
19 , 0
41 , 41
27 , 27
11 , 9
16 , 0
1 , 1
33 , 33
1 , 1
2 , 2
135 , 131
5 , 5
293 , 293
5171 , 5136
7 , 7
43 , 43
217 , 217
8 , 8
21 , 0
841 , 841
278 , 278
1755 , 1754
699 , 699
2 , 0
17 , 0
9 , 9
2 , 2
1 , 1
129 , 129
6 , 0
3370 , 3370
234 , 234
8290 , 8288
150 , 150
63 , 0
1218 , 1114
885 , 885
6 , 0
245 , 235
147 , 126
655 , 599
629 , 0
258 , 258
31 , 23
7530 , 7529
691 , 682
6 , 0
155 , 138
257 , 257
1 , 1
4 , 3
2 , 0
319 , 316
3 , 0
1 , 1
1203 , 1198
268 , 266
14 , 13
1 , 0
1 , 1
4 , 3
1 , 1
2596 , 2479
1054 , 1048
7 , 1
5762 , 5604
6 , 6
1 , 1
46 , 46
59 , 0
483 , 371
21 , 21
336 , 250
1457 , 1454
1 , 0
4421 , 4421
4 , 4
13 , 12
2 , 0
245 , 0
1 , 1
135 , 135
56 , 26
93 , 0
1 , 0
1064 , 826
7316 , 7316
1696 , 1673
134 , 81
520 , 514
3 , 3
35 , 0
4 , 0
198 , 143
19 , 19
642 , 642
2424 , 2424
2449 , 2448
2 , 1
1 , 0
67 , 67
3 , 0
2 , 2
2 , 0
16 , 16
1716 , 1700
53 , 53
2191 , 2191
2 , 2
1 , 1
177 , 174
12 , 12
4 , 0
36 , 15
7808 , 7808
324 , 324
103 , 103
16 , 0
639 , 639
68 , 68
7876 , 7875
34 , 34
82 , 0
894 , 878
13 , 12
8 , 0
3 , 0
1 , 1
44 , 17
11 , 11
1 , 0
16 , 0
3 , 0
2 , 0
2 , 0
2981 , 2981
41 , 41
13 , 0
3 , 3
5 , 0
11 , 0
2 , 2
445 , 115
53 , 48
2 , 2
2130 , 2130
5 , 0
1027 , 1024
254 , 0
580 , 580
3 , 2
87 , 84
2 , 0
354 , 320
1 , 1
1 , 1
363 , 363
21 , 19
1888 , 1888
1 , 0
303 , 302
31 , 29
28 , 0
1905 , 1905
1 , 1
6 , 5
2 , 2
1 , 0
10 , 10
1 , 1
4 , 4
5 , 4
3 , 3
66 , 66
3 , 0
2358 , 2357
770 , 758
1 , 1
304 , 302
61 , 61
1 , 1
31 , 31
37 , 37
751 , 742
2 , 2
118 , 51
4 , 0
83 , 0
1 , 0
1 , 1
5 , 0
1 , 0
68 , 0
2 , 2
178 , 178
3602 , 3580
663 , 654
2338 , 2338
38 , 33
2586 , 2586
520 , 514
2 , 1
59 , 0
97 , 83
72 , 71
7725 , 7718
18 , 0
324 , 324
59 , 59
4 , 4
14 , 14
235 , 0
688 , 688
17 , 17
1 , 0
6 , 5
8375 , 8373
376 , 376
594 , 589
66 , 66
1 , 1
279 , 279
1 , 1
5 , 5
3190 , 3190
2 , 2
671 , 671
1 , 0
3730 , 3561
9 , 9
2 , 0
3293 , 3274
225 , 225
1177 , 1177
1172 , 1172
3640 , 3637
5264 , 5102
3851 , 3768
6 , 6
2 , 2
4 , 3
125 , 121
1 , 1
2506 , 2506
748 , 748
196 , 196
16 , 11
2 , 2
1 , 0
18 , 0
4300 , 4266
1 , 1
2 , 0
5852 , 5852
1648 , 1648
1 , 0
2 , 0
6 , 6
304 , 295
18 , 9
6 , 0
10 , 10
869 , 559
3 , 3
1 , 0
43 , 0
1 , 1
5843 , 5843
149 , 149
2 , 0
10 , 4
1 , 1
36 , 36
143 , 143
10 , 10
70 , 70
198 , 198
3 , 0
70 , 69
9 , 9
1468 , 1384
173 , 173
8566 , 8565
116 , 112
22 , 22
1 , 1
837 , 739
385 , 378
7141 , 7141
628 , 517
1145 , 955
467 , 419
7 , 0
3318 , 3189
3602 , 3602
3583 , 3555
1442 , 1309
2266 , 2266
1266 , 1148
10 , 10
188 , 19
27 , 27
147 , 0
5317 , 5058
1 , 0
1978 , 1978
272 , 271
154 , 154
330 , 325
13 , 0
53 , 53
6178 , 6160
911 , 841
19 , 0
119 , 119
375 , 268
12 , 12
4 , 1
1591 , 1591
9814 , 9795
514 , 514
15 , 15
8183 , 8182
2366 , 2365
19 , 19
225 , 213
1718 , 1718
110 , 79
398 , 391
28 , 28
487 , 0
874 , 874
23 , 23
4 , 4
486 , 486
30 , 18
1 , 0
1 , 0
67 , 67
111 , 78
42 , 42
3 , 0
1 , 0
304 , 304
7 , 0
1854 , 1854
5124 , 4942
3799 , 3740
16 , 16
5 , 5
167 , 143
192 , 192
1 , 0
1290 , 1290
190 , 180
7 , 7
33 , 33
621 , 621
160 , 69
43 , 29
1 , 1
1 , 1
3878 , 3878
7 , 0
270 , 247
606 , 604
152 , 151
128 , 0
385 , 357
2 , 0
318 , 316
7 , 6
632 , 632
8 , 8
133 , 131
95 , 94
13 , 10
15 , 15
199 , 199
101 , 99
438 , 438
4522 , 4522
4 , 0
41 , 36
1668 , 1668
1 , 0
613 , 613
177 , 165
211 , 209
39 , 39
9213 , 9213
11 , 0
56 , 51
1 , 1
96 , 78
17 , 17
8 , 0
984 , 940
1 , 0
110 , 100
7 , 0
23 , 0
6 , 6
4 , 4
170 , 169
12 , 0
3032 , 2982
992 , 992
5 , 0
1 , 0
5331 , 5331
1 , 0
2 , 2
1 , 0
987 , 983
1 , 0
3541 , 3538
53 , 53
40 , 39
106 , 95
9876 , 9840
8601 , 8598
6036 , 6035
6 , 5
2 , 0
17 , 0
1327 , 1315
409 , 407
837 , 833
4 , 0
7 , 7
132 , 65
13 , 0
1 , 0
8 , 6
11 , 11
459 , 459
9921 , 9917
2437 , 2437
75 , 75
5 , 0
6182 , 6145
18 , 18
106 , 97
74 , 69
4205 , 4200
3 , 0
35 , 35
9 , 6
38 , 0
47 , 0
1493 , 1476
14 , 8
60 , 52
111 , 107
8 , 8
37 , 37
1 , 0
1 , 1
6 , 5
94 , 77
4 , 0
1 , 0
1 , 0
1659 , 1651
23 , 0
918 , 918
1 , 1
1085 , 1085
51 , 39
31 , 0
3569 , 3569
216 , 198
5324 , 5254
13 , 13
1 , 0
266 , 266
32 , 31
748 , 413
6 , 0
3 , 0
21 , 21
26 , 26
12 , 12
942 , 886
45 , 45
5 , 5
2251 , 2250
91 , 91
1 , 0
2922 , 2922
456 , 456
5965 , 5942
241 , 139
7972 , 7808
1 , 0
5212 , 5212
15 , 14
637 , 637
2 , 0
3 , 0
2 , 2
327 , 327
1732 , 1732
1 , 1
132 , 132
4 , 0
26 , 24
3 , 3
70 , 0
299 , 189
1 , 0
8 , 5
1643 , 1643
1 , 1
2 , 0
1594 , 1592
536 , 0
7 , 3
21 , 20
2 , 0
4079 , 4079
106 , 102
1047 , 1033
174 , 174
683 , 683
5984 , 5984
8959 , 8958
6679 , 6655
11 , 6
2 , 0
10 , 10
503 , 166
230 , 25
1 , 1
1 , 1
643 , 641
151 , 151
10 , 0
4 , 4
7 , 0
2067 , 2067
479 , 479
1 , 1
19 , 19
2508 , 2508
34 , 34
2 , 2
117 , 79
1780 , 1779
4 , 4
5 , 5
1 , 0
17 , 0
7738 , 7738
6 , 0
188 , 188
3122 , 3120
6 , 5
10 , 10
221 , 221
4 , 4
39 , 32
2356 , 2356
23 , 0
17 , 16
13 , 11
329 , 329
743 , 743
1 , 1
39 , 39
6 , 5
29 , 0
1 , 0
2 , 0
11 , 6
5 , 2
81 , 79
30 , 30
693 , 549
11 , 10
1648 , 1648
43 , 0
2 , 2
2 , 0
3155 , 3155
5 , 0
16 , 16
297 , 297
1968 , 1863
41 , 41
2060 , 2060
15 , 4
1 , 0
181 , 0
1 , 1
30 , 0
2034 , 699
323 , 297
1 , 1
108 , 108
1034 , 1034
27 , 20
79 , 0
26 , 0
6717 , 6716
1853 , 1853
1 , 0
6 , 0
380 , 17
1 , 1
1 , 0
58 , 23
81 , 52
8840 , 8840
1342 , 1270
1010 , 992
10 , 0
839 , 831
72 , 71
2 , 0
8001 , 8001
1 , 1
3777 , 3774
201 , 201
190 , 128
3926 , 3926
29 , 29
57 , 57
1 , 0
3834 , 3832
23 , 0
2499 , 2499
26 , 0
4 , 0
109 , 47
34 , 33
5420 , 5328
824 , 802
2 , 2
1 , 0
5 , 0
2 , 0
7812 , 7774
1492 , 1492
18 , 18
20 , 8
1871 , 1864
1 , 0
1347 , 1347
8 , 8
2 , 2
1 , 0
2 , 0
3528 , 3528
135 , 135
934 , 933
73 , 73
3932 , 3931
1347 , 1341
1 , 0
36 , 0
109 , 109
3 , 0
991 , 896
315 , 278
5 , 3
1 , 0
13 , 0
45 , 0
22 , 22
1863 , 1862
126 , 126
201 , 197
42 , 42
4089 , 4088
2742 , 2732
1 , 1
1 , 0
6 , 5
5 , 5
1 , 0
25 , 13
423 , 326
1373 , 1369
1333 , 1333
10 , 10
558 , 558
73 , 0
265 , 265
1169 , 992
4648 , 4613
1 , 0
6114 , 6114
1 , 1
264 , 264
419 , 419
6072 , 6072
4 , 4
3 , 1
2 , 0
9 , 9
83 , 83
143 , 143
34 , 0
45 , 44
128 , 95
68 , 67
594 , 594
8628 , 8627
494 , 0
659 , 659
29 , 29
347 , 347
142 , 0
8152 , 8152
1 , 0
2570 , 2562
20 , 20
7434 , 7434
18 , 18
94 , 81
172 , 162
478 , 478
389 , 389
48 , 16
1351 , 1351
206 , 206
82 , 82
1604 , 1110
5 , 4
4517 , 4516
1798 , 1798
5352 , 5349
2 , 0
5997 , 5989
142 , 101
1730 , 1727
7 , 6
17 , 0
6 , 0
1428 , 1427
9398 , 9304
85 , 0
5359 , 5358
1 , 1
91 , 91
22 , 22
24 , 0
2 , 0
181 , 108
1631 , 1631
173 , 129
6 , 6
1454 , 1452
203 , 196
518 , 516
1738 , 1738
3682 , 3664
7048 , 7048
335 , 335
6230 , 6218
8267 , 8182
3701 , 3675
884 , 884
1094 , 1030
3667 , 3611
54 , 16
104 , 98
236 , 198
32 , 31
5 , 0
206 , 206
1 , 0
715 , 715
128 , 128
100 , 100
1 , 1
892 , 892
219 , 161
5281 , 5281
34 , 0
5 , 0
27 , 27
5 , 5
34 , 0
15 , 12
169 , 169
2 , 2
93 , 75
6 , 6
817 , 723
4699 , 4626
10 , 10
508 , 507
9 , 9
1727 , 1727
1 , 0
961 , 961
3 , 3
3 , 3
1 , 1
2151 , 2151
1025 , 991
522 , 521
21 , 20
4 , 0
150 , 0
83 , 72
6 , 6
1 , 1
256 , 166
1 , 0
9 , 1
1 , 0
6 , 3
733 , 733
170 , 170
417 , 417
15 , 0
42 , 0
12 , 12
15 , 0
1 , 0
20 , 20
395 , 323
10 , 10
12 , 11
13 , 1
43 , 0
741 , 740
39 , 38
12 , 5
182 , 182
45 , 0
3109 , 3109
158 , 48
47 , 47
524 , 482
2330 , 2298
4 , 2
974 , 974
1 , 1
3240 , 3240
46 , 0
253 , 237
419 , 419
280 , 280
7 , 0
51 , 40
128 , 128
6 , 6
34 , 9
36 , 36
655 , 655
2236 , 1982
655 , 647
1918 , 1918
28 , 22
1 , 1
1 , 0
3826 , 3826
7 , 0
1 , 1
86 , 86
290 , 290
12 , 0
60 , 60
2078 , 2071
2 , 0
350 , 350
9 , 9
3233 , 3200
1789 , 1789
2 , 1
431 , 418
6 , 6
45 , 45
138 , 101
806 , 806
9428 , 9427
361 , 361
1 , 0
2481 , 2481
3356 , 3356
73 , 0
1 , 0
3241 , 3241
2779 , 2779
203 , 201
3 , 0
824 , 823
1 , 0
397 , 397
1099 , 1087
11 , 0
83 , 83
1 , 1
21 , 21
1571 , 1560
12 , 12
4 , 0
1347 , 1347
2 , 0
1470 , 1470
8 , 7
18 , 0
191 , 182
10 , 10
1 , 0
210 , 210
8 , 0
8 , 0
350 , 320
1 , 0
33 , 0
2452 , 2439
27 , 25
3 , 3
1 , 0
252 , 247
38 , 25
216 , 213
6 , 0
9045 , 8951
4248 , 4237
5 , 0
5 , 0
1 , 0
1768 , 1736
3 , 3
6 , 0
1 , 0
880 , 364
39 , 20
1354 , 1205
2677 , 2677
5047 , 5047
1 , 1
232 , 232
2 , 2
34 , 0
174 , 0
1831 , 1831
9638 , 9566
3255 , 3243
59 , 59
27 , 27
283 , 283
19 , 1
45 , 45
2 , 0
1814 , 1814
18 , 15
3 , 0
3106 , 2415
181 , 154
131 , 131
2 , 1
3462 , 3462
1 , 1
2 , 2
117 , 0
59 , 51
2915 , 2915
21 , 21
4 , 4
89 , 65
5 , 5
6 , 5
123 , 0
4859 , 4859
16 , 16
140 , 0
2883 , 2844
4 , 2
2160 , 2147
1183 , 925
6 , 1
2 , 0
40 , 39
2018 , 2018
162 , 159
489 , 489
22 , 19
1 , 0
31 , 29
670 , 625
141 , 140
125 , 125
4 , 4
11 , 11
1476 , 1476
3 , 0
153 , 148
1 , 0
2879 , 2879
2 , 2
6280 , 6280
260 , 260
475 , 475
6712 , 6491
3 , 3
27 , 27
1515 , 1513
93 , 73
1108 , 1108
7 , 0
62 , 62
8352 , 8352
1 , 1
1528 , 1528
12 , 0
1 , 0
48 , 48
4 , 4
134 , 104
2400 , 2180
1 , 1
1742 , 1742
6632 , 6470
57 , 57
6270 , 6268
405 , 381
1 , 1
6 , 6
2 , 0
3 , 3
9127 , 9127
2715 , 2653
15 , 13
734 , 662
1883 , 1883
229 , 126
33 , 32
60 , 60
385 , 385
3 , 0
3227 , 3227
2364 , 2360
8 , 4
2 , 2
6 , 0
169 , 169
87 , 87
28 , 28
9249 , 9249
1200 , 1198
565 , 559
20 , 20
44 , 39
1 , 0
1 , 1
2 , 0
393 , 393
5 , 0
1 , 1
73 , 0
20 , 20
140 , 81
28 , 28
192 , 190
8 , 0
228 , 205
322 , 322
11 , 11
8112 , 8106
539 , 523
210 , 210
8097 , 8089
110 , 110
23 , 23
7438 , 7312
6 , 6
115 , 103
1541 , 1541
5 , 0
21 , 14
3 , 3
282 , 201
7 , 0
15 , 0
57 , 28
251 , 251
34 , 0
12 , 0
672 , 672
523 , 523
5841 , 5841
4 , 0
56 , 56
3 , 0
1679 , 1647
13 , 5
47 , 0
441 , 441
3027 , 3027
267 , 251
5247 , 5247
4 , 0
34 , 26
10 , 10
3 , 2
698 , 698
1863 , 1863
1 , 1
1 , 0
960 , 960
175 , 113
2547 , 2545
8769 , 8758
289 , 280
16 , 0
702 , 702
12 , 12
1 , 1
2 , 2
318 , 318
4 , 4
15 , 15
164 , 155
9 , 0
923 , 923
30 , 30
81 , 66
21 , 21
135 , 135
324 , 0
1361 , 1356
2617 , 2581
5092 , 5092
198 , 196
40 , 40
5906 , 5649
5 , 0
6800 , 6790
3 , 0
821 , 485
1348 , 1308
18 , 0
8 , 8
6996 , 6879
2 , 0
1 , 0
5 , 5
1936 , 1936
1911 , 1911
1 , 1
1 , 0
26 , 25
131 , 131
5 , 4
40 , 0
198 , 198
271 , 271
2 , 0
104 , 80
1077 , 1065
5 , 5
51 , 36
81 , 77
28 , 0
7055 , 7055
670 , 660
5002 , 5002
25 , 0
4 , 4
26 , 0
85 , 84
18 , 8
3817 , 3817
23 , 23
2359 , 2359
2114 , 2114
1 , 1
234 , 229
3 , 3
403 , 403
4 , 4
420 , 420
108 , 108
57 , 57
302 , 277
30 , 26
11 , 0
535 , 535
3 , 0
2009 , 1887
12 , 12
1 , 0
37 , 37
25 , 18
96 , 0
15 , 0
2173 , 2161
2690 , 2689
9916 , 9916
25 , 21
3 , 0
1823 , 1580
266 , 0
41 , 0
159 , 158
340 , 0
67 , 8
3 , 3
23 , 23
191 , 188
100 , 100
1 , 0
7482 , 7481
2593 , 2593
164 , 147
115 , 115
4681 , 4681
1 , 0
926 , 467
133 , 133
34 , 0
5 , 5
5 , 5
20 , 19
1 , 1
40 , 38
4841 , 4827
86 , 86
2401 , 2401
89 , 89
9727 , 9706
4 , 0
236 , 236
1171 , 982
88 , 79
20 , 20
1 , 1
1 , 0
3571 , 3569
8896 , 8884
4447 , 4443
2 , 1
13 , 0
145 , 145
11 , 0
11 , 0
2 , 1
141 , 141
1528 , 1528
8344 , 8208
32 , 32
1519 , 1498
2 , 0
42 , 42
7423 , 7422
4900 , 4900
203 , 100
7 , 7
19 , 1
2 , 1
702 , 668
7845 , 7843
13 , 13
2558 , 2516
196 , 196
14 , 0
28 , 28
4 , 4
17 , 0
5 , 5
73 , 73
1762 , 1761
2 , 1
1041 , 1019
299 , 299
10 , 0
3966 , 3966
349 , 336
1 , 0
1145 , 1144
14 , 0
19 , 19
560 , 556
2878 , 2870
2 , 2
4 , 4
1 , 0
3 , 3
1578 , 1377
179 , 179
999 , 904
1206 , 1203
790 , 777
897 , 896
7 , 7
5669 , 5274
1461 , 1461
52 , 52
7376 , 7271
8380 , 8379
3836 , 3595
4453 , 4453
5 , 0
189 , 187
65 , 63
181 , 181
379 , 379
16 , 16
1404 , 1329
431 , 429
1 , 1
5798 , 5798
4 , 4
165 , 84
1599 , 1582
20 , 20
8 , 0
46 , 46
921 , 920
31 , 31
5 , 0
5 , 0
23 , 0
925 , 925
46 , 0
602 , 602
1 , 1
25 , 25
82 , 73
527 , 511
66 , 53
43 , 33
474 , 474
1 , 1
2984 , 2926
31 , 31
2 , 2
2 , 0
25 , 3
86 , 86
95 , 95
909 , 857
22 , 21
2 , 0
145 , 0
1723 , 1715
165 , 165
3 , 2
5607 , 5595
3481 , 3386
405 , 405
18 , 18
562 , 344
135 , 135
883 , 883
440 , 438
110 , 106
52 , 51
2 , 2
1073 , 1066
81 , 81
8 , 1
1910 , 1910
1 , 0
4 , 4
161 , 160
7 , 3
2 , 2
553 , 507
29 , 0
5 , 5
3 , 3
1 , 0
6 , 0
3233 , 3228
59 , 59
2176 , 2157
6 , 0
4 , 0
264 , 264
2 , 2
4661 , 4660
45 , 45
236 , 236
1 , 1
2 , 2
765 , 761
2 , 0
14 , 11
4 , 4
2857 , 2686
438 , 437
7179 , 7179
233 , 233
1 , 0
6 , 0
4758 , 4758
8 , 7
5616 , 5616
8990 , 8977
141 , 141
49 , 29
49 , 0
110 , 102
385 , 379
86 , 0
10 , 10
52 , 24
418 , 417
8 , 8
2023 , 2007
10 , 0
8 , 5
88 , 56
295 , 295
174 , 174
1897 , 1774
5 , 5
1 , 1
1 , 1
2109 , 2109
2 , 0
1403 , 1400
82 , 76
100 , 0
116 , 116
4 , 4
45 , 45
6 , 0
290 , 234
123 , 22
145 , 0
11 , 0
4 , 4
1 , 0
420 , 251
54 , 0
4062 , 4061
6124 , 5879
85 , 85
2215 , 2215
8 , 0
47 , 6
1 , 0
19 , 19
161 , 160
30 , 30
46 , 3
7914 , 7914
34 , 34
33 , 30
587 , 587
4 , 4
3231 , 3231
2 , 2
40 , 34
346 , 281
5952 , 5929
1 , 0
2 , 0
13 , 11
2128 , 1930
5 , 5
1 , 0
687 , 687
8 , 8
8985 , 8985
1 , 1
47 , 47
7021 , 7016
2 , 2
4672 , 4672
7 , 7
135 , 18
4 , 2
145 , 144
417 , 417
872 , 872
2 , 2
6198 , 6198
2 , 2
804 , 804
56 , 56
1667 , 1666
5 , 5
2097 , 2095
20 , 2
34 , 26
1 , 1
262 , 258
1 , 1
91 , 91
3688 , 3636
1843 , 1841
4 , 4
1 , 1
1 , 1
33 , 33
13 , 0
1 , 1
180 , 172
15 , 15
9809 , 9800
1 , 0
11 , 11
71 , 69
44 , 24
306 , 306
412 , 412
166 , 166
966 , 942
3973 , 3816
1373 , 1184
1 , 1
8703 , 8691
162 , 162
21 , 0
31 , 31
1647 , 1647
3277 , 3277
3980 , 3754
147 , 62
1 , 0
1787 , 1718
5790 , 5672
201 , 185
1 , 0
40 , 40
21 , 20
4 , 0
91 , 87
7 , 7
37 , 37
1 , 1
19 , 19
1437 , 1437
820 , 676
50 , 48
89 , 40
696 , 691
27 , 5
645 , 633
832 , 832
56 , 48
2711 , 2663
2 , 2
660 , 572
2075 , 1781
2118 , 2118
226 , 185
276 , 276
286 , 285
198 , 198
40 , 40
3 , 2
1 , 0
12 , 12
3 , 2
1 , 1
526 , 57
56 , 56
1 , 0
8 , 0
55 , 51
1 , 0
75 , 75
60 , 16
760 , 759
515 , 515
3 , 0
1978 , 1497
4228 , 4228
3499 , 3499
1 , 0
69 , 0
3 , 3
1772 , 1769
122 , 108
6590 , 6574
1897 , 1897
3040 , 3036
3 , 2
190 , 190
913 , 0
153 , 153
3201 , 3190
364 , 364
9277 , 9277
2998 , 2934
16 , 16
66 , 66
149 , 148
26 , 12
1690 , 1579
7 , 1
24 , 21
44 , 44
9 , 9
31 , 31
20 , 19
286 , 286
8682 , 8657
2 , 2
350 , 344
1143 , 1143
653 , 653
816 , 816
84 , 0
5783 , 5783
9768 , 9753
4 , 0
1004 , 1004
5 , 5
6 , 6
1729 , 1729
9 , 0
33 , 0
91 , 91
3558 , 3558
3 , 3
2073 , 2062
65 , 0
2535 , 2532
18 , 18
515 , 515
7 , 7
92 , 0
1 , 0
1897 , 1897
2 , 2
796 , 726
116 , 115
2 , 0
183 , 7
4 , 4
3502 , 3134
1 , 0
5445 , 5437
7983 , 7983
2351 , 2350
2 , 2
2 , 2
1 , 0
3069 , 3069
2 , 2
658 , 657
18 , 18
2 , 0
9775 , 9740
7663 , 7663
7403 , 7005
4777 , 4777
24 , 17
5 , 0
97 , 97
2 , 2
2 , 2
1243 , 1241
6793 , 6793
86 , 85
4 , 0
394 , 374
440 , 440
2005 , 2004
7 , 7
332 , 329
257 , 257
255 , 255
1 , 1
4937 , 4895
6 , 6
60 , 43
114 , 114
1 , 0
1 , 0
476 , 476
40 , 40
8261 , 8258
4 , 0
7823 , 7823
4147 , 3962
21 , 21
1 , 0
2476 , 2475
2 , 0
1666 , 1666
3 , 1
3979 , 3979
1 , 0
1 , 1
1023 , 1022
7 , 0
8015 , 8015
52 , 0
332 , 311
56 , 0
56 , 56
4 , 0
250 , 250
70 , 70
1 , 0
703 , 692
2 , 2
1 , 0
713 , 502
70 , 56
23 , 0
16 , 0
4 , 4
2046 , 2046
618 , 459
2 , 0
158 , 155
8684 , 8684
208 , 206
1919 , 1887
186 , 185
1779 , 1779
515 , 515
41 , 41
69 , 0
647 , 647
136 , 136
1 , 1
3 , 0
8814 , 8814
74 , 40
1 , 0
26 , 26
145 , 90
5 , 3
5 , 5
19 , 19
635 , 635
3059 , 3057
3 , 0
7 , 4
1 , 0
2 , 0
314 , 314
40 , 39
1710 , 1709
585 , 584
5 , 5
14 , 11
247 , 247
433 , 425
9230 , 9230
2494 , 2343
1732 , 1732
3000 , 3000
312 , 312
87 , 47
3 , 0
1 , 0
22 , 21
3 , 2
2 , 2
4101 , 4101
809 , 809
9347 , 9347
11 , 11
6217 , 6191
263 , 0
239 , 239
69 , 69
1255 , 1184
2485 , 2481
2 , 2
35 , 35
150 , 150
174 , 174
512 , 512
1 , 0
1 , 0
402 , 261
1 , 0
15 , 0
427 , 420
110 , 108
11 , 7
81 , 81
5 , 5
148 , 148
484 , 296
154 , 0
576 , 576
3 , 3
627 , 614
77 , 73
1 , 0
3 , 3
1 , 0
24 , 0
336 , 331
2 , 2
2750 , 2750
1 , 1
216 , 213
1972 , 1912
1966 , 1966
1745 , 1745
3252 , 3247
40 , 0
6 , 0
10 , 0
6094 , 5822
53 , 50
3 , 3
14 , 14
20 , 0
1976 , 1773
37 , 22
21 , 20
40 , 34
65 , 29
1 , 0
24 , 24
5442 , 5111
1 , 1
1197 , 1197
230 , 70
2 , 0
206 , 206
31 , 21
33 , 33
67 , 66
12 , 11
27 , 17
2787 , 2786
1460 , 1302
4969 , 4969
680 , 680
2167 , 2167
559 , 559
65 , 0
248 , 248
1247 , 1247
13 , 13
28 , 15
253 , 253
6 , 4
9388 , 9388
25 , 0
2 , 1
3 , 3
705 , 697
699 , 679
6051 , 6051
3 , 3
1 , 1
65 , 65
2 , 2
140 , 139
1 , 1
5 , 5
440 , 440
9 , 9
1 , 1
1984 , 1964
1451 , 1451
286 , 277
1 , 0
12 , 12
97 , 93
40 , 17
2 , 0
169 , 129
375 , 363
6083 , 6083
2620 , 2609
10 , 10
1 , 0
109 , 76
34 , 34
111 , 110
245 , 213
896 , 740
54 , 53
5 , 5
463 , 0
954 , 954
20 , 0
5 , 5
1613 , 1613
13 , 13
1216 , 1017
3 , 0
1315 , 1186
65 , 46
1487 , 1428
16 , 16
973 , 907
64 , 64
193 , 160
8835 , 8823
3 , 0
449 , 449
2557 , 2553
534 , 534
1 , 1
2 , 0
1 , 0
9947 , 9947
11 , 11
998 , 995
35 , 30
211 , 201
2 , 0
83 , 0
196 , 176
4910 , 4910
1655 , 1651
1340 , 1322
2 , 0
1 , 0
8 , 8
2073 , 1582
73 , 73
4 , 0
333 , 333
5967 , 5966
1284 , 1284
3 , 3
2 , 0
94 , 93
100 , 0
161 , 161
5629 , 5629
39 , 39
20 , 20
5444 , 5418
3506 , 3493
1002 , 1000
3 , 3
111 , 102
511 , 511
20 , 15
4770 , 4757
1 , 0
3561 , 3555
3 , 0
1 , 1
9 , 9
3326 , 3315
3028 , 3015
95 , 95
7261 , 7260
15 , 15
127 , 127
609 , 609
15 , 0
3 , 0
331 , 331
1 , 1
2 , 1
18 , 0
3255 , 3255
2431 , 2431
1185 , 1167
6 , 0
2188 , 2188
374 , 321
588 , 588
2 , 0
361 , 361
1 , 0
1 , 1
278 , 278
217 , 217
17 , 17
4103 , 4103
4346 , 4343
45 , 0
12 , 12
58 , 40
4992 , 4943
82 , 80
10 , 0
8 , 1
9841 , 9841
138 , 137
6 , 6
25 , 0
638 , 638
1 , 0
881 , 881
6 , 0
624 , 0
1 , 0
3 , 3
1571 , 1559
82 , 82
2 , 0
1617 , 1517
1 , 0
87 , 85
11 , 0
2 , 2
5 , 0
2162 , 2162
58 , 57
15 , 14
695 , 691
4 , 4
1485 , 1481
34 , 10
772 , 749
15 , 15
156 , 154
4 , 0
2239 , 2238
189 , 189
180 , 180
1204 , 1204
408 , 398
204 , 199
8 , 4
9207 , 8377
2 , 2
4098 , 4098
1322 , 1322
15 , 0
192 , 136
36 , 0
106 , 103
28 , 0
1080 , 1052
278 , 274
7 , 7
6669 , 6659
245 , 245
22 , 22
1 , 0
35 , 29
96 , 88
5 , 1
86 , 86
3 , 0
4301 , 4294
217 , 206
1 , 1
3905 , 3900
2 , 2
2174 , 2174
15 , 8
5 , 0
4537 , 4537
19 , 19
2 , 0
45 , 45
6 , 0
12 , 11
1 , 0
13 , 12
1 , 1
2 , 2
765 , 765
11 , 11
403 , 403
30 , 30
319 , 319
2 , 0
1 , 0
234 , 181
152 , 150
58 , 58
101 , 100
3 , 3
7 , 6
43 , 43
1 , 0
1 , 0
1 , 1
81 , 42
3591 , 3589
3385 , 3121
4 , 4
883 , 878
1 , 0
13 , 9
62 , 62
32 , 0
70 , 0
1675 , 1675
653 , 653
11 , 11
18 , 18
831 , 0
21 , 3
25 , 24
69 , 68
4 , 2
81 , 0
82 , 82
6805 , 6805
4117 , 4115
1919 , 1882
96 , 0
8 , 0
2619 , 2619
463 , 458
885 , 885
1 , 1
512 , 511
19 , 19
2 , 2
6 , 0
84 , 82
35 , 0
3 , 1
5823 , 5823
8662 , 8660
5 , 0
18 , 18
4749 , 4749
6 , 1
222 , 221
7 , 0
3593 , 3593
8 , 8
2 , 2
1214 , 1208
1342 , 1337
2832 , 2797
6315 , 6315
3000 , 524
180 , 180
147 , 147
118 , 117
8723 , 8121
1 , 1
390 , 338
62 , 38
5 , 0
276 , 276
703 , 671
12 , 12
1373 , 1364
50 , 49
166 , 165
1 , 1
2117 , 2117
13 , 13
4 , 0
43 , 36
80 , 78
9436 , 9436
3 , 3
172 , 172
688 , 688
10 , 8
158 , 158
266 , 266
1 , 0
802 , 802
3812 , 3809
6590 , 6590
5 , 0
810 , 810
63 , 61
122 , 64
394 , 394
7111 , 7101
40 , 40
2 , 2
8 , 8
79 , 0
9367 , 9366
643 , 643
4 , 0
4580 , 4580
1614 , 1612
1370 , 1365
12 , 12
4 , 0
9 , 1
51 , 0
170 , 166
37 , 37
45 , 39
3180 , 3178
40 , 38
8540 , 7622
1722 , 1718
469 , 469
63 , 0
1 , 1
60 , 60
62 , 61
723 , 721
1067 , 1042
1 , 0
1 , 0
7903 , 7902
1 , 1
27 , 27
2978 , 2969
3291 , 3289
2 , 0
3 , 0
1 , 0
1 , 0
40 , 30
25 , 25
1503 , 1492
65 , 65
1153 , 1153
12 , 12
1452 , 1389
52 , 47
42 , 37
22 , 22
1419 , 1417
10 , 10
198 , 198
2 , 2
462 , 370
2 , 2
859 , 851
245 , 228
6 , 5
1 , 0
84 , 81
8891 , 8700
36 , 13
1997 , 1994
952 , 950
1734 , 1734
9 , 0
1470 , 1470
29 , 27
156 , 156
59 , 59
7 , 4
44 , 0
3157 , 3157
9945 , 9945
188 , 0
1 , 1
4 , 4
544 , 544
670 , 670
410 , 410
1 , 1
10 , 0
27 , 20
9 , 9
933 , 933
22 , 20
4387 , 4162
592 , 562
721 , 721
2 , 1
66 , 61
5005 , 5005
7684 , 7684
67 , 67
45 , 0
7174 , 7170
7524 , 7524
679 , 679
6649 , 6649
1 , 1
9878 , 9875
1 , 1
2668 , 2668
3704 , 3645
109 , 109
2317 , 2155
628 , 628
2 , 0
1 , 0
2 , 2
118 , 118
4508 , 4508
85 , 85
18 , 18
70 , 70
512 , 338
1 , 1
124 , 0
1 , 1
43 , 43
20 , 20
1 , 1
403 , 403
41 , 40
8903 , 8903
15 , 15
57 , 51
26 , 26
125 , 125
262 , 258
1 , 1
60 , 35
818 , 783
489 , 489
416 , 206
6695 , 6651
37 , 0
74 , 69
834 , 834
4027 , 4025
357 , 317
1411 , 1411
241 , 241
200 , 188
182 , 0
147 , 146
33 , 25
239 , 239
9555 , 9545
874 , 873
5552 , 5546
34 , 34
666 , 665
86 , 86
376 , 376
3977 , 3971
25 , 12
37 , 0
4160 , 4160
4 , 1
23 , 0
13 , 4
140 , 124
53 , 53
1 , 0
1 , 0
3 , 1
1743 , 1743
434 , 99
105 , 0
8 , 0
98 , 93
1482 , 1475
1 , 1
1218 , 1212
145 , 145
58 , 0
1 , 1
2241 , 1670
34 , 34
4435 , 4430
2395 , 2388
28 , 13
1426 , 1420
472 , 0
250 , 250
902 , 902
5 , 5
1 , 1
1045 , 1045
151 , 150
9946 , 9946
178 , 178
112 , 112
100 , 100
15 , 15
6 , 0
3 , 3
85 , 85
92 , 92
27 , 22
189 , 187
5515 , 5265
51 , 43
62 , 1
32 , 0
231 , 206
263 , 263
705 , 705
1 , 1
39 , 38
12 , 10
164 , 151
69 , 69
9 , 1
95 , 67
4830 , 4828
981 , 976
1112 , 1107
53 , 45
12 , 0
5783 , 5780
1342 , 1310
4153 , 4153
6965 , 6869
8 , 0
5474 , 5474
7 , 3
143 , 132
46 , 0
14 , 14
13 , 0
134 , 0
14 , 9
1 , 0
13 , 13
4342 , 4342
5406 , 5406
13 , 13
8 , 0
1 , 1
2 , 2
76 , 46
5000 , 4999
15 , 0
7 , 0
34 , 34
1 , 1
7 , 0
1 , 1
31 , 29
58 , 58
23 , 23
1 , 1
4 , 4
46 , 0
1409 , 1409
1 , 0
73 , 73
4 , 0
58 , 58
17 , 0
1 , 0
9 , 7
1016 , 1008
2 , 0
924 , 924
7 , 6
53 , 22
7160 , 7160
218 , 218
8936 , 8923
43 , 43
75 , 75
49 , 49
4 , 3
43 , 29
2683 , 2632
154 , 154
572 , 572
2322 , 2297
2101 , 2101
1 , 1
136 , 136
1 , 0
2489 , 2489
5425 , 5416
84 , 1
2 , 0
156 , 153
93 , 93
3270 , 3261
41 , 37
2 , 2
1427 , 1427
350 , 347
1 , 1
5 , 5
3 , 0
5 , 5
74 , 65
3 , 3
274 , 274
9 , 9
27 , 27
35 , 33
1 , 1
3088 , 3088
182 , 178
1 , 1
1 , 0
5253 , 5253
49 , 49
1283 , 1277
19 , 19
277 , 277
16 , 16
76 , 35
6 , 0
4082 , 4074
3 , 3
6 , 1
2 , 2
3419 , 3417
43 , 43
668 , 668
121 , 104
15 , 0
526 , 526
1403 , 1403
2 , 2
5 , 5
545 , 505
17 , 17
4 , 2
461 , 421
4 , 4
674 , 674
3 , 3
237 , 0
1854 , 1853
1 , 0
4626 , 4626
2 , 2
145 , 145
178 , 178
38 , 23
322 , 322
852 , 843
3 , 3
13 , 13
138 , 138
8271 , 8271
7 , 5
1 , 1
7 , 7
1 , 1
800 , 580
2163 , 2065
404 , 404
2867 , 2853
508 , 458
3 , 0
1298 , 1298
3474 , 2235
1232 , 1232
5 , 0
2 , 0
166 , 166
414 , 407
36 , 35
231 , 223
15 , 13
251 , 0
1 , 0
2 , 0
13 , 13
1 , 0
13 , 13
2417 , 2417
10 , 1
3764 , 3764
174 , 174
102 , 102
63 , 0
139 , 139
6 , 6
45 , 25
11 , 7
6441 , 6440
341 , 341
54 , 53
3117 , 3117
70 , 68
825 , 825
2 , 0
2994 , 2985
2 , 2
4 , 0
1180 , 1041
18 , 18
14 , 13
1 , 0
1 , 0
799 , 797
544 , 544
5 , 5
19 , 0
3 , 2
4828 , 4497
5064 , 5063
9835 , 9825
34 , 17
8949 , 8949
23 , 23
7617 , 7615
2 , 2
322 , 322
12 , 0
14 , 14
117 , 0
1196 , 1196
1395 , 1097
258 , 255
1 , 0
6708 , 6695
742 , 742
2155 , 2155
3036 , 3012
6039 , 5631
6 , 4
4 , 0
1752 , 1752
112 , 39
73 , 62
7306 , 7306
1937 , 1936
85 , 0
1281 , 1281
1150 , 1115
15 , 12
3197 , 3197
8 , 8
23 , 23
1 , 1
347 , 52
1 , 0
3483 , 3482
2 , 0
1084 , 967
1 , 0
5 , 0
1718 , 1718
3128 , 3069
6 , 1
154 , 154
97 , 96
42 , 11
1 , 1
1192 , 1192
7337 , 7337
24 , 24
61 , 61
5 , 4
449 , 449
761 , 761
3 , 0
3044 , 3044
68 , 51
31 , 0
2 , 0
194 , 194
2513 , 2511
101 , 100
9278 , 9278
365 , 365
81 , 81
34 , 34
202 , 192
20 , 19
4240 , 3476
2130 , 2119
705 , 705
2 , 0
4834 , 4834
1 , 0
22 , 22
5603 , 5603
11 , 11
4757 , 4757
42 , 36
26 , 0
50 , 50
1 , 0
1567 , 1564
6359 , 6319
29 , 29
1 , 0
518 , 502
9 , 0
62 , 50
3 , 3
29 , 29
548 , 346
276 , 272
36 , 36
21 , 21
10 , 0
3371 , 3357
155 , 0
1 , 1
2 , 2
2092 , 2090
485 , 485
2811 , 2811
2 , 2
338 , 338
22 , 22
11 , 11
388 , 0
20 , 20
6 , 0
155 , 155
144 , 141
7434 , 7434
860 , 859
2 , 2
2338 , 2338
647 , 605
1 , 1
7 , 0
50 , 49
652 , 650
12 , 0
3175 , 3175
816 , 816
42 , 0
1 , 1
57 , 57
75 , 0
312 , 0
1 , 0
1 , 0
712 , 374
2505 , 2279
15 , 15
123 , 119
1030 , 999
2 , 0
455 , 455
11 , 0
1 , 0
865 , 865
1 , 0
4777 , 4752
6 , 6
189 , 189
1989 , 1983
737 , 721
3207 , 3204
9 , 0
89 , 89
147 , 147
2311 , 2311
13 , 13
213 , 201
25 , 25
97 , 95
1527 , 1526
2 , 0
462 , 461
263 , 234
3821 , 3803
1406 , 1404
1 , 1
9 , 9
3 , 3
2172 , 2172
574 , 574
286 , 226
4 , 3
21 , 19
611 , 611
1 , 0
776 , 776
5 , 5
579 , 513
488 , 488
25 , 25
289 , 289
2 , 0
210 , 0
10 , 10
178 , 177
4 , 4
2 , 2
87 , 86
4 , 0
32 , 32
7 , 7
5873 , 5774
1 , 0
6745 , 6745
1 , 0
9835 , 9835
402 , 85
2 , 2
6152 , 6140
1 , 0
312 , 252
1 , 1
870 , 870
2 , 2
1 , 0
458 , 407
4427 , 4426
1454 , 1454
104 , 0
2 , 2
1 , 0
3673 , 3673
509 , 506
2 , 0
3 , 1
7978 , 7978
1 , 1
15 , 15
12 , 7
176 , 130
3533 , 3531
988 , 962
8380 , 8359
38 , 37
49 , 49
487 , 473
3 , 0
31 , 0
551 , 551
1 , 1
1 , 1
1 , 1
942 , 942
454 , 83
814 , 805
158 , 150
28 , 0
61 , 34
4 , 4
3884 , 3883
10 , 10
14 , 0
8413 , 8413
1 , 0
13 , 13
18 , 0
6 , 2
3311 , 3291
1276 , 1212
1 , 0
4472 , 4472
15 , 0
1643 , 1622
20 , 4
2 , 2
3156 , 3112
1 , 0
13 , 0
399 , 344
30 , 30
83 , 83
79 , 79
1 , 0
72 , 5
1 , 1
9250 , 9227
2 , 2
1 , 1
26 , 26
187 , 154
161 , 161
203 , 203
2 , 0
31 , 17
10 , 0
146 , 146
1174 , 1173
3469 , 3469
2 , 0
1 , 1
42 , 42
9 , 9
246 , 239
396 , 396
2 , 0
724 , 229
9 , 0
27 , 27
149 , 149
2578 , 2526
73 , 44
1 , 1
1521 , 1496
1276 , 1276
26 , 26
1280 , 0
5 , 5
66 , 45
1 , 1
14 , 8
5 , 5
6 , 2
70 , 70
4 , 0
49 , 49
12 , 0
4 , 0
30 , 30
1 , 0
117 , 70
1 , 1
4 , 3
4 , 0
147 , 87
7051 , 7051
5 , 0
3232 , 3232
37 , 37
22 , 0
12 , 12
581 , 581
815 , 815
42 , 0
102 , 102
1 , 0
74 , 74
1338 , 1338
17 , 14
1 , 1
76 , 76
16 , 5
10 , 10
2215 , 2215
1136 , 1133
3298 , 3298
4 , 4
1331 , 1316
36 , 35
5 , 5
1471 , 1459
108 , 51
3008 , 3006
13 , 9
1 , 0
959 , 957
12 , 0
2764 , 2764
6 , 6
1810 , 1808
3 , 0
3960 , 3461
1373 , 1358
2 , 0
735 , 735
246 , 246
57 , 49
1363 , 1362
6881 , 6876
1 , 0
6593 , 6589
92 , 66
2166 , 2164
25 , 8
150 , 0
4 , 4
1510 , 1494
16 , 11
39 , 39
447 , 412
963 , 963
37 , 37
50 , 50
5 , 5
151 , 150
1112 , 1100
1933 , 1933
34 , 34
33 , 28
1068 , 1068
1246 , 1246
267 , 266
130 , 110
96 , 96
2225 , 2175
192 , 188
116 , 105
3 , 0
2 , 0
3 , 1
33 , 33
30 , 30
1934 , 1933
14 , 13
7 , 6
9 , 0
497 , 497
67 , 67
885 , 885
1743 , 1740
6351 , 6345
7297 , 7297
40 , 40
130 , 129
1 , 1
799 , 798
44 , 21
168 , 0
111 , 85
6608 , 6195
1271 , 1269
1 , 1
23 , 23
4 , 0
12 , 0
14 , 0
7123 , 7114
13 , 13
113 , 113
7826 , 7826
353 , 298
253 , 253
5 , 5
8 , 8
8 , 8
18 , 16
193 , 178
2 , 0
6622 , 6539
9 , 0
1 , 1
16 , 14
389 , 389
190 , 189
1681 , 1681
1707 , 1705
4 , 2
9975 , 9975
51 , 51
2 , 0
2 , 1
6934 , 6934
302 , 292
3 , 0
20 , 20
20 , 18
1 , 0
300 , 233
1 , 1
5001 , 4942
13 , 8
22 , 19
5932 , 5931
1131 , 1131
3 , 2
14 , 0
777 , 777
3 , 0
10 , 9
588 , 587
2 , 0
12 , 12
253 , 251
7 , 6
2950 , 2950
44 , 38
24 , 24
1213 , 1201
22 , 22
70 , 0
2 , 1
7141 , 7071
2462 , 2418
41 , 5
1805 , 1805
509 , 480
8359 , 8357
1 , 0
4130 , 4104
3852 , 3640
14 , 0
6424 , 6397
2 , 0
1 , 0
7510 , 7510
569 , 562
27 , 14
3441 , 3441
39 , 36
67 , 0
1 , 0
1 , 1
589 , 589
871 , 785
6721 , 6699
2034 , 2034
15 , 0
26 , 26
9 , 9
4626 , 4626
8399 , 8399
6 , 6
8 , 5
92 , 89
1356 , 1333
18 , 14
90 , 0
82 , 82
6269 , 6269
54 , 52
17 , 0
377 , 341
6 , 0
25 , 0
24 , 24
4 , 4
4 , 0
191 , 189
9 , 7
3 , 0
1 , 1
69 , 62
18 , 7
3218 , 3218
32 , 31
1 , 1
7 , 0
2 , 0
60 , 60
8876 , 8825
19 , 13
183 , 183
1333 , 861
8927 , 8885
4586 , 4586
1 , 0
461 , 447
197 , 197
5 , 5
239 , 239
4 , 4
3325 , 3304
5489 , 5483
7077 , 7075
2 , 0
33 , 0
1241 , 185
13 , 13
20 , 8
1042 , 1008
307 , 307
802 , 802
2 , 1
2 , 2
2858 , 2858
68 , 68
3422 , 3422
24 , 7
2 , 0
522 , 521
1 , 1
32 , 32
1 , 0
7063 , 7063
2 , 1
924 , 922
2827 , 2780
7 , 1
54 , 54
11 , 10
79 , 78
189 , 189
20 , 20
367 , 367
8173 , 8163
3 , 0
125 , 123
25 , 25
813 , 150
9691 , 9685
12 , 5
5084 , 5082
780 , 657
580 , 558
16 , 16
232 , 232
63 , 61
447 , 447
2 , 2
38 , 18
4 , 4
11 , 11
68 , 67
105 , 105
93 , 52
1121 , 1121
2451 , 2451
7772 , 7772
2419 , 2419
24 , 12
116 , 94
97 , 97
2488 , 2483
1 , 0
7 , 0
1 , 1
23 , 0
45 , 45
2 , 2
587 , 0
5456 , 5456
77 , 77
299 , 299
2 , 0
25 , 0
3 , 3
407 , 406
13 , 0
245 , 207
71 , 62
8 , 0
4 , 4
2 , 2
1 , 0
2 , 2
4 , 3
2 , 1
1867 , 1816
2 , 0
4 , 4
11 , 11
161 , 161
103 , 103
19 , 19
47 , 45
1213 , 1213
1 , 0
406 , 406
44 , 44
10 , 4
6 , 0
1 , 1
122 , 118
30 , 6
69 , 61
485 , 485
355 , 311
23 , 0
2 , 0
18 , 18
2 , 0
105 , 104
18 , 18
19 , 0
2 , 2
18 , 0
24 , 0
1738 , 1727
6760 , 6750
1 , 1
5846 , 3958
123 , 123
11 , 11
5007 , 5007
30 , 21
19 , 19
7453 , 7440
9 , 0
358 , 358
206 , 180
1 , 0
1 , 0
2997 , 2997
14 , 14
7 , 5
6 , 0
290 , 290
770 , 589
117 , 0
33 , 27
117 , 0
690 , 654
443 , 443
1223 , 1065
1 , 0
1064 , 741
5 , 4
3 , 3
7 , 0
1 , 1
29 , 29
7 , 7
601 , 505
24 , 23
17 , 17
460 , 460
699 , 699
245 , 245
1 , 0
2 , 2
650 , 614
22 , 0
633 , 633
115 , 115
7 , 7
2 , 2
350 , 350
1 , 0
2 , 0
2751 , 2751
631 , 631
307 , 306
8 , 4
115 , 115
86 , 86
5 , 5
2776 , 2776
92 , 0
1892 , 1892
278 , 278
2 , 0
1384 , 1384
1 , 1
140 , 132
4 , 3
2118 , 2075
9 , 6
69 , 67
8103 , 8103
152 , 0
85 , 84
1 , 0
761 , 639
32 , 26
506 , 479
3 , 3
1 , 0
2 , 2
94 , 82
9636 , 9636
2 , 2
4 , 0
1 , 1
24 , 24
23 , 19
940 , 940
7886 , 7884
3 , 3
2843 , 2826
2 , 0
1659 , 1128
4 , 4
1293 , 1293
20 , 16
9739 , 9738
4698 , 4692
17 , 17
3 , 2
16 , 16
35 , 0
1646 , 1625
3 , 3
1 , 1
101 , 101
18 , 17
532 , 532
4029 , 3911
2610 , 2604
2276 , 2246
17 , 0
4 , 4
720 , 716
9800 , 9800
1963 , 1947
91 , 91
5328 , 5274
702 , 702
320 , 312
3 , 0
43 , 39
2686 , 2686
2 , 1
242 , 242
2262 , 2262
919 , 890
11 , 2
5 , 4
21 , 16
33 , 0
1078 , 1071
1761 , 1726
2402 , 2394
1343 , 1343
2 , 2
3 , 3
5976 , 5976
2 , 2
110 , 39
1 , 1
429 , 429
2332 , 2330
2 , 0
13 , 7
96 , 96
4610 , 4580
1 , 0
4 , 0
6586 , 6573
2238 , 2216
1 , 0
4 , 4
517 , 486
7418 , 7412
3783 , 3776
129 , 126
514 , 514
118 , 118
4 , 0
1095 , 1095
1 , 1
58 , 58
108 , 108
44 , 44
1 , 0
94 , 0
18 , 17
5360 , 5286
3604 , 3569
335 , 335
153 , 153
1214 , 1097
4 , 0
246 , 246
80 , 0
183 , 183
889 , 536
1398 , 1385
1 , 1
4908 , 4908
399 , 399
1 , 1
8 , 0
93 , 76
18 , 15
161 , 161
2 , 0
3238 , 3238
3550 , 3525
119 , 119
64 , 64
28 , 28
6227 , 6196
1005 , 1005
7962 , 7962
4 , 4
12 , 0
381 , 144
6 , 5
1 , 0
143 , 143
2 , 2
12 , 0
11 , 11
8 , 8
8 , 0
1 , 1
1 , 0
52 , 36
12 , 3
1447 , 1446
3678 , 3609
47 , 34
8 , 0
2 , 0
6385 , 6284
4 , 0
1 , 1
1 , 0
74 , 74
28 , 26
56 , 56
1 , 0
17 , 17
3 , 3
3 , 0
1949 , 1949
36 , 30
309 , 301
11 , 3
8 , 2
1 , 1
129 , 129
1 , 0
19 , 16
93 , 76
1191 , 1189
7095 , 7088
6 , 0
1 , 1
154 , 123
1 , 0
35 , 28
172 , 171
821 , 685
174 , 150
6048 , 6048
433 , 382
366 , 366
1 , 1
9964 , 9924
10 , 10
154 , 154
827 , 815
209 , 209
1 , 0
2 , 2
7088 , 7088
2 , 0
2 , 0
43 , 43
165 , 165
38 , 37
3 , 3
1 , 1
620 , 607
16 , 16
19 , 9
4173 , 4080
166 , 37
3 , 3
6 , 6
1020 , 574
1 , 1
4790 , 4789
17 , 14
1 , 1
49 , 49
208 , 208
170 , 170
5 , 2
3 , 3
974 , 969
248 , 248
11 , 11
8127 , 8127
85 , 0
1559 , 1559
66 , 51
8 , 2
33 , 33
1681 , 1539
1897 , 1894
2 , 2
276 , 275
9303 , 9303
238 , 174
7 , 2
125 , 124
1 , 0
6 , 6
176 , 176
1039 , 826
1 , 0
2327 , 2326
953 , 953
102 , 66
133 , 123
1727 , 1715
7 , 7
1 , 0
324 , 316
19 , 0
124 , 124
3059 , 3059
10 , 0
1696 , 1696
1542 , 1540
2471 , 2471
1 , 1
4 , 0
103 , 103
2929 , 2929
308 , 276
3 , 2
18 , 0
31 , 25
244 , 244
24 , 0
5149 , 5147
718 , 713
1233 , 1224
3949 , 3940
157 , 0
16 , 16
283 , 283
24 , 11
442 , 442
1065 , 1065
114 , 110
45 , 45
6365 , 6360
9025 , 9025
5 , 0
5 , 5
1006 , 610
49 , 49
9 , 9
8 , 0
16 , 9
3 , 3
1543 , 1543
30 , 8
74 , 59
1808 , 1808
593 , 591
602 , 585
2 , 0
4316 , 4299
73 , 0
17 , 17
4194 , 4193
3 , 0
3354 , 3354
96 , 95
7 , 0
820 , 810
1223 , 668
4 , 4
6 , 5
3967 , 3939
2 , 2
1 , 1
12 , 12
212 , 211
6 , 0
114 , 50
306 , 306
36 , 36
28 , 28
3637 , 3631
2 , 0
18 , 0
1 , 1
939 , 939
4653 , 4653
23 , 23
30 , 29
868 , 864
264 , 264
4698 , 4698
7 , 7
1024 , 991
8 , 7
4 , 0
106 , 0
1128 , 1061
1 , 1
561 , 561
6648 , 6648
1 , 1
403 , 403
1 , 0
1 , 0
40 , 37
1 , 0
1066 , 1029
1 , 0
3495 , 3380
157 , 157
3 , 2
1 , 1
526 , 520
85 , 85
201 , 201
5 , 5
132 , 129
2 , 0
2 , 0
206 , 206
3082 , 3015
15 , 15
1 , 0
169 , 164
13 , 11
309 , 0
21 , 0
991 , 990
2 , 0
1 , 0
57 , 54
42 , 16
5456 , 5454
54 , 34
23 , 0
5 , 4
1 , 1
14 , 14
204 , 204
657 , 468
2 , 0
10 , 9
85 , 77
3 , 0
51 , 33
2388 , 2365
137 , 127
7 , 0
408 , 408
7714 , 7592
8071 , 8040
294 , 132
7530 , 7530
2 , 2
1 , 0
448 , 445
286 , 0
64 , 64
549 , 261
1309 , 1297
382 , 322
1 , 1
7424 , 7424
1749 , 1749
2 , 2
692 , 600
2 , 2
5 , 0
2 , 2
22 , 13
3 , 1
5 , 5
105 , 105
31 , 31
47 , 0
180 , 175
1802 , 1802
2555 , 2555
2 , 0
54 , 0
1 , 0
2 , 0
1 , 1
2 , 0
1 , 1
1948 , 1358
56 , 0
2000 , 1923
25 , 0
518 , 516
178 , 174
162 , 157
258 , 257
1560 , 1560
1 , 1
2 , 2
13 , 13
489 , 489
1 , 1
732 , 732
662 , 657
14 , 0
2 , 0
10 , 10
1674 , 1672
867 , 867
2 , 2
138 , 101
325 , 325
67 , 49
2484 , 2474
1118 , 1076
19 , 19
6 , 6
582 , 582
123 , 123
4429 , 4429
1748 , 1748
707 , 700
8 , 8
7 , 2
10 , 0
2168 , 2167
40 , 40
1251 , 1251
160 , 111
203 , 0
676 , 676
18 , 18
12 , 7
8 , 0
2 , 0
1272 , 1257
26 , 26
817 , 817
894 , 653
9480 , 9480
1320 , 1253
14 , 14
16 , 0
699 , 677
4060 , 4060
3 , 1
3725 , 3725
2087 , 2072
1589 , 1588
5 , 5
25 , 25
1 , 1
79 , 78
5 , 5
74 , 74
6919 , 6914
1424 , 1424
59 , 0
37 , 23
65 , 65
464 , 325
83 , 66
6 , 0
2 , 0
23 , 22
4 , 4
16 , 15
5 , 5
674 , 636
8789 , 8789
7552 , 7552
70 , 0
6506 , 6506
129 , 128
2 , 2
69 , 67
25 , 0
113 , 90
17 , 14
2 , 0
5821 , 5821
190 , 180
7873 , 7697
19 , 19
4 , 3
252 , 252
2253 , 2143
1 , 1
1047 , 1047
3 , 2
8932 , 8930
4305 , 4271
12 , 0
8 , 8
11 , 11
9 , 0
1 , 0
4 , 4
17 , 17
521 , 521
2197 , 2177
429 , 306
2 , 0
1808 , 1807
6 , 6
3641 , 3627
2 , 0
6090 , 6072
2 , 2
1 , 0
157 , 157
7 , 0
2 , 2
13 , 10
112 , 98
1 , 0
105 , 0
3093 , 3092
5350 , 5348
917 , 917
19 , 19
7 , 0
47 , 47
126 , 126
9840 , 9840
1 , 1
3 , 2
475 , 471
6 , 6
2099 , 2099
28 , 28
4 , 4
4 , 4
327 , 314
7 , 7
8 , 3
61 , 61
2 , 2
2 , 0
12 , 12
61 , 61
3700 , 3700
8250 , 8247
972 , 737
191 , 191
710 , 683
1233 , 1228
9973 , 9973
687 , 687
5 , 0
856 , 856
4 , 0
7 , 7
185 , 185
15 , 15
177 , 0
5 , 0
138 , 138
1837 , 1827
4 , 3
652 , 651
49 , 49
540 , 530
7 , 7
212 , 211
24 , 16
1 , 0
60 , 52
1 , 1
8 , 0
223 , 223
24 , 0
1012 , 969
244 , 241
8 , 0
52 , 0
8 , 8
479 , 479
6638 , 6638
8 , 7
8 , 8
3 , 3
6912 , 6911
1 , 1
1 , 1
4 , 0
5282 , 5278
203 , 201
12 , 8
423 , 408
1 , 1
4466 , 4466
13 , 0
4827 , 4827
189 , 176
1 , 0
4 , 0
634 , 634
3 , 0
4 , 0
377 , 365
12 , 0
5961 , 5950
47 , 47
211 , 211
20 , 18
43 , 42
288 , 272
12 , 11
2868 , 2865
12 , 12
108 , 102
207 , 207
133 , 131
4446 , 4443
117 , 117
71 , 66
400 , 400
3 , 3
33 , 6
45 , 34
52 , 52
3 , 0
22 , 3
6 , 5
499 , 391
1 , 0
2098 , 2098
1 , 1
7 , 7
8 , 8
133 , 128
105 , 102
829 , 816
206 , 204
6930 , 6930
5 , 5
83 , 83
36 , 35
690 , 690
840 , 840
10 , 0
9 , 7
43 , 43
20 , 20
76 , 76
12 , 11
1004 , 1004
1 , 0
1 , 0
100 , 88
96 , 78
119 , 93
785 , 779
997 , 877
4 , 0
2 , 0
151 , 150
5 , 5
4220 , 4216
11 , 0
207 , 204
223 , 206
1 , 1
210 , 210
880 , 880
1 , 0
2499 , 2498
6432 , 6432
6416 , 6416
12 , 0
8484 , 8483
6 , 4
43 , 34
390 , 290
2 , 0
3 , 3
650 , 650
1 , 0
737 , 737
23 , 23
10 , 10
1932 , 1930
7963 , 7962
673 , 672
797 , 797
1 , 1
1335 , 1330
8315 , 8251
29 , 29
1661 , 1661
349 , 349
10 , 9
85 , 85
35 , 22
2 , 0
463 , 463
5 , 5
2022 , 2001
230 , 228
74 , 24
48 , 48
1561 , 1561
1 , 1
733 , 696
118 , 118
9 , 0
2 , 2
1 , 1
228 , 228
1 , 1
36 , 0
138 , 87
63 , 63
102 , 102
1 , 1
1070 , 1070
280 , 280
15 , 11
2639 , 2637
787 , 578
4 , 0
3005 , 3005
127 , 106
2 , 0
355 , 346
475 , 475
736 , 729
1 , 0
96 , 93
53 , 53
6307 , 6300
3217 , 3206
27 , 27
6 , 6
4783 , 4783
65 , 0
1142 , 1142
6 , 0
3 , 3
52 , 52
4046 , 4046
663 , 0
20 , 20
22 , 21
26 , 15
1 , 0
1584 , 1584
8320 , 8252
32 , 32
21 , 21
1 , 1
3286 , 3284
7660 , 7658
2923 , 1817
10 , 0
161 , 161
7 , 5
4381 , 4353
1 , 1
2475 , 2399
117 , 19
1 , 0
118 , 118
2 , 0
1 , 1
112 , 112
3 , 0
6 , 0
214 , 214
94 , 94
9375 , 9367
26 , 26
3 , 0
29 , 28
1945 , 1945
66 , 52
82 , 0
3 , 3
838 , 837
140 , 140
3000 , 2988
885 , 885
214 , 201
3 , 3
32 , 32
1 , 1
4200 , 3820
92 , 92
5860 , 5860
17 , 17
5 , 0
2606 , 2606
3 , 3
13 , 9
4434 , 4434
1799 , 1799
3 , 1
5 , 4
11 , 0
2310 , 2256
4936 , 4936
140 , 139
22 , 22
3413 , 3413
23 , 23
360 , 360
690 , 671
151 , 151
1 , 0
1458 , 1458
1 , 0
1 , 0
3 , 2
83 , 76
8250 , 8250
1324 , 1317
59 , 59
26 , 0
752 , 752
1 , 1
267 , 261
315 , 185
11 , 9
7 , 7
10 , 10
2 , 2
5 , 0
2061 , 2053
64 , 64
1 , 0
12 , 7
10 , 10
2904 , 2901
3630 , 3630
283 , 283
12 , 0
23 , 22
627 , 625
1114 , 1108
891 , 890
16 , 0
16 , 16
61 , 61
2 , 0
9 , 0
2 , 2
499 , 499
357 , 357
16 , 15
2 , 0
17 , 17
1212 , 1210
63 , 63
10 , 3
5 , 0
9 , 9
7 , 0
2 , 0
190 , 190
6 , 6
41 , 41
3347 , 3336
1 , 0
1 , 1
70 , 70
1128 , 990
4 , 4
8 , 8
2922 , 2922
385 , 385
33 , 33
941 , 940
234 , 128
8442 , 8442
380 , 380
10 , 10
3 , 1
3 , 3
8454 , 8419
2 , 0
40 , 40
137 , 137
74 , 74
19 , 19
355 , 355
96 , 96
1539 , 1539
157 , 157
419 , 419
18 , 18
1 , 0
7 , 5
2 , 0
99 , 99
12 , 10
47 , 13
7 , 0
44 , 24
321 , 239
76 , 65
5776 , 5768
35 , 35
1220 , 1219
408 , 408
576 , 576
182 , 166
3 , 3
75 , 69
273 , 273
5080 , 5080
2 , 0
1 , 1
2 , 0
46 , 46
1560 , 1558
3004 , 2981
26 , 23
684 , 683
22 , 22
7342 , 7342
7333 , 7333
267 , 266
193 , 193
91 , 91
233 , 205
2 , 0
285 , 245
1 , 0
391 , 391
5 , 0
1 , 0
662 , 662
84 , 83
63 , 62
4 , 4
1 , 1
1126 , 1126
1801 , 1801
334 , 319
1 , 0
19 , 19
12 , 0
5744 , 5744
825 , 823
6 , 6
6132 , 6132
2 , 1
406 , 406
634 , 634
40 , 40
1 , 1
98 , 98
1 , 0
437 , 437
103 , 103
12 , 10
1796 , 1395
8 , 7
1 , 0
132 , 39
6385 , 6114
1 , 0
1917 , 1914
34 , 0
3551 , 3551
26 , 0
180 , 180
321 , 317
6 , 0
1335 , 1335
1 , 1
142 , 142
1 , 1
11 , 10
222 , 221
357 , 342
465 , 417
2337 , 2267
8 , 1
380 , 380
1 , 0
7010 , 7010
21 , 0
5 , 0
2 , 2
82 , 75
332 , 306
1924 , 1922
6097 , 6097
3336 , 3301
4 , 0
84 , 84
1028 , 1012
1 , 1
2 , 2
8 , 0
60 , 32
96 , 96
2324 , 2299
2341 , 2329
19 , 0
65 , 52
36 , 36
4754 , 4754
15 , 15
72 , 72
48 , 48
995 , 988
1 , 1
2886 , 2885
261 , 181
7684 , 7619
8922 , 8918
26 , 26
113 , 89
9110 , 9110
585 , 585
198 , 184
8 , 7
24 , 20
772 , 772
937 , 936
526 , 526
19 , 19
205 , 0
179 , 64
1381 , 1375
8094 , 8094
4 , 4
15 , 15
3 , 0
3 , 0
1 , 0
36 , 34
11 , 11
101 , 101
109 , 93
44 , 44
3593 , 3583
346 , 343
1 , 1
3334 , 3334
980 , 980
1 , 1
7 , 0
5 , 5
94 , 92
22 , 9
126 , 125
2 , 0
145 , 145
3039 , 3035
7 , 7
54 , 54
2 , 2
204 , 204
1240 , 1240
1 , 1
13 , 0
844 , 843
524 , 524
59 , 0
152 , 152
750 , 747
486 , 486
54 , 54
7639 , 7639
138 , 138
1 , 0
1 , 1
47 , 47
7 , 7
551 , 550
218 , 218
14 , 14
2317 , 1563
9563 , 9563
249 , 249
1 , 0
24 , 11
1 , 1
35 , 35
36 , 32
1 , 0
1014 , 1014
11 , 0
3799 , 3766
105 , 0
12 , 12
548 , 286
813 , 813
57 , 31
2 , 0
2 , 2
6611 , 6368
163 , 157
12 , 11
1 , 0
24 , 24
1333 , 1243
6 , 0
6774 , 6774
10 , 10
113 , 0
402 , 390
11 , 11
3 , 3
329 , 329
2 , 0
7 , 0
213 , 207
3 , 3
7207 , 7207
5382 , 5358
441 , 441
8 , 8
1 , 0
77 , 77
7399 , 7396
25 , 25
142 , 73
41 , 41
6 , 6
24 , 24
8 , 6
8180 , 8180
2 , 0
129 , 121
329 , 327
866 , 866
105 , 105
7320 , 7320
6 , 6
11 , 0
2 , 0
2 , 2
2 , 2
3207 , 3207
27 , 27
52 , 52
2 , 1
6 , 3
28 , 0
1 , 0
1 , 0
163 , 128
80 , 0
4 , 0
54 , 53
439 , 439
100 , 100
1596 , 1596
1 , 1
9806 , 9806
5 , 5
1527 , 1527
586 , 586
4047 , 4047
8 , 8
491 , 349
3 , 0
239 , 238
9989 , 9989
25 , 0
698 , 691
291 , 291
4885 , 4885
364 , 364
1385 , 1356
156 , 122
2 , 0
3 , 0
2 , 0
80 , 80
7 , 0
12 , 3
1 , 0
4 , 4
9 , 9
474 , 474
58 , 57
6233 , 6143
1 , 0
7496 , 7496
5 , 0
660 , 660
4145 , 4074
6 , 2
1 , 0
14 , 14
27 , 0
5 , 0
220 , 220
558 , 558
10 , 10
83 , 83
6 , 3
1 , 0
13 , 13
50 , 50
334 , 0
2186 , 2166
25 , 25
3471 , 3471
106 , 102
20 , 20
565 , 565
124 , 116
784 , 784
4301 , 4301
1035 , 1035
82 , 72
246 , 245
172 , 172
5 , 5
4 , 0
100 , 100
1 , 1
3 , 0
1 , 0
703 , 676
470 , 173
173 , 173
54 , 51
3 , 0
4646 , 4645
130 , 130
28 , 28
4 , 2
844 , 842
1 , 0
1 , 0
3048 , 3047
1865 , 1826
1 , 0
264 , 264
137 , 136
4 , 4
40 , 0
2490 , 2490
1 , 1
19 , 17
75 , 70
3 , 3
138 , 138
3288 , 3142
204 , 202
1 , 0
66 , 66
1 , 0
8318 , 8318
5 , 0
2218 , 2218
12 , 0
705 , 705
7113 , 7113
7 , 1
4683 , 4675
602 , 602
228 , 72
1504 , 1504
11 , 0
16 , 0
9287 , 9285
2274 , 2207
788 , 788
270 , 270
1319 , 1318
122 , 83
181 , 150
326 , 325
15 , 0
188 , 168
11 , 5
9057 , 9051
21 , 19
4 , 0
35 , 35
3944 , 3936
10 , 10
13 , 11
102 , 102
4341 , 4341
2 , 2
1015 , 1006
2180 , 2180
3 , 3
138 , 138
1 , 0
1 , 1
21 , 21
293 , 293
64 , 64
1750 , 1157
1 , 0
588 , 533
1 , 1
80 , 79
12 , 0
1752 , 1752
7 , 7
1548 , 1502
59 , 44
3628 , 3628
40 , 0
321 , 321
259 , 259
109 , 0
14 , 0
19 , 19
1129 , 1121
2012 , 2012
1 , 0
34 , 34
10 , 0
8 , 8
26 , 10
5 , 2
5 , 5
1 , 1
133 , 131
1 , 1
499 , 499
61 , 60
5 , 5
1 , 0
2264 , 2263
1074 , 1074
7 , 0
9 , 9
18 , 18
441 , 441
2 , 1
1 , 0
1 , 0
82 , 0
1 , 1
1 , 0
452 , 451
2 , 2
5 , 5
305 , 302
6 , 6
790 , 405
10 , 10
104 , 101
247 , 247
1 , 0
98 , 90
1122 , 1112
13 , 13
1282 , 1282
9 , 0
12 , 12
7 , 7
3 , 0
2 , 0
9687 , 9622
419 , 118
36 , 36
1420 , 1411
2414 , 2412
9 , 7
1 , 0
1 , 0
1 , 0
689 , 689
5276 , 5136
24 , 24
1213 , 1206
5 , 0
21 , 0
111 , 0
2 , 0
1240 , 1236
4360 , 4322
1935 , 1933
6318 , 6318
3 , 3
468 , 401
25 , 0
1212 , 1212
6 , 6
61 , 61
6713 , 6706
143 , 142
28 , 14
1414 , 1413
1708 , 1708
2318 , 2161
27 , 27
1 , 0
16 , 16
7 , 7
12 , 0
20 , 19
19 , 0
4 , 0
771 , 771
4 , 4
1507 , 1507
468 , 465
440 , 440
810 , 802
131 , 131
6001 , 5985
6 , 4
3 , 2
93 , 93
17 , 2
18 , 18
3 , 1
1579 , 1579
8963 , 8961
1 , 0
1 , 1
221 , 0
1446 , 1436
1 , 0
40 , 37
509 , 495
4872 , 4425
2 , 1
103 , 103
26 , 26
3 , 3
1 , 0
9 , 5
1303 , 1302
36 , 36
127 , 109
303 , 302
5 , 2
8890 , 8890
3104 , 3044
541 , 533
2 , 2
76 , 76
4679 , 4678
1 , 0
12 , 12
5 , 0
8 , 8
57 , 37
72 , 0
5 , 0
6 , 6
18 , 18
5 , 5
11 , 11
886 , 886
133 , 128
1 , 0
11 , 11
76 , 76
3094 , 3094
151 , 0
2 , 2
18 , 3
27 , 27
4483 , 4482
7241 , 7241
23 , 23
1 , 1
1337 , 1336
596 , 596
5997 , 5992
1776 , 1766
2 , 2
15 , 15
4254 , 4254
2 , 2
3091 , 2580
1 , 1
2 , 2
55 , 55
322 , 322
307 , 269
1 , 1
3 , 3
4244 , 4239
420 , 411
1 , 1
69 , 56
401 , 401
9523 , 9521
112 , 88
4267 , 4258
66 , 22
1 , 1
2 , 2
6443 , 6443
2 , 0
96 , 96
1 , 0
17 , 15
2256 , 2002
3 , 0
423 , 423
1212 , 671
9 , 7
36 , 2
6 , 0
3266 , 3264
25 , 25
304 , 303
431 , 431
1 , 0
3 , 0
1 , 0
5 , 5
4935 , 4766
2 , 0
4 , 0
65 , 60
6 , 5
3944 , 3944
3380 , 3380
37 , 0
1404 , 1404
3 , 3
1 , 0
15 , 0
2 , 2
4 , 3
6603 , 6603
6834 , 6834
18 , 12
8446 , 8445
1058 , 1058
242 , 242
56 , 0
7261 , 7261
7 , 0
2946 , 2942
67 , 67
38 , 0
3 , 3
2 , 1
1 , 0
12 , 0
87 , 87
719 , 719
47 , 9
1044 , 1044
4 , 1
2147 , 2147
6382 , 6381
1 , 1
2340 , 2340
43 , 39
6674 , 6649
880 , 874
3012 , 3012
227 , 0
6 , 0
1 , 0
2 , 1
439 , 433
38 , 38
445 , 445
13 , 0
1 , 0
32 , 32
32 , 0
965 , 965
6797 , 6797
2550 , 2549
13 , 13
9672 , 9672
1571 , 1570
702 , 662
1232 , 1232
28 , 0
64 , 55
345 , 0
11 , 11
3228 , 3153
15 , 15
1 , 0
2 , 2
1 , 0
12 , 10
2 , 2
14 , 0
363 , 359
636 , 636
1 , 0
291 , 284
258 , 161
28 , 0
10 , 10
72 , 27
406 , 367
17 , 17
9258 , 9240
57 , 57
13 , 13
1 , 1
1 , 0
6 , 6
8421 , 8421
281 , 266
1 , 1
1 , 0
620 , 290
3 , 3
18 , 18
27 , 26
6599 , 6598
5846 , 5759
4 , 4
1389 , 1388
427 , 425
12 , 12
416 , 415
1 , 1
4220 , 4220
1 , 0
890 , 0
1 , 1
2819 , 2819
5 , 4
495 , 495
191 , 191
89 , 7
5 , 5
2 , 2
1 , 1
69 , 63
3 , 0
8577 , 8576
2215 , 2181
14 , 13
967 , 966
2 , 0
21 , 21
8 , 0
1 , 1
220 , 219
67 , 67
20 , 20
509 , 426
440 , 411
441 , 393
4 , 0
72 , 59
1686 , 1686
18 , 17
401 , 373
8428 , 8428
135 , 132
6 , 4
9 , 0
7129 , 7126
21 , 15
960 , 960
5688 , 5652
45 , 45
94 , 93
64 , 42
1 , 1
11 , 0
3870 , 3810
1092 , 1092
6816 , 6815
18 , 0
54 , 52
4413 , 4409
3 , 3
11 , 11
777 , 777
1741 , 1648
59 , 14
7 , 0
424 , 424
3 , 0
112 , 108
1 , 0
27 , 26
1 , 1
32 , 0
922 , 841
23 , 22
82 , 78
251 , 223
867 , 867
135 , 83
20 , 20
26 , 26
21 , 20
38 , 38
1758 , 1755
144 , 127
2 , 2
38 , 38
1 , 1
1315 , 1314
4032 , 4031
646 , 430
2118 , 2118
1 , 0
3820 , 3819
3 , 3
21 , 0
6 , 0
776 , 776
946 , 933
1 , 0
9 , 6
4 , 0
5 , 5
5067 , 5045
1 , 0
76 , 74
1 , 1
11 , 11
4538 , 4538
27 , 0
2 , 2
4 , 0
1363 , 1363
1 , 0
97 , 97
1581 , 1557
2905 , 2905
4422 , 4065
7 , 0
17 , 17
1988 , 1988
224 , 224
24 , 14
278 , 278
10 , 9
130 , 129
9393 , 9393
85 , 73
169 , 169
1 , 0
8 , 0
3234 , 3234
9170 , 9170
110 , 110
1 , 1
4 , 2
2 , 1
74 , 74
1070 , 1070
1 , 0
1 , 0
2 , 2
2 , 2
28 , 28
927 , 926
82 , 82
1 , 1
4846 , 4841
22 , 19
19 , 19
71 , 71
14 , 3
64 , 63
31 , 31
3 , 3
422 , 422
1619 , 1618
174 , 172
292 , 292
71 , 63
81 , 81
129 , 0
645 , 645
3999 , 3999
2 , 2
8 , 5
5 , 0
7 , 7
1 , 0
14 , 0
356 , 356
22 , 22
2 , 2
4 , 4
10 , 0
575 , 575
54 , 54
8531 , 8531
2994 , 2918
1186 , 1186
83 , 78
1 , 0
2 , 2
5 , 5
90 , 75
5462 , 5455
28 , 0
164 , 148
18 , 18
28 , 0
23 , 20
144 , 136
2542 , 2321
8 , 5
130 , 119
77 , 28
30 , 30
6 , 0
8 , 8
69 , 69
10 , 10
1252 , 1238
3794 , 3760
1 , 0
545 , 545
2 , 0
3 , 3
10 , 7
2 , 0
60 , 46
