83 , 83
23 , 23
1911 , 1911
60 , 60
161 , 161
450 , 450
171 , 171
57 , 57
804 , 804
3 , 3
25 , 25
13 , 13
17 , 17
3630 , 3630
1 , 1
148 , 148
8 , 8
1268 , 1268
51 , 51
5 , 5
43 , 43
2642 , 2642
2529 , 2529
2 , 2
21 , 21
1 , 1
8 , 8
45 , 42
2 , 0
89 , 89
5196 , 5193
6 , 6
497 , 497
63 , 63
1 , 1
288 , 285
1430 , 1430
4 , 4
230 , 230
777 , 777
5 , 5
765 , 765
2 , 2
17 , 17
851 , 851
3737 , 3737
6 , 6
7 , 7
1 , 1
31 , 31
94 , 94
904 , 904
12 , 12
495 , 495
147 , 147
314 , 311
90 , 90
475 , 475
2 , 2
100 , 100
31 , 31
2 , 2
20 , 20
5 , 5
6 , 6
2 , 2
268 , 268
2721 , 2721
1785 , 1785
35 , 35
1035 , 1035
1 , 1
3 , 3
662 , 662
9089 , 9089
562 , 559
611 , 611
83 , 83
27 , 27
56 , 56
1520 , 1520
1 , 1
19 , 19
515 , 515
9431 , 9431
3 , 0
5131 , 5131
1 , 1
4263 , 4263
36 , 36
2 , 2
2 , 2
1 , 1
1 , 1
14 , 14
1 , 1
22 , 22
4780 , 4780
2 , 2
200 , 198
8 , 8
22 , 22
39 , 39
370 , 370
304 , 304
45 , 45
164 , 161
176 , 176
545 , 545
2619 , 2619
5140 , 5140
1 , 1
10 , 10
281 , 281
656 , 656
27 , 27
1109 , 1109
385 , 385
5 , 2
1 , 1
5 , 5
267 , 267
6384 , 6384
28 , 28
11 , 11
344 , 344
9038 , 9038
1 , 1
26 , 26
3686 , 3686
15 , 15
1278 , 1275
29 , 29
1328 , 1328
4 , 4
39 , 36
166 , 166
520 , 520
1 , 1
119 , 119
197 , 197
16 , 16
10 , 10
1 , 1
71 , 71
2 , 2
1684 , 1684
47 , 47
20 , 20
5239 , 5239
12 , 12
563 , 563
498 , 498
1 , 1
24 , 24
293 , 293
34 , 34
1 , 1
19 , 19
8844 , 8844
49 , 49
68 , 68
4 , 4
1477 , 1477
101 , 101
2 , 2
207 , 204
76 , 76
39 , 39
9 , 9
1619 , 1619
1 , 1
227 , 222
453 , 453
53 , 53
2839 , 2839
14 , 14
3922 , 3922
3896 , 3896
4 , 4
2042 , 2042
109 , 109
681 , 681
51 , 49
166 , 166
259 , 259
1 , 1
19 , 19
31 , 31
138 , 138
1 , 1
116 , 116
16 , 16
1 , 0
1 , 1
2 , 2
2 , 2
70 , 67
91 , 91
18 , 18
80 , 80
12 , 12
1 , 1
1 , 1
2 , 2
6 , 6
1 , 1
1 , 1
163 , 163
85 , 82
11 , 11
87 , 84
2 , 2
3 , 3
2 , 2
4536 , 4536
1005 , 1005
737 , 737
5 , 5
3901 , 3901
1 , 1
6 , 6
1 , 1
2817 , 2814
8 , 8
8 , 8
770 , 770
119 , 116
188 , 188
18 , 18
644 , 644
2065 , 2065
24 , 24
124 , 124
469 , 469
92 , 92
91 , 91
326 , 326
16 , 16
16 , 16
104 , 104
1 , 1
1175 , 1175
3641 , 3641
7 , 7
73 , 73
32 , 29
3 , 3
4423 , 4423
3 , 3
16 , 13
34 , 32
8 , 8
232 , 232
11 , 11
7 , 7
5 , 5
2 , 2
1409 , 1409
2319 , 2319
76 , 76
117 , 117
33 , 33
5 , 5
1318 , 1318
55 , 55
2 , 2
165 , 165
60 , 60
265 , 265
28 , 28
2 , 2
26 , 26
3153 , 3153
21 , 18
6718 , 6718
52 , 49
4 , 4
231 , 231
1142 , 1142
2469 , 2469
139 , 139
268 , 268
35 , 35
1 , 1
11 , 11
148 , 148
1048 , 1048
6 , 6
36 , 36
10 , 7
21 , 19
2314 , 2314
67 , 67
2087 , 2087
8902 , 8900
399 , 399
132 , 132
2 , 2
1242 , 1242
20 , 20
1919 , 1916
520 , 520
9 , 7
1064 , 1061
5 , 5
1 , 1
25 , 25
6 , 6
17 , 17
1431 , 1431
1 , 0
103 , 103
1 , 1
9393 , 9393
5476 , 5476
4379 , 4379
9324 , 9324
4 , 4
69 , 69
3730 , 3730
19 , 19
15 , 15
1 , 1
15 , 15
1 , 1
7 , 4
3931 , 3931
1 , 1
24 , 24
9 , 9
3913 , 3913
1 , 1
1863 , 1863
32 , 32
1 , 1
2670 , 2670
16 , 16
332 , 332
1226 , 1226
8 , 5
3 , 0
95 , 95
3727 , 3727
249 , 249
7 , 4
2065 , 2065
1876 , 1876
72 , 72
3812 , 3812
1 , 1
427 , 424
17 , 17
226 , 226
3331 , 3331
1 , 1
72 , 72
310 , 310
6340 , 6340
807 , 807
6969 , 6969
2 , 2
16 , 16
2638 , 2638
1 , 1
3657 , 3657
5572 , 5572
554 , 549
219 , 219
7299 , 7299
1 , 1
153 , 153
16 , 16
36 , 36
5 , 5
630 , 630
2034 , 2034
40 , 40
38 , 38
1 , 1
4 , 4
40 , 40
31 , 31
2 , 2
12 , 12
221 , 221
130 , 130
60 , 60
5593 , 5593
30 , 30
100 , 98
5 , 5
25 , 25
4110 , 4110
1759 , 1759
3 , 3
2014 , 2014
359 , 359
2112 , 2110
680 , 680
13 , 13
2 , 2
5 , 5
98 , 98
1858 , 1858
75 , 75
15 , 15
4737 , 4737
28 , 28
3 , 3
3 , 0
1 , 1
5 , 5
3194 , 3194
126 , 126
98 , 98
588 , 588
4 , 4
128 , 128
45 , 45
16 , 13
52 , 52
991 , 988
4 , 4
41 , 41
2382 , 2382
3 , 3
38 , 38
203 , 203
1 , 0
3129 , 3129
3 , 3
189 , 189
557 , 557
834 , 834
1 , 1
5 , 5
3132 , 3129
12 , 9
1553 , 1553
8 , 8
274 , 274
1 , 1
1058 , 1058
6 , 6
55 , 55
1 , 1
79 , 79
18 , 18
10 , 8
45 , 45
272 , 272
2 , 2
26 , 26
24 , 24
2580 , 2580
21 , 21
1 , 1
1 , 1
7803 , 7803
12 , 12
3956 , 3956
13 , 13
16 , 16
9 , 9
9130 , 9130
54 , 51
83 , 83
2 , 2
74 , 74
12 , 12
1878 , 1878
3478 , 3478
824 , 824
3 , 3
578 , 575
24 , 24
9363 , 9363
7028 , 7028
7405 , 7403
2263 , 2263
427 , 427
1 , 1
11 , 11
215 , 215
6 , 4
1 , 1
4 , 4
13 , 13
3235 , 3233
456 , 456
4 , 0
1306 , 1304
15 , 12
71 , 68
21 , 21
12 , 12
745 , 745
63 , 63
6 , 6
1 , 1
72 , 72
21 , 21
2480 , 2480
8521 , 8521
239 , 237
781 , 781
19 , 19
5 , 5
418 , 418
60 , 57
23 , 23
1 , 0
2 , 2
2 , 2
289 , 289
1881 , 1881
1 , 1
756 , 756
1 , 1
4524 , 4524
7 , 7
4 , 4
7 , 7
1618 , 1618
2 , 2
1 , 0
127 , 127
7 , 4
1486 , 1486
28 , 26
322 , 322
84 , 84
620 , 617
7166 , 7166
18 , 15
12 , 12
5 , 5
13 , 13
9017 , 9017
83 , 83
592 , 592
8288 , 8288
310 , 310
30 , 30
11 , 11
2 , 2
403 , 403
4 , 4
2437 , 2437
110 , 110
10 , 10
9848 , 9848
43 , 40
14 , 14
775 , 775
11 , 11
2 , 0
1 , 1
2850 , 2850
166 , 163
3 , 3
2 , 2
33 , 33
8 , 5
1876 , 1876
2688 , 2688
15 , 15
3 , 3
1090 , 1090
14 , 14
222 , 222
488 , 488
839 , 839
99 , 99
4 , 4
9 , 7
116 , 116
2210 , 2210
80 , 80
7118 , 7118
20 , 20
16 , 16
27 , 27
8 , 8
1 , 1
327 , 327
1 , 1
25 , 25
5 , 2
1 , 0
4 , 4
3 , 3
47 , 47
30 , 30
14 , 14
203 , 203
143 , 143
20 , 20
160 , 160
42 , 42
1553 , 1553
89 , 89
41 , 41
97 , 97
4955 , 4955
208 , 208
7 , 7
4300 , 4297
2 , 2
48 , 48
971 , 971
8 , 8
107 , 107
4004 , 4004
5 , 5
2146 , 2146
609 , 609
2 , 2
3 , 3
3 , 3
1367 , 1367
6146 , 6146
4885 , 4885
689 , 689
2 , 2
40 , 40
6 , 6
15 , 15
4 , 4
212 , 212
633 , 633
3 , 3
8 , 8
1 , 1
3 , 3
2241 , 2241
3932 , 3932
2764 , 2761
15 , 15
73 , 73
28 , 28
3 , 3
8 , 8
1080 , 1080
9 , 9
4676 , 4674
289 , 289
117 , 117
4 , 4
63 , 63
3330 , 3330
33 , 33
4 , 4
28 , 28
309 , 309
2527 , 2527
183 , 183
593 , 593
26 , 26
69 , 69
20 , 20
4268 , 4268
585 , 585
87 , 87
760 , 760
172 , 172
1 , 1
57 , 57
874 , 874
21 , 21
5458 , 5456
2204 , 2204
1574 , 1574
428 , 428
1157 , 1157
299 , 299
458 , 458
3 , 3
42 , 42
5 , 5
1387 , 1387
504 , 504
2 , 2
656 , 656
635 , 635
11 , 11
8642 , 8642
2772 , 2770
35 , 35
10 , 10
7 , 7
4 , 4
60 , 60
2208 , 2205
2 , 2
65 , 60
44 , 44
866 , 866
1 , 0
532 , 532
4567 , 4567
3 , 3
1334 , 1334
1766 , 1766
115 , 115
1 , 1
211 , 211
86 , 86
241 , 241
1 , 1
3 , 0
40 , 40
8 , 8
3 , 3
500 , 500
395 , 395
1015 , 1015
8917 , 8917
1370 , 1370
40 , 40
199 , 199
2 , 2
1 , 1
48 , 48
2 , 2
823 , 823
20 , 20
7128 , 7125
117 , 114
10 , 7
4 , 4
5291 , 5291
2 , 2
795 , 795
10 , 10
271 , 271
3779 , 3776
13 , 13
3 , 3
421 , 421
506 , 506
57 , 57
6 , 6
33 , 33
2 , 2
1703 , 1703
4737 , 4735
11 , 11
2 , 2
52 , 52
643 , 643
49 , 49
6320 , 6320
200 , 200
1 , 1
1236 , 1236
2 , 2
16 , 16
585 , 585
1402 , 1402
414 , 411
296 , 296
7350 , 7350
14 , 14
1514 , 1514
6 , 6
13 , 13
99 , 99
3183 , 3183
1 , 1
1045 , 1045
43 , 43
1568 , 1568
2 , 2
788 , 788
2 , 2
3216 , 3216
274 , 274
15 , 15
10 , 10
1737 , 1734
1 , 1
1616 , 1614
1 , 1
155 , 155
777 , 777
8372 , 8372
89 , 89
298 , 298
81 , 81
87 , 87
136 , 136
229 , 229
23 , 23
1 , 1
1 , 1
77 , 77
4738 , 4738
221 , 221
3153 , 3153
75 , 75
27 , 27
34 , 31
1 , 1
499 , 499
8 , 8
314 , 311
1940 , 1940
2540 , 2540
7605 , 7605
3844 , 3844
64 , 64
1 , 1
33 , 33
8074 , 8074
216 , 216
1835 , 1835
3289 , 3289
878 , 878
1 , 0
7 , 7
1424 , 1424
3322 , 3322
22 , 19
119 , 119
4 , 4
1865 , 1865
39 , 39
2 , 2
462 , 462
256 , 256
6789 , 6789
1 , 1
46 , 46
1323 , 1320
36 , 36
320 , 320
676 , 676
25 , 25
10 , 10
1 , 1
2 , 2
351 , 351
391 , 391
210 , 210
1 , 1
129 , 129
4 , 2
28 , 28
26 , 23
5 , 5
234 , 234
3 , 3
114 , 114
253 , 250
529 , 529
81 , 78
1 , 0
113 , 113
65 , 65
45 , 45
5 , 2
605 , 605
3 , 3
17 , 14
5663 , 5663
52 , 52
128 , 128
249 , 249
125 , 125
6738 , 6738
1 , 1
73 , 73
48 , 48
7872 , 7872
2 , 0
2 , 2
5 , 5
1058 , 1058
88 , 88
334 , 334
269 , 269
1 , 1
682 , 682
50 , 50
1 , 1
1259 , 1259
61 , 61
1836 , 1836
1 , 1
4477 , 4477
212 , 212
3 , 3
3858 , 3858
2264 , 2264
3049 , 3049
40 , 37
64 , 64
13 , 13
370 , 370
148 , 148
1 , 1
156 , 153
2255 , 2255
39 , 39
2 , 2
2 , 2
631 , 631
144 , 144
88 , 88
131 , 131
10 , 10
8 , 8
1 , 1
1948 , 1948
1689 , 1689
3 , 3
8877 , 8877
623 , 623
15 , 15
3 , 3
8404 , 8404
698 , 698
100 , 100
279 , 279
18 , 18
4520 , 4520
190 , 190
212 , 212
1 , 1
405 , 405
356 , 356
3614 , 3614
2 , 2
5933 , 5933
333 , 333
1 , 1
3 , 0
10 , 7
14 , 14
3431 , 3428
1 , 1
4253 , 4253
12 , 12
108 , 106
263 , 263
15 , 15
3 , 3
1 , 1
1 , 1
515 , 512
45 , 42
1024 , 1024
8652 , 8652
82 , 82
176 , 176
8 , 8
1 , 1
5 , 5
1 , 1
4 , 4
94 , 94
2 , 2
56 , 56
2167 , 2167
3661 , 3661
26 , 26
3 , 3
1 , 0
3 , 3
982 , 982
9739 , 9739
510 , 508
24 , 24
44 , 44
1 , 1
1 , 1
33 , 33
9251 , 9251
1 , 1
1 , 1
964 , 964
96 , 94
158 , 158
28 , 28
5 , 5
3480 , 3480
4178 , 4178
195 , 195
19 , 19
23 , 23
1 , 1
7531 , 7531
4 , 4
2 , 2
21 , 21
6698 , 6698
43 , 43
54 , 54
294 , 294
6 , 3
3 , 3
1 , 1
3390 , 3390
8 , 8
529 , 529
884 , 884
24 , 24
109 , 109
36 , 36
89 , 89
2419 , 2419
1 , 1
4 , 4
1 , 0
44 , 44
9769 , 9769
106 , 106
1 , 1
242 , 242
1 , 1
63 , 63
144 , 144
641 , 641
1413 , 1413
897 , 897
1 , 1
64 , 64
7 , 7
1 , 1
2 , 2
260 , 260
6146 , 6146
18 , 18
1063 , 1063
2306 , 2306
444 , 442
284 , 284
12 , 10
532 , 532
57 , 57
82 , 79
21 , 21
3 , 0
2122 , 2122
96 , 96
6450 , 6450
989 , 989
2 , 2
432 , 432
21 , 21
36 , 36
22 , 22
2247 , 2247
279 , 279
887 , 887
204 , 204
19 , 19
1 , 1
85 , 85
409 , 409
8 , 8
2 , 2
50 , 50
11 , 11
3433 , 3433
3937 , 3937
540 , 540
40 , 40
4 , 4
995 , 995
19 , 19
5 , 2
21 , 21
2 , 2
72 , 67
2 , 2
27 , 27
3021 , 3021
8 , 5
1391 , 1391
7 , 7
15 , 15
165 , 165
580 , 580
532 , 532
7 , 7
2 , 2
632 , 632
1 , 1
6 , 6
13 , 10
118 , 115
1354 , 1354
1 , 1
4 , 4
25 , 25
4249 , 4249
2773 , 2773
6183 , 6183
244 , 241
7 , 7
14 , 14
5572 , 5572
4344 , 4344
1 , 1
4 , 4
1 , 1
530 , 530
2 , 2
301 , 298
4 , 4
63 , 63
1628 , 1628
615 , 615
31 , 31
5246 , 5246
114 , 114
871 , 871
203 , 203
285 , 285
1439 , 1439
8537 , 8537
34 , 34
6959 , 6959
43 , 43
1634 , 1634
38 , 38
16 , 16
5733 , 5733
2 , 2
4 , 1
97 , 97
4886 , 4886
339 , 339
116 , 116
5314 , 5314
26 , 23
379 , 379
534 , 534
77 , 77
7 , 7
29 , 29
163 , 163
22 , 22
1 , 1
2084 , 2084
727 , 727
1 , 1
234 , 231
8 , 8
2152 , 2152
3 , 3
8 , 6
12 , 12
1693 , 1693
8 , 8
4117 , 4117
8007 , 8007
57 , 54
4 , 4
1027 , 1027
359 , 359
925 , 925
1 , 1
43 , 43
436 , 436
129 , 126
3 , 3
3 , 3
59 , 59
112 , 112
3010 , 3010
1 , 1
1 , 1
24 , 24
28 , 28
29 , 29
1 , 1
4659 , 4659
204 , 204
1 , 1
17 , 17
689 , 689
407 , 407
8 , 8
1 , 1
7 , 7
225 , 225
2004 , 2004
8 , 8
1 , 1
33 , 33
4 , 4
80 , 77
748 , 748
183 , 183
313 , 313
123 , 120
5153 , 5153
19 , 19
9 , 9
151 , 151
4172 , 4172
2 , 2
709 , 709
7149 , 7149
2 , 2
3 , 3
5024 , 5024
34 , 34
2670 , 2670
2745 , 2745
1 , 1
2805 , 2805
2 , 2
34 , 34
5213 , 5213
1 , 1
973 , 973
31 , 31
34 , 34
5725 , 5722
13 , 13
3570 , 3570
46 , 46
2 , 2
455 , 455
114 , 114
20 , 20
1324 , 1324
892 , 892
2398 , 2398
2 , 2
136 , 136
13 , 13
83 , 83
41 , 41
174 , 172
5742 , 5742
11 , 11
4757 , 4757
1 , 1
448 , 448
33 , 33
31 , 31
3 , 3
19 , 19
13 , 10
27 , 27
13 , 13
352 , 352
138 , 138
1263 , 1261
95 , 95
5618 , 5618
16 , 16
6 , 6
1 , 1
489 , 487
209 , 209
9 , 9
147 , 147
1453 , 1453
2 , 2
382 , 382
1 , 1
943 , 943
71 , 71
125 , 125
199 , 199
8135 , 8133
17 , 17
2 , 2
51 , 51
64 , 64
14 , 14
7 , 7
4072 , 4072
64 , 64
10 , 10
992 , 992
19 , 19
2 , 2
1 , 1
2 , 2
4 , 4
1 , 1
173 , 173
242 , 242
7952 , 7952
7 , 7
35 , 35
3551 , 3551
15 , 13
1 , 1
18 , 18
10 , 10
118 , 118
864 , 864
28 , 25
28 , 28
2700 , 2700
1061 , 1061
1365 , 1365
15 , 15
12 , 12
35 , 35
14 , 14
1 , 1
228 , 228
1 , 1
16 , 16
102 , 102
28 , 25
2108 , 2106
4575 , 4575
35 , 35
915 , 915
1 , 1
59 , 56
5861 , 5861
3 , 1
2934 , 2934
157 , 157
15 , 15
129 , 129
47 , 47
1442 , 1442
42 , 42
2 , 0
1 , 1
608 , 608
3 , 3
1 , 1
3463 , 3463
3675 , 3675
182 , 182
17 , 17
579 , 579
1803 , 1803
1046 , 1046
768 , 768
117 , 117
1 , 1
3596 , 3596
4765 , 4765
3463 , 3463
70 , 70
73 , 73
1 , 0
5185 , 5185
104 , 104
117 , 117
8 , 8
48 , 48
5 , 5
9204 , 9204
4 , 4
51 , 51
1189 , 1189
2466 , 2466
241 , 241
3301 , 3301
4176 , 4176
157 , 157
20 , 20
3 , 3
44 , 44
82 , 82
5736 , 5736
14 , 14
1 , 1
1 , 1
3 , 3
564 , 564
4 , 4
263 , 263
2761 , 2761
436 , 436
32 , 30
374 , 374
6739 , 6739
11 , 11
16 , 16
4 , 4
78 , 78
3 , 3
3219 , 3219
271 , 271
379 , 379
3993 , 3993
27 , 27
3404 , 3404
4867 , 4867
7312 , 7312
2 , 2
2327 , 2327
280 , 280
38 , 38
99 , 96
812 , 812
44 , 44
8628 , 8626
128 , 128
1053 , 1053
2557 , 2557
66 , 66
21 , 21
146 , 146
6 , 6
195 , 195
2 , 2
87 , 87
1 , 1
2 , 2
3660 , 3660
12 , 10
117 , 117
613 , 613
1 , 1
4 , 4
10 , 10
1630 , 1627
2154 , 2154
1 , 1
5262 , 5262
3 , 3
2 , 2
4 , 4
130 , 130
18 , 18
9384 , 9384
41 , 38
2 , 2
391 , 391
5 , 5
7811 , 7811
869 , 869
151 , 151
15 , 15
1 , 1
1397 , 1397
12 , 12
24 , 22
1 , 1
1198 , 1198
3087 , 3087
2126 , 2126
1530 , 1530
1 , 1
1994 , 1994
11 , 11
4569 , 4569
19 , 19
14 , 14
44 , 44
270 , 270
2 , 2
89 , 89
2001 , 2001
429 , 429
20 , 20
3 , 3
1 , 1
3393 , 3393
208 , 208
459 , 459
20 , 20
23 , 23
3742 , 3742
4686 , 4686
141 , 141
7744 , 7744
23 , 23
1 , 1
28 , 28
8253 , 8253
38 , 38
1108 , 1108
7 , 4
1 , 1
16 , 16
12 , 12
2 , 0
653 , 653
1 , 1
1 , 1
1 , 1
1750 , 1750
5 , 5
177 , 177
1950 , 1950
5 , 5
753 , 753
349 , 349
326 , 326
287 , 287
11 , 11
72 , 72
52 , 52
1 , 1
88 , 88
52 , 52
4089 , 4089
2 , 2
8 , 8
14 , 14
112 , 112
11 , 11
5039 , 5039
54 , 54
4 , 4
20 , 20
7 , 7
1174 , 1174
15 , 15
1 , 1
1 , 1
10 , 10
2061 , 2061
101 , 101
212 , 212
113 , 113
3 , 3
12 , 12
1 , 1
14 , 14
6 , 6
658 , 656
29 , 29
978 , 978
418 , 418
5229 , 5226
12 , 9
3 , 3
109 , 107
3036 , 3036
29 , 29
8986 , 8986
46 , 46
640 , 635
103 , 103
1099 , 1099
3473 , 3473
914 , 914
25 , 25
54 , 54
7425 , 7425
6416 , 6416
13 , 13
192 , 192
226 , 226
1 , 1
349 , 349
5181 , 5181
69 , 69
7793 , 7793
11 , 11
193 , 193
1 , 1
5533 , 5533
1 , 1
1697 , 1697
3767 , 3767
3 , 3
1290 , 1290
8 , 8
1 , 1
2 , 2
6 , 4
50 , 50
328 , 328
1 , 1
2092 , 2089
2 , 2
9808 , 9808
1928 , 1928
325 , 322
29 , 29
4828 , 4828
250 , 250
19 , 16
9 , 9
29 , 29
1531 , 1531
2 , 2
363 , 363
8 , 8
23 , 23
373 , 373
140 , 140
154 , 151
1510 , 1510
5065 , 5065
83 , 83
256 , 256
608 , 608
2918 , 2918
674 , 674
7088 , 7088
2 , 2
32 , 32
2588 , 2588
595 , 595
2538 , 2538
5847 , 5847
160 , 160
3 , 3
108 , 108
5282 , 5282
359 , 359
13 , 13
3868 , 3868
400 , 397
40 , 40
160 , 160
1562 , 1562
33 , 33
1 , 1
1 , 1
2 , 2
9162 , 9162
420 , 420
43 , 40
433 , 433
3285 , 3285
2172 , 2172
2 , 2
14 , 14
71 , 71
9 , 9
6609 , 6609
4818 , 4818
40 , 40
1514 , 1514
4 , 4
75 , 75
151 , 151
114 , 114
2618 , 2618
151 , 151
66 , 66
779 , 779
43 , 43
1 , 1
6 , 6
397 , 397
2 , 2
71 , 71
5190 , 5190
1636 , 1636
10 , 10
1186 , 1186
565 , 565
1997 , 1997
2 , 2
751 , 751
34 , 34
1 , 0
7726 , 7726
1 , 1
57 , 57
2188 , 2188
1 , 1
328 , 328
543 , 543
28 , 28
54 , 54
2644 , 2644
5 , 5
1 , 1
6 , 6
2901 , 2901
5 , 5
44 , 41
301 , 301
7 , 7
5 , 2
42 , 42
42 , 42
5 , 5
576 , 576
219 , 219
27 , 27
433 , 433
8746 , 8746
3 , 3
5 , 5
203 , 203
435 , 435
59 , 59
1 , 1
110 , 110
147 , 147
972 , 972
1 , 1
302 , 299
510 , 510
1323 , 1323
11 , 11
2081 , 2081
4 , 4
8 , 8
8 , 8
2422 , 2422
158 , 158
36 , 36
126 , 126
7 , 7
4 , 4
2958 , 2958
78 , 78
8100 , 8097
185 , 185
934 , 934
26 , 26
2618 , 2618
45 , 45
20 , 20
375 , 375
97 , 97
3 , 3
2646 , 2646
3 , 3
846 , 846
9629 , 9629
528 , 528
11 , 11
54 , 54
17 , 17
9981 , 9979
130 , 130
41 , 41
2 , 0
201 , 201
1 , 0
40 , 40
15 , 15
112 , 110
2 , 2
138 , 138
248 , 248
6675 , 6673
31 , 31
1470 , 1467
7644 , 7644
2 , 2
5937 , 5937
1577 , 1577
21 , 18
6 , 6
4 , 4
14 , 14
2 , 2
1105 , 1105
356 , 356
16 , 16
1 , 1
94 , 94
2516 , 2516
2995 , 2995
2 , 2
1 , 0
4281 , 4281
4 , 4
13 , 13
1 , 1
2099 , 2099
9227 , 9227
836 , 836
6508 , 6508
95 , 95
4026 , 4026
7 , 7
2 , 2
3924 , 3924
5 , 5
49 , 49
23 , 23
1107 , 1107
3505 , 3505
890 , 890
70 , 70
1 , 1
2 , 2
1493 , 1493
5 , 5
12 , 12
20 , 20
5633 , 5633
400 , 400
17 , 17
1632 , 1632
446 , 446
5 , 5
43 , 43
107 , 107
1 , 1
5 , 5
64 , 64
4048 , 4048
7 , 7
6435 , 6435
1 , 1
32 , 32
594 , 594
9 , 9
1 , 1
1 , 1
2817 , 2817
41 , 41
3234 , 3234
568 , 568
853 , 853
7178 , 7178
2 , 2
258 , 258
8902 , 8902
1446 , 1446
25 , 25
1 , 1
911 , 911
60 , 60
1 , 1
1 , 1
213 , 213
584 , 584
5 , 2
1 , 1
358 , 358
21 , 18
3 , 0
6 , 6
3603 , 3603
2735 , 2735
268 , 268
1383 , 1383
37 , 37
459 , 459
28 , 28
90 , 90
3 , 0
9 , 9
70 , 70
78 , 78
1235 , 1235
303 , 303
1 , 0
622 , 622
1 , 1
1653 , 1653
120 , 120
6 , 6
1846 , 1846
25 , 25
2 , 2
1223 , 1223
3928 , 3928
9019 , 9019
1503 , 1503
1 , 1
1 , 1
1 , 1
20 , 18
77 , 77
7 , 7
307 , 307
1575 , 1570
3119 , 3119
15 , 15
14 , 14
4 , 4
11 , 8
29 , 29
2777 , 2777
5641 , 5641
57 , 57
8636 , 8636
118 , 118
10 , 10
7016 , 7016
305 , 305
81 , 81
5196 , 5196
2167 , 2167
1721 , 1721
5208 , 5208
32 , 32
80 , 80
615 , 615
2189 , 2189
3521 , 3521
41 , 41
3052 , 3052
28 , 28
49 , 49
2 , 2
4413 , 4413
9083 , 9083
6 , 6
2 , 0
1923 , 1923
3 , 3
23 , 23
1116 , 1116
238 , 238
6 , 6
2088 , 2088
6648 , 6648
45 , 45
438 , 438
1416 , 1416
19 , 19
533 , 533
2143 , 2143
19 , 19
127 , 127
2 , 2
94 , 94
445 , 445
14 , 12
5 , 5
11 , 8
3 , 3
69 , 69
39 , 39
946 , 946
36 , 36
1 , 1
32 , 32
1770 , 1770
129 , 129
9508 , 9508
11 , 11
2 , 2
2 , 2
50 , 50
2 , 2
3 , 3
5 , 2
156 , 156
1 , 1
48 , 48
1 , 1
1 , 1
1 , 1
106 , 106
774 , 774
1 , 1
1 , 0
3852 , 3852
1 , 1
26 , 26
11 , 11
4334 , 4334
4204 , 4204
97 , 97
1 , 1
3370 , 3370
16 , 16
2518 , 2518
1731 , 1731
1986 , 1986
117 , 117
254 , 254
2 , 2
1490 , 1488
1 , 1
127 , 127
587 , 587
3750 , 3750
36 , 36
5842 , 5842
10 , 10
2 , 2
6 , 6
1115 , 1115
6 , 6
2 , 2
45 , 45
3659 , 3659
1 , 1
25 , 22
7119 , 7116
83 , 83
1510 , 1507
3 , 0
466 , 466
25 , 25
6 , 6
210 , 210
41 , 41
6 , 6
1618 , 1618
20 , 20
903 , 903
7 , 7
4124 , 4124
39 , 34
4143 , 4143
6 , 6
63 , 63
3 , 3
14 , 14
2 , 2
60 , 57
1 , 1
1 , 1
4 , 4
436 , 436
2 , 2
9 , 9
3353 , 3353
43 , 40
44 , 44
2062 , 2062
39 , 39
2790 , 2790
1 , 1
1683 , 1683
6935 , 6935
2 , 2
374 , 374
13 , 13
2 , 2
51 , 51
3 , 3
2 , 2
5082 , 5082
18 , 18
7910 , 7910
2705 , 2705
1595 , 1595
5 , 5
4 , 4
33 , 33
1998 , 1995
1 , 1
1808 , 1808
1 , 1
752 , 749
1 , 1
65 , 65
583 , 583
1 , 1
14 , 14
123 , 123
1378 , 1378
21 , 21
98 , 98
13 , 13
25 , 25
2923 , 2923
233 , 231
5974 , 5974
2 , 2
1677 , 1677
2712 , 2712
5 , 5
432 , 432
10 , 10
5558 , 5556
3 , 3
2267 , 2267
552 , 552
8 , 8
55 , 55
385 , 385
6 , 6
1 , 1
1 , 1
21 , 21
1 , 1
1 , 1
1 , 1
3631 , 3629
275 , 275
6413 , 6410
5 , 5
1161 , 1161
4168 , 4168
25 , 25
986 , 983
29 , 27
1 , 1
176 , 176
9252 , 9252
4 , 4
8 , 8
1 , 1
196 , 194
7370 , 7367
2123 , 2123
2 , 2
798 , 798
1353 , 1350
3790 , 3787
287 , 287
1 , 1
1904 , 1904
2464 , 2464
3190 , 3190
139 , 139
15 , 15
95 , 95
6211 , 6211
16 , 16
2866 , 2866
104 , 104
1 , 1
66 , 66
2615 , 2612
319 , 319
42 , 42
1037 , 1037
3878 , 3878
3 , 1
976 , 976
1672 , 1672
2 , 2
8 , 6
8 , 8
26 , 26
2 , 2
39 , 39
1 , 1
99 , 99
3690 , 3690
7 , 7
9 , 9
9581 , 9581
9589 , 9589
6071 , 6071
25 , 25
4713 , 4713
1 , 1
1805 , 1805
36 , 36
3038 , 3038
1 , 1
6 , 6
2 , 2
370 , 370
5 , 5
200 , 200
748 , 748
13 , 13
28 , 28
23 , 23
2057 , 2057
240 , 240
2 , 2
1718 , 1718
3365 , 3365
126 , 126
173 , 173
68 , 68
33 , 33
3950 , 3950
68 , 68
35 , 35
44 , 44
224 , 224
6 , 6
1 , 1
69 , 66
4307 , 4307
7 , 4
89 , 89
794 , 794
1 , 1
874 , 874
3214 , 3214
766 , 766
2926 , 2926
3 , 3
217 , 217
3 , 3
118 , 118
517 , 514
606 , 606
2 , 2
91 , 91
35 , 35
387 , 387
2468 , 2468
3 , 3
1 , 1
1982 , 1982
15 , 15
108 , 108
31 , 31
92 , 89
25 , 25
348 , 348
1358 , 1358
81 , 81
33 , 33
3 , 0
2 , 2
1736 , 1736
1 , 1
3188 , 3188
285 , 285
958 , 958
2747 , 2747
7 , 7
1 , 1
1 , 1
27 , 27
7981 , 7981
13 , 13
2792 , 2792
4 , 4
1124 , 1121
10 , 10
4851 , 4848
4 , 4
163 , 163
4 , 4
12 , 12
2388 , 2388
36 , 36
3 , 3
4 , 4
393 , 393
5 , 3
72 , 72
1 , 1
1 , 1
324 , 324
4 , 4
1 , 1
41 , 41
2978 , 2978
335 , 335
6 , 6
3207 , 3207
364 , 361
1409 , 1409
204 , 204
1 , 0
1 , 1
41 , 41
19 , 19
5 , 5
110 , 110
12 , 12
223 , 223
19 , 19
2799 , 2799
13 , 10
2029 , 2029
7418 , 7418
1314 , 1314
7273 , 7271
281 , 281
548 , 548
39 , 39
1 , 1
288 , 288
940 , 940
1 , 1
5337 , 5337
836 , 836
1216 , 1216
12 , 12
38 , 38
14 , 14
2 , 2
1 , 1
1 , 1
99 , 99
1154 , 1154
191 , 191
5 , 5
1522 , 1522
8793 , 8793
1702 , 1702
8689 , 8689
2 , 2
4454 , 4451
3240 , 3240
635 , 635
4 , 4
14 , 14
18 , 18
1 , 0
311 , 311
4095 , 4095
1 , 1
112 , 109
46 , 46
150 , 150
3 , 3
2173 , 2173
1 , 0
2 , 2
491 , 491
158 , 158
3810 , 3810
2 , 2
8339 , 8339
66 , 66
12 , 12
1851 , 1851
1274 , 1274
1 , 1
22 , 19
149 , 149
3 , 3
320 , 320
3221 , 3221
45 , 45
6819 , 6819
648 , 648
2902 , 2902
9 , 9
693 , 693
33 , 33
38 , 38
9 , 9
1233 , 1233
35 , 35
2 , 2
82 , 82
183 , 183
6614 , 6614
236 , 236
880 , 880
2 , 2
518 , 516
10 , 10
6 , 6
1 , 1
1 , 0
5341 , 5341
27 , 27
30 , 30
23 , 20
113 , 110
10 , 10
357 , 357
1 , 1
857 , 857
21 , 21
348 , 348
1 , 1
219 , 219
42 , 39
7487 , 7487
1520 , 1520
24 , 24
8 , 8
2 , 2
238 , 238
13 , 13
133 , 133
24 , 24
1448 , 1448
6 , 6
1927 , 1927
42 , 42
248 , 246
41 , 41
52 , 52
18 , 16
299 , 296
20 , 20
5470 , 5470
1213 , 1210
59 , 59
2998 , 2998
17 , 17
2872 , 2872
2 , 2
252 , 252
589 , 586
410 , 410
758 , 758
2353 , 2353
177 , 177
17 , 17
3 , 3
1176 , 1176
13 , 13
12 , 9
1 , 1
1 , 1
54 , 54
536 , 536
23 , 23
1 , 1
208 , 208
2 , 2
588 , 588
2473 , 2473
1 , 1
287 , 287
9 , 9
1 , 1
1 , 1
297 , 297
401 , 401
349 , 349
71 , 71
5070 , 5070
1 , 1
30 , 30
1 , 1
9452 , 9452
222 , 222
3245 , 3245
310 , 310
6152 , 6152
321 , 321
64 , 64
7 , 7
2105 , 2102
2 , 2
2 , 2
15 , 15
116 , 116
3644 , 3644
6 , 6
30 , 30
51 , 51
8 , 8
4 , 4
3 , 3
8 , 8
175 , 175
1 , 0
25 , 25
650 , 650
2018 , 2018
5959 , 5956
422 , 422
90 , 90
9 , 9
26 , 26
9 , 9
225 , 225
1 , 1
57 , 57
1 , 1
69 , 69
21 , 21
338 , 338
72 , 72
5 , 5
185 , 185
4 , 4
94 , 94
2 , 0
434 , 434
56 , 56
814 , 814
39 , 39
6 , 6
1 , 1
351 , 351
1986 , 1986
6 , 6
784 , 784
30 , 30
108 , 108
73 , 73
4776 , 4776
2 , 2
538 , 538
1513 , 1513
835 , 835
127 , 127
650 , 650
2794 , 2794
670 , 670
52 , 52
36 , 36
2 , 2
4355 , 4355
1 , 0
240 , 240
561 , 561
5308 , 5308
445 , 445
25 , 25
123 , 123
6 , 6
1 , 1
20 , 20
4 , 4
6 , 6
8 , 8
7 , 7
752 , 752
43 , 43
21 , 21
16 , 16
1 , 1
126 , 126
9457 , 9457
44 , 44
111 , 108
1340 , 1340
34 , 34
2222 , 2222
304 , 304
1441 , 1441
8 , 8
6476 , 6476
1 , 1
13 , 13
9 , 9
15 , 12
5735 , 5732
1 , 1
2 , 2
11 , 11
1 , 1
1 , 1
8778 , 8778
6 , 3
3191 , 3191
852 , 852
74 , 74
141 , 141
60 , 57
11 , 11
8650 , 8650
37 , 37
18 , 18
2 , 2
19 , 19
189 , 189
4605 , 4605
308 , 308
1 , 1
4185 , 4185
87 , 87
2004 , 2004
838 , 838
854 , 854
8143 , 8143
1 , 1
19 , 19
3231 , 3231
6489 , 6489
5209 , 5209
12 , 12
514 , 514
12 , 12
1 , 1
9 , 6
1 , 1
143 , 143
821 , 821
138 , 138
1300 , 1300
10 , 10
2426 , 2426
21 , 21
16 , 16
1666 , 1666
2144 , 2144
202 , 202
3299 , 3299
6624 , 6624
493 , 493
32 , 32
10 , 10
6750 , 6750
5 , 5
1305 , 1305
5 , 3
8 , 8
6 , 6
8 , 8
1380 , 1380
26 , 26
228 , 228
217 , 217
116 , 116
9008 , 9008
9 , 9
2 , 2
10 , 10
2030 , 2030
12 , 12
1 , 1
3 , 3
1 , 1
9 , 9
230 , 230
360 , 360
54 , 54
29 , 29
5124 , 5124
2 , 2
64 , 64
56 , 56
4877 , 4877
7 , 7
90 , 90
1 , 1
761 , 761
1 , 1
8 , 8
1 , 1
1100 , 1100
14 , 14
58 , 58
1003 , 1003
28 , 28
449 , 449
6 , 6
1781 , 1781
18 , 18
99 , 99
712 , 712
12 , 12
1 , 1
304 , 304
374 , 371
6 , 6
5 , 5
405 , 405
207 , 207
2 , 2
905 , 905
2742 , 2742
11 , 11
2 , 2
12 , 12
4551 , 4548
467 , 467
16 , 13
1 , 1
8038 , 8038
124 , 124
1 , 1
1 , 1
1107 , 1107
111 , 111
531 , 529
543 , 543
12 , 12
3293 , 3293
5117 , 5117
32 , 32
306 , 306
1 , 1
29 , 29
30 , 30
3 , 3
35 , 35
9 , 9
197 , 197
9 , 9
1335 , 1335
1 , 1
69 , 69
2 , 2
11 , 11
4012 , 4012
1 , 1
16 , 16
47 , 47
62 , 62
9618 , 9615
3808 , 3808
1388 , 1388
22 , 22
7975 , 7975
603 , 600
9 , 9
8 , 8
2 , 2
7044 , 7044
106 , 106
3788 , 3788
1229 , 1229
404 , 404
633 , 633
2 , 2
1684 , 1684
3877 , 3874
698 , 698
2 , 2
74 , 74
29 , 29
835 , 835
819 , 819
3 , 3
66 , 66
96 , 93
3198 , 3198
55 , 55
278 , 278
430 , 430
20 , 20
2668 , 2668
30 , 30
5321 , 5321
85 , 85
2205 , 2205
410 , 410
36 , 36
496 , 496
3338 , 3338
2 , 2
3 , 3
280 , 277
827 , 827
3526 , 3526
9 , 9
1713 , 1713
34 , 34
4 , 4
1 , 0
2 , 2
223 , 223
12 , 12
8489 , 8487
186 , 186
3 , 3
1 , 1
4 , 4
68 , 68
4 , 4
29 , 29
1509 , 1509
55 , 55
9 , 9
3 , 3
1 , 1
23 , 23
760 , 757
4 , 1
8 , 8
2 , 2
60 , 60
1 , 1
7 , 7
17 , 17
5 , 5
2 , 2
9901 , 9901
10 , 10
4 , 4
559 , 559
52 , 52
8 , 8
116 , 116
135 , 135
876 , 876
124 , 124
35 , 35
16 , 16
19 , 19
1301 , 1301
62 , 62
5371 , 5371
79 , 79
64 , 64
16 , 16
600 , 600
17 , 14
152 , 152
2483 , 2483
3684 , 3684
1 , 1
5 , 5
5103 , 5103
5806 , 5806
300 , 300
159 , 159
1 , 0
273 , 273
21 , 21
1 , 1
1 , 1
3862 , 3862
9 , 9
63 , 63
5593 , 5593
106 , 106
4734 , 4734
682 , 682
35 , 35
64 , 64
6686 , 6686
27 , 27
2269 , 2269
58 , 58
370 , 370
111 , 111
100 , 100
1015 , 1015
1 , 1
82 , 82
978 , 978
37 , 37
39 , 39
12 , 12
248 , 248
6 , 6
16 , 16
201 , 201
4502 , 4502
3 , 3
67 , 67
1278 , 1275
7601 , 7601
12 , 12
760 , 760
161 , 161
341 , 341
1 , 1
115 , 115
1475 , 1475
1268 , 1265
251 , 251
2 , 2
22 , 22
5511 , 5511
477 , 477
20 , 20
49 , 49
9 , 9
1 , 1
1 , 1
10 , 10
245 , 245
2574 , 2572
9 , 9
263 , 263
56 , 56
7543 , 7543
2554 , 2554
493 , 493
4 , 4
13 , 13
1515 , 1515
6 , 6
9515 , 9515
3 , 3
35 , 35
105 , 105
762 , 759
1 , 1
3257 , 3257
81 , 81
5 , 2
4 , 4
648 , 648
2 , 2
8 , 8
1 , 1
21 , 21
5201 , 5201
3145 , 3145
3161 , 3161
13 , 13
1671 , 1671
2 , 2
4 , 4
3 , 3
2 , 2
1 , 1
2 , 2
2 , 2
453 , 453
3 , 3
2330 , 2330
217 , 217
54 , 54
1657 , 1657
3881 , 3881
23 , 23
1053 , 1053
8 , 8
1925 , 1925
649 , 649
4 , 4
5 , 5
110 , 110
1 , 1
32 , 32
2 , 2
2 , 2
18 , 18
32 , 32
199 , 199
4911 , 4911
1567 , 1567
12 , 12
1 , 1
9065 , 9065
2 , 2
1444 , 1444
1 , 0
12 , 12
76 , 73
264 , 264
8016 , 8016
4 , 4
17 , 17
21 , 21
195 , 195
7 , 7
13 , 13
22 , 22
436 , 436
202 , 202
381 , 381
1 , 1
3 , 3
2 , 2
202 , 202
178 , 178
2 , 2
903 , 901
7436 , 7436
3429 , 3429
920 , 920
509 , 509
1 , 1
6 , 6
1 , 1
10 , 10
52 , 52
1828 , 1828
1202 , 1202
158 , 158
1050 , 1050
6485 , 6485
14 , 14
1 , 1
5 , 5
1 , 1
4 , 4
544 , 544
1660 , 1660
3291 , 3291
1708 , 1708
8183 , 8183
726 , 726
9879 , 9879
7 , 7
959 , 959
2 , 2
3096 , 3096
25 , 25
102 , 102
452 , 449
6 , 6
16 , 16
223 , 223
2868 , 2868
9 , 9
2 , 2
2 , 2
14 , 14
11 , 11
1305 , 1305
72 , 72
179 , 179
2 , 2
1921 , 1921
587 , 587
648 , 648
1 , 1
3931 , 3931
176 , 176
27 , 27
33 , 33
5443 , 5443
1 , 1
1 , 1
1124 , 1124
7010 , 7010
1 , 1
7685 , 7685
9 , 9
2 , 2
168 , 168
41 , 41
7 , 7
3507 , 3507
95 , 95
229 , 229
635 , 635
5 , 5
5401 , 5401
3632 , 3630
1 , 1
21 , 21
86 , 86
1 , 1
13 , 13
26 , 26
264 , 264
3 , 3
123 , 123
1 , 1
1 , 1
7876 , 7876
1436 , 1436
2 , 2
8 , 8
11 , 11
7 , 7
111 , 108
1 , 1
13 , 13
1 , 1
2 , 2
1 , 1
3 , 3
4 , 4
1 , 1
15 , 15
4 , 4
11 , 11
1 , 1
1 , 1
2305 , 2305
7279 , 7276
483 , 480
12 , 7
1 , 1
36 , 36
8959 , 8959
850 , 850
25 , 25
15 , 15
4472 , 4472
35 , 35
6 , 4
1 , 1
213 , 213
284 , 284
2 , 2
256 , 253
5 , 5
18 , 16
3 , 0
2 , 2
240 , 240
2637 , 2637
5760 , 5760
13 , 13
18 , 18
3241 , 3241
7 , 7
1 , 1
34 , 34
2533 , 2530
48 , 48
1 , 1
5 , 5
1 , 1
2 , 2
1794 , 1794
5 , 5
3213 , 3213
8 , 8
1305 , 1305
582 , 582
8458 , 8455
2 , 2
622 , 622
1571 , 1571
1 , 1
205 , 205
35 , 35
5 , 5
172 , 172
1 , 1
788 , 788
1782 , 1780
685 , 685
17 , 17
1833 , 1833
21 , 21
671 , 671
1 , 1
2 , 2
64 , 61
15 , 15
4437 , 4437
1 , 0
7278 , 7278
4 , 1
1882 , 1880
197 , 197
96 , 96
10 , 10
29 , 29
14 , 14
1 , 1
25 , 25
32 , 32
284 , 284
856 , 856
5 , 5
83 , 80
7 , 7
9 , 9
2126 , 2126
1908 , 1908
1956 , 1956
1031 , 1031
610 , 610
5 , 0
79 , 79
357 , 357
9 , 9
49 , 49
74 , 74
1625 , 1625
3 , 1
11 , 11
22 , 19
1 , 1
1 , 1
855 , 852
218 , 215
8 , 8
1 , 1
3680 , 3680
5133 , 5133
3 , 3
955 , 955
339 , 339
41 , 41
12 , 12
598 , 598
1 , 1
2 , 2
5 , 5
1606 , 1606
1751 , 1751
300 , 300
77 , 77
1 , 1
10 , 10
7 , 7
8873 , 8873
13 , 13
5507 , 5507
6 , 6
1987 , 1987
3929 , 3929
89 , 89
4593 , 4593
1 , 1
1 , 1
149 , 149
491 , 491
61 , 61
3793 , 3793
8881 , 8881
8 , 8
5777 , 5775
3717 , 3717
330 , 330
1 , 1
1 , 1
1125 , 1125
4 , 4
5971 , 5971
4 , 4
12 , 12
9 , 6
1 , 1
16 , 16
382 , 382
2897 , 2897
8403 , 8403
1019 , 1019
72 , 72
245 , 245
5847 , 5847
1 , 1
350 , 350
1 , 1
8 , 8
6 , 6
738 , 738
19 , 19
8 , 8
2 , 2
25 , 25
369 , 369
12 , 12
1809 , 1809
116 , 116
520 , 520
207 , 207
39 , 36
9 , 9
4 , 4
4 , 4
2 , 2
9222 , 9222
1 , 1
92 , 92
243 , 243
88 , 88
159 , 159
32 , 32
3 , 0
177 , 174
4815 , 4815
8498 , 8498
9 , 9
1 , 1
4 , 4
9 , 6
1439 , 1439
22 , 22
1003 , 1003
14 , 14
33 , 33
4634 , 4634
1488 , 1488
1732 , 1732
330 , 327
7557 , 7557
3 , 3
1403 , 1403
7337 , 7337
8 , 8
122 , 122
64 , 64
11 , 11
31 , 31
1653 , 1653
1 , 1
252 , 252
158 , 158
349 , 349
687 , 687
3 , 3
5985 , 5985
2 , 2
127 , 124
51 , 51
434 , 434
1 , 1
1191 , 1191
14 , 14
32 , 32
1438 , 1438
1 , 1
89 , 89
2724 , 2721
1327 , 1327
4 , 1
3 , 3
4 , 4
2788 , 2788
321 , 321
16 , 16
1133 , 1130
43 , 41
3594 , 3594
1 , 1
42 , 42
442 , 442
2794 , 2794
5 , 5
2 , 2
367 , 367
5 , 5
629 , 629
1 , 1
3 , 3
56 , 56
1613 , 1613
7 , 7
19 , 19
7599 , 7599
5454 , 5454
26 , 26
54 , 54
131 , 131
55 , 55
70 , 67
7223 , 7223
40 , 40
234 , 234
217 , 214
3315 , 3315
31 , 31
566 , 566
1 , 1
25 , 25
23 , 23
78 , 78
4 , 4
88 , 88
1 , 1
9812 , 9812
3 , 3
130 , 130
4 , 4
861 , 861
158 , 158
16 , 16
61 , 61
520 , 517
13 , 10
27 , 25
5294 , 5294
2358 , 2358
3669 , 3669
589 , 589
5950 , 5950
12 , 12
3300 , 3300
37 , 37
117 , 117
58 , 58
6 , 6
7 , 7
238 , 238
7 , 7
7 , 7
90 , 90
579 , 579
333 , 333
1277 , 1277
7153 , 7150
202 , 202
750 , 747
16 , 16
7745 , 7745
1100 , 1097
2036 , 2036
8 , 8
1516 , 1516
3469 , 3469
2 , 2
67 , 67
763 , 763
10 , 10
5 , 5
6261 , 6261
133 , 130
1544 , 1544
10 , 10
41 , 41
1 , 1
236 , 236
1217 , 1217
7507 , 7507
116 , 116
880 , 880
4159 , 4159
5437 , 5437
5661 , 5661
74 , 74
1 , 1
271 , 271
1827 , 1827
4070 , 4070
19 , 19
1317 , 1317
4 , 4
84 , 84
4738 , 4738
5353 , 5350
2 , 2
1 , 1
1 , 1
106 , 106
26 , 26
8756 , 8756
82 , 82
6793 , 6791
29 , 26
11 , 11
490 , 490
585 , 583
31 , 31
5 , 5
648 , 648
17 , 17
1657 , 1657
999 , 999
1359 , 1357
5 , 5
2645 , 2645
3746 , 3746
14 , 14
12 , 12
1987 , 1987
92 , 92
365 , 365
1874 , 1874
5282 , 5279
35 , 35
887 , 887
1 , 1
3258 , 3258
19 , 17
14 , 14
1 , 1
109 , 109
6 , 6
160 , 160
133 , 133
6 , 6
6122 , 6122
104 , 104
302 , 302
1508 , 1508
17 , 15
5 , 5
226 , 224
4 , 4
1 , 1
7947 , 7944
40 , 40
617 , 617
538 , 538
1 , 1
4 , 4
555 , 552
1060 , 1060
535 , 535
2850 , 2850
13 , 13
438 , 438
1 , 1
8417 , 8417
119 , 119
307 , 307
1797 , 1797
1 , 0
3202 , 3202
470 , 470
1564 , 1564
145 , 145
3 , 0
6 , 3
8217 , 8217
4320 , 4320
20 , 20
479 , 479
76 , 73
67 , 67
11 , 11
1 , 1
298 , 298
4807 , 4807
44 , 41
13 , 13
15 , 15
3 , 3
10 , 5
2 , 0
14 , 14
1025 , 1025
120 , 117
563 , 563
6 , 3
137 , 137
4759 , 4759
124 , 124
1 , 1
3 , 3
93 , 93
3 , 3
707 , 707
75 , 75
4 , 4
31 , 28
6 , 6
60 , 60
655 , 650
3 , 3
2174 , 2174
1 , 1
8 , 8
4 , 4
150 , 150
8 , 8
1 , 1
1 , 1
108 , 108
5 , 5
12 , 12
297 , 297
953 , 953
992 , 992
19 , 19
1 , 1
1 , 1
62 , 62
1 , 1
34 , 34
9078 , 9078
1624 , 1624
188 , 188
16 , 16
7150 , 7150
2 , 2
13 , 13
2 , 2
684 , 684
1 , 1
1 , 0
2408 , 2408
52 , 52
2 , 2
8 , 8
12 , 12
74 , 74
15 , 15
2 , 2
6615 , 6615
94 , 94
1779 , 1779
1 , 1
2697 , 2697
2314 , 2314
3140 , 3140
31 , 31
7136 , 7133
2 , 2
3 , 3
26 , 26
1026 , 1026
58 , 56
11 , 11
3 , 3
1 , 1
35 , 35
4993 , 4993
6 , 3
42 , 39
6546 , 6546
3687 , 3687
22 , 22
76 , 76
3 , 3
49 , 49
3 , 3
262 , 262
67 , 67
1 , 1
116 , 116
452 , 452
17 , 14
1 , 1
3592 , 3592
3 , 3
1416 , 1416
696 , 696
67 , 67
1 , 1
643 , 643
18 , 18
1 , 1
149 , 146
311 , 311
11 , 11
23 , 23
3 , 3
7043 , 7043
6 , 6
3474 , 3471
148 , 148
1 , 1
507 , 507
1 , 1
254 , 254
45 , 45
85 , 85
562 , 562
26 , 26
549 , 549
1194 , 1194
60 , 60
1 , 1
223 , 223
567 , 567
35 , 35
37 , 37
30 , 30
1 , 1
5 , 5
498 , 498
42 , 42
3 , 1
648 , 648
205 , 205
3671 , 3671
1478 , 1478
2450 , 2450
2497 , 2497
1 , 1
1 , 1
372 , 369
6 , 6
3 , 3
7836 , 7834
190 , 190
326 , 326
1 , 1
8 , 8
630 , 630
9 , 9
1 , 1
1 , 1
23 , 23
5386 , 5386
2985 , 2985
3981 , 3981
6661 , 6661
5492 , 5489
3092 , 3092
6279 , 6279
874 , 874
6965 , 6965
1 , 1
4 , 4
2 , 2
4811 , 4811
7812 , 7812
28 , 28
691 , 691
308 , 308
345 , 345
2253 , 2253
12 , 12
456 , 456
2 , 0
6 , 6
5578 , 5578
285 , 285
2 , 2
1070 , 1070
24 , 24
2 , 2
9 , 9
5647 , 5647
402 , 402
16 , 16
1190 , 1190
1204 , 1204
687 , 687
9222 , 9222
2219 , 2219
4461 , 4461
8076 , 8076
2 , 0
8 , 8
534 , 534
5 , 3
6482 , 6482
2203 , 2203
396 , 396
417 , 417
315 , 315
115 , 115
1 , 1
272 , 269
3 , 3
1162 , 1162
511 , 511
1679 , 1676
299 , 299
7137 , 7137
13 , 13
1846 , 1844
2 , 0
148 , 148
228 , 226
434 , 434
1 , 1
97 , 97
1230 , 1230
2 , 2
4 , 4
402 , 402
750 , 750
1386 , 1386
774 , 774
2789 , 2789
4 , 4
33 , 33
34 , 32
1 , 1
8606 , 8606
1292 , 1292
42 , 42
1 , 1
757 , 757
187 , 187
4 , 4
12 , 12
73 , 73
140 , 140
1 , 1
7172 , 7172
1 , 1
1 , 1
95 , 95
1 , 0
2796 , 2796
129 , 129
340 , 340
1 , 1
2 , 2
37 , 37
1 , 1
98 , 98
64 , 64
7832 , 7832
1534 , 1534
8 , 8
3522 , 3522
11 , 11
178 , 178
9 , 9
28 , 28
274 , 274
8294 , 8294
102 , 99
25 , 25
1 , 1
1950 , 1947
1 , 1
55 , 55
1003 , 1003
1 , 1
5 , 5
1 , 1
5 , 5
175 , 175
580 , 580
8 , 8
320 , 320
9976 , 9976
285 , 285
972 , 972
27 , 27
2487 , 2487
129 , 129
721 , 721
4311 , 4311
224 , 224
967 , 967
1220 , 1220
5304 , 5304
33 , 33
4 , 4
7843 , 7843
1508 , 1508
144 , 139
47 , 47
1 , 1
9323 , 9323
553 , 553
2484 , 2484
659 , 659
279 , 279
125 , 125
25 , 25
28 , 28
2035 , 2035
56 , 56
7 , 7
25 , 25
1 , 1
1 , 1
6 , 6
11 , 11
6260 , 6260
89 , 89
1 , 1
1102 , 1102
36 , 36
1410 , 1410
57 , 57
28 , 28
1 , 0
6 , 6
104 , 102
17 , 17
2011 , 2008
6 , 3
6 , 6
353 , 350
2 , 2
372 , 372
9 , 9
5788 , 5788
2 , 2
4318 , 4318
2 , 2
2192 , 2192
57 , 54
3 , 3
3544 , 3544
43 , 43
18 , 18
22 , 19
461 , 461
5247 , 5247
3 , 3
3350 , 3350
1 , 1
9 , 9
141 , 141
427 , 427
243 , 240
4 , 4
5 , 5
49 , 49
327 , 327
28 , 28
1 , 1
1 , 1
140 , 140
181 , 181
5 , 5
201 , 198
7 , 7
40 , 40
645 , 645
11 , 11
3 , 3
1 , 1
26 , 26
3 , 3
11 , 11
8 , 8
3980 , 3977
1 , 0
1 , 1
523 , 523
121 , 121
199 , 199
3 , 3
6003 , 6003
5 , 5
6813 , 6813
1 , 1
49 , 49
1 , 1
1 , 1
596 , 596
456 , 456
7 , 4
699 , 699
1832 , 1829
39 , 39
185 , 185
11 , 11
5 , 5
879 , 879
2 , 2
6 , 6
5 , 5
2812 , 2812
681 , 681
8642 , 8642
3700 , 3700
30 , 27
22 , 22
17 , 17
9 , 9
4 , 4
31 , 31
6250 , 6250
2303 , 2303
34 , 34
2544 , 2544
233 , 233
20 , 20
7 , 7
81 , 81
1377 , 1377
26 , 26
272 , 272
179 , 179
61 , 61
1098 , 1098
366 , 366
14 , 14
2771 , 2771
423 , 423
204 , 204
1519 , 1519
10 , 10
163 , 163
10 , 10
24 , 24
11 , 11
5 , 5
6 , 6
1 , 1
464 , 464
1 , 1
494 , 494
1428 , 1428
82 , 82
8 , 8
12 , 9
3038 , 3038
30 , 30
155 , 155
7958 , 7958
5416 , 5416
6815 , 6815
6 , 6
13 , 13
2497 , 2497
168 , 168
9 , 7
6 , 4
4 , 1
6 , 6
1 , 1
79 , 79
413 , 413
458 , 458
27 , 27
2 , 0
22 , 22
123 , 123
1 , 1
126 , 126
26 , 26
2 , 2
4 , 4
1737 , 1737
620 , 620
527 , 527
1903 , 1903
1 , 1
4 , 4
52 , 52
1206 , 1206
4688 , 4688
10 , 10
531 , 531
376 , 376
2230 , 2228
1 , 1
7 , 4
42 , 42
1454 , 1454
1 , 1
7843 , 7840
1 , 1
1824 , 1824
219 , 219
157 , 157
1 , 0
2 , 2
2 , 0
3 , 3
5508 , 5508
14 , 14
22 , 22
1 , 1
169 , 169
1556 , 1556
978 , 978
35 , 35
211 , 211
3 , 3
884 , 884
4 , 4
1 , 1
850 , 850
47 , 47
3 , 3
4 , 4
7771 , 7771
1 , 1
121 , 121
1 , 1
2 , 2
2 , 2
5 , 5
98 , 98
34 , 34
1 , 0
21 , 21
4 , 4
2 , 2
440 , 440
610 , 610
7279 , 7279
1 , 1
94 , 94
49 , 49
119 , 119
8 , 8
2 , 2
2417 , 2417
1 , 1
264 , 264
331 , 328
9 , 9
1 , 1
1797 , 1797
5132 , 5132
9 , 9
22 , 22
48 , 48
20 , 20
1 , 1
1 , 1
140 , 140
1 , 1
1786 , 1784
5 , 5
2 , 2
70 , 70
3 , 0
589 , 589
26 , 26
4 , 4
54 , 54
60 , 60
1 , 1
6 , 6
9974 , 9974
5 , 5
9611 , 9611
213 , 213
5404 , 5404
2478 , 2478
3 , 3
53 , 53
39 , 39
52 , 52
1851 , 1851
3 , 0
546 , 546
66 , 66
1706 , 1706
9840 , 9840
921 , 921
1115 , 1115
286 , 286
238 , 238
29 , 29
5877 , 5877
528 , 528
6 , 6
29 , 29
1169 , 1169
6234 , 6234
2 , 2
500 , 500
33 , 33
3 , 3
1469 , 1469
1 , 1
183 , 183
5146 , 5146
1 , 1
23 , 23
2275 , 2275
37 , 37
3 , 3
5086 , 5086
1 , 1
374 , 374
19 , 19
26 , 26
7158 , 7158
1286 , 1283
431 , 431
3454 , 3454
26 , 26
48 , 48
480 , 480
2113 , 2113
34 , 34
1887 , 1887
1 , 1
96 , 96
931 , 928
4 , 4
3 , 3
3975 , 3975
1 , 1
1064 , 1064
1 , 0
8 , 5
1 , 1
3 , 3
2 , 2
127 , 127
992 , 990
244 , 244
4050 , 4050
17 , 17
46 , 46
468 , 468
11 , 11
9 , 9
15 , 15
2267 , 2267
40 , 40
9096 , 9096
8 , 8
7 , 7
11 , 11
6922 , 6919
72 , 72
6954 , 6954
187 , 187
970 , 970
3032 , 3030
101 , 101
244 , 244
309 , 309
8 , 8
9 , 9
4142 , 4142
14 , 14
319 , 316
1 , 1
20 , 20
1408 , 1408
431 , 431
2 , 2
2 , 2
1069 , 1069
119 , 119
16 , 16
26 , 26
729 , 729
95 , 95
1080 , 1080
3 , 3
4104 , 4104
1026 , 1026
3 , 3
275 , 275
1034 , 1034
55 , 55
1 , 1
1176 , 1176
1 , 1
153 , 153
17 , 17
420 , 420
6 , 6
9999 , 9999
7 , 7
1 , 0
3 , 3
1131 , 1131
8008 , 8008
277 , 274
7 , 4
63 , 63
286 , 286
12 , 9
2 , 2
2 , 2
101 , 101
33 , 33
3 , 3
151 , 151
2566 , 2566
6 , 6
2 , 2
16 , 16
594 , 594
3007 , 3007
2 , 2
320 , 320
2 , 2
2501 , 2501
188 , 188
11 , 11
11 , 11
5 , 5
14 , 14
45 , 45
3543 , 3543
1069 , 1069
9 , 9
7 , 4
5 , 5
6445 , 6445
119 , 119
2 , 2
5058 , 5055
37 , 37
2 , 2
2407 , 2407
64 , 64
303 , 303
5505 , 5502
292 , 292
259 , 259
67 , 67
595 , 595
2 , 2
150 , 150
3382 , 3382
9 , 9
25 , 25
7654 , 7654
92 , 92
282 , 282
2 , 0
1 , 1
6367 , 6367
3 , 3
31 , 31
8461 , 8461
532 , 532
5 , 5
943 , 943
2 , 2
3442 , 3442
17 , 17
3981 , 3981
479 , 479
7193 , 7193
32 , 32
9 , 9
839 , 836
7 , 7
3 , 3
74 , 74
4543 , 4543
6458 , 6458
417 , 417
1668 , 1668
87 , 87
5 , 5
3018 , 3018
1 , 1
63 , 63
3703 , 3703
10 , 10
535 , 535
13 , 13
37 , 37
1 , 0
7944 , 7944
7 , 7
648 , 648
2845 , 2845
1207 , 1207
31 , 31
3 , 3
81 , 81
751 , 748
2 , 2
1494 , 1494
35 , 35
208 , 208
59 , 59
1 , 1
292 , 292
660 , 660
18 , 18
2 , 2
4 , 4
1 , 1
9 , 9
19 , 19
3566 , 3563
1027 , 1027
1762 , 1762
5 , 5
8 , 8
5 , 5
199 , 199
323 , 323
174 , 174
7 , 5
2707 , 2707
41 , 39
1 , 1
1 , 1
23 , 23
23 , 20
1 , 1
778 , 778
45 , 45
5550 , 5550
429 , 429
583 , 583
1304 , 1301
8 , 5
100 , 100
61 , 61
7 , 7
147 , 147
16 , 16
3 , 3
5 , 5
1 , 1
520 , 520
3493 , 3493
1818 , 1818
2 , 2
6851 , 6851
3 , 1
3929 , 3929
8 , 8
2 , 2
68 , 68
5 , 5
3 , 3
769 , 769
1 , 1
7559 , 7559
226 , 226
16 , 16
7986 , 7986
1 , 1
51 , 51
286 , 286
15 , 15
439 , 439
3 , 3
7874 , 7874
121 , 121
516 , 516
1371 , 1371
7659 , 7659
1 , 1
11 , 11
29 , 29
1 , 1
2318 , 2315
781 , 781
2 , 2
4 , 4
8 , 8
34 , 34
3861 , 3861
1981 , 1981
3 , 3
1472 , 1472
4 , 4
68 , 68
266 , 266
106 , 104
69 , 69
81 , 81
315 , 315
5 , 5
20 , 20
2 , 2
1038 , 1038
23 , 20
19 , 19
4 , 4
297 , 297
2 , 2
32 , 32
66 , 66
2 , 2
11 , 11
2 , 2
3 , 3
1659 , 1659
2 , 2
3316 , 3316
10 , 10
1914 , 1914
32 , 32
1 , 1
133 , 133
2 , 2
257 , 257
53 , 53
105 , 105
69 , 69
506 , 506
17 , 17
1 , 1
4 , 4
10 , 10
14 , 14
1493 , 1493
5492 , 5492
8 , 8
7 , 7
57 , 57
23 , 23
4965 , 4965
134 , 134
2 , 2
1 , 1
33 , 33
691 , 691
2753 , 2753
530 , 527
1 , 1
410 , 410
74 , 74
320 , 320
4 , 4
421 , 421
6 , 4
3 , 3
1533 , 1533
8915 , 8915
2 , 0
4297 , 4297
1800 , 1800
645 , 645
5878 , 5878
1188 , 1188
28 , 28
9 , 9
1683 , 1681
7996 , 7996
10 , 10
6 , 6
120 , 120
2715 , 2715
33 , 33
4486 , 4486
3855 , 3855
2359 , 2359
4684 , 4684
124 , 124
718 , 718
3713 , 3713
194 , 194
1982 , 1982
66 , 66
1 , 1
2241 , 2241
20 , 20
1 , 1
227 , 227
1 , 0
322 , 322
2 , 2
9 , 9
2 , 2
132 , 129
129 , 129
4 , 4
229 , 229
20 , 20
217 , 214
2 , 2
4108 , 4108
3443 , 3443
28 , 28
948 , 948
2 , 2
273 , 273
5 , 5
8 , 8
1091 , 1088
24 , 24
6 , 6
7 , 7
7 , 7
6 , 3
12 , 12
9085 , 9085
5 , 5
4765 , 4765
5301 , 5301
1 , 1
8 , 8
4 , 4
3268 , 3268
325 , 325
2 , 0
8 , 8
832 , 832
2486 , 2486
20 , 20
501 , 501
6 , 3
133 , 133
5725 , 5725
195 , 195
9039 , 9039
563 , 561
39 , 39
699 , 699
3599 , 3599
5 , 5
2 , 2
765 , 765
2082 , 2082
581 , 581
33 , 33
2905 , 2905
1 , 1
2993 , 2993
6 , 6
142 , 142
7919 , 7919
480 , 480
37 , 34
158 , 158
2630 , 2630
555 , 555
1 , 1
877 , 877
308 , 308
2507 , 2507
3284 , 3284
22 , 22
4245 , 4245
1 , 1
2 , 2
418 , 418
12 , 12
357 , 354
7 , 7
221 , 218
130 , 130
78 , 78
1 , 1
647 , 647
3720 , 3720
103 , 103
20 , 20
3 , 3
6 , 6
6 , 6
6 , 6
2781 , 2781
234 , 234
1377 , 1377
632 , 632
121 , 121
2 , 2
20 , 20
742 , 742
9 , 9
535 , 533
446 , 446
1 , 1
1 , 1
14 , 14
941 , 941
1801 , 1801
955 , 955
142 , 142
779 , 779
135 , 135
20 , 20
248 , 246
270 , 270
1 , 1
57 , 57
363 , 361
577 , 577
426 , 426
14 , 14
16 , 16
1874 , 1874
88 , 88
29 , 29
230 , 230
1 , 1
939 , 939
2 , 2
19 , 19
190 , 190
117 , 117
5960 , 5960
4810 , 4810
7397 , 7397
4129 , 4129
2923 , 2923
34 , 34
9222 , 9222
26 , 26
2 , 2
571 , 571
209 , 209
222 , 222
72 , 72
442 , 442
3103 , 3103
6 , 6
8675 , 8675
1265 , 1262
6 , 6
3324 , 3324
35 , 35
477 , 477
29 , 29
5873 , 5873
2854 , 2854
3 , 3
440 , 440
35 , 35
12 , 12
1 , 1
584 , 584
28 , 28
7487 , 7487
4 , 4
226 , 226
41 , 38
336 , 336
654 , 654
2 , 2
1 , 1
393 , 393
13 , 13
108 , 108
252 , 252
745 , 745
5 , 5
1 , 1
657 , 657
741 , 741
1054 , 1054
1082 , 1082
14 , 14
2 , 2
572 , 569
2 , 2
7 , 7
93 , 93
1 , 1
1 , 1
576 , 576
781 , 781
148 , 148
1 , 1
2 , 2
9772 , 9772
4 , 4
296 , 296
11 , 11
1 , 1
42 , 42
187 , 187
7 , 7
340 , 338
4 , 4
5 , 5
2 , 2
2 , 2
1153 , 1153
4 , 4
338 , 338
2 , 2
6690 , 6687
473 , 473
113 , 113
5 , 5
24 , 24
9 , 9
7 , 7
1 , 1
18 , 18
4406 , 4406
266 , 266
452 , 452
36 , 36
12 , 12
1 , 1
6 , 6
27 , 27
258 , 258
98 , 98
160 , 160
637 , 637
337 , 337
10 , 8
3 , 3
82 , 82
403 , 403
4639 , 4639
68 , 68
1 , 1
2 , 0
808 , 808
1597 , 1597
24 , 24
139 , 139
1168 , 1168
3123 , 3123
109 , 109
4262 , 4262
229 , 229
4767 , 4767
23 , 23
5 , 5
606 , 606
96 , 96
7033 , 7033
165 , 165
5 , 5
3158 , 3158
2 , 2
2721 , 2721
912 , 912
2 , 0
450 , 450
1 , 1
37 , 37
11 , 11
27 , 27
20 , 20
637 , 637
596 , 596
19 , 19
1085 , 1085
1 , 1
6 , 6
3 , 3
1668 , 1668
11 , 11
2615 , 2615
102 , 102
5 , 5
528 , 528
64 , 64
1 , 1
207 , 207
4 , 4
66 , 66
5558 , 5558
1016 , 1016
4 , 1
4949 , 4949
43 , 40
1 , 1
21 , 21
2 , 0
17 , 17
180 , 180
2 , 2
11 , 11
2 , 2
59 , 59
65 , 65
3 , 3
4 , 4
3843 , 3843
139 , 139
209 , 209
3 , 0
53 , 50
18 , 18
2 , 2
9 , 9
20 , 20
17 , 17
3721 , 3721
3 , 3
8 , 8
2 , 2
1 , 1
2982 , 2982
5579 , 5579
20 , 20
267 , 267
2 , 2
1288 , 1288
8 , 8
13 , 13
29 , 27
3672 , 3672
3697 , 3697
170 , 170
469 , 469
9249 , 9249
689 , 689
1 , 1
740 , 740
97 , 97
10 , 10
2 , 2
1 , 1
190 , 190
11 , 11
59 , 59
32 , 32
1 , 1
317 , 317
1 , 1
474 , 472
57 , 57
8633 , 8633
1 , 1
45 , 43
1 , 1
38 , 38
4 , 4
2 , 2
2425 , 2425
1 , 1
29 , 29
277 , 277
6 , 6
4 , 4
9 , 9
143 , 140
1041 , 1041
50 , 50
9 , 9
292 , 292
10 , 10
3 , 3
298 , 298
8356 , 8353
1 , 1
1 , 1
9 , 9
284 , 281
3408 , 3408
5 , 5
1 , 1
2 , 2
4 , 4
276 , 276
4981 , 4981
4253 , 4253
1703 , 1700
2 , 2
287 , 287
136 , 136
101 , 101
5930 , 5930
3054 , 3054
80 , 77
3282 , 3282
59 , 59
1390 , 1390
26 , 24
1 , 1
4112 , 4112
310 , 310
211 , 211
19 , 19
41 , 41
27 , 27
11 , 11
16 , 16
1 , 1
33 , 33
1 , 1
2 , 2
135 , 135
5 , 5
293 , 293
5171 , 5168
7 , 7
43 , 43
217 , 217
8 , 8
21 , 21
841 , 841
278 , 278
1755 , 1755
699 , 699
2 , 2
17 , 17
9 , 9
2 , 2
1 , 1
129 , 129
6 , 6
3370 , 3370
234 , 234
8290 , 8290
150 , 150
63 , 63
1218 , 1218
885 , 885
6 , 6
245 , 242
147 , 147
655 , 652
629 , 629
258 , 258
31 , 31
7530 , 7530
691 , 691
6 , 6
155 , 152
257 , 257
1 , 1
4 , 4
2 , 2
319 , 319
3 , 3
1 , 1
1203 , 1203
268 , 268
14 , 14
1 , 0
1 , 0
4 , 4
1 , 1
2596 , 2596
1054 , 1054
7 , 4
5762 , 5762
6 , 6
1 , 1
46 , 46
59 , 57
483 , 480
21 , 21
336 , 334
1457 , 1454
1 , 1
4421 , 4421
4 , 4
13 , 13
2 , 2
245 , 245
1 , 1
135 , 135
56 , 56
93 , 93
1 , 1
1064 , 1062
7316 , 7316
1696 , 1696
134 , 134
520 , 520
3 , 3
35 , 35
4 , 4
198 , 198
19 , 19
642 , 642
2424 , 2424
2449 , 2449
2 , 2
1 , 1
67 , 67
3 , 3
2 , 2
2 , 2
16 , 16
1716 , 1716
53 , 53
2191 , 2188
2 , 2
1 , 1
177 , 177
12 , 12
4 , 4
36 , 36
7808 , 7808
324 , 324
103 , 103
16 , 16
639 , 639
68 , 68
7876 , 7876
34 , 34
82 , 79
894 , 894
13 , 13
8 , 8
3 , 0
1 , 1
44 , 44
11 , 11
1 , 1
16 , 16
3 , 3
2 , 0
2 , 0
2981 , 2981
41 , 41
13 , 13
3 , 3
5 , 5
11 , 11
2 , 2
445 , 445
53 , 53
2 , 2
2130 , 2130
5 , 5
1027 , 1027
254 , 254
580 , 580
3 , 3
87 , 87
2 , 2
354 , 354
1 , 1
1 , 1
363 , 363
21 , 21
1888 , 1888
1 , 1
303 , 303
31 , 31
28 , 28
1905 , 1905
1 , 1
6 , 6
2 , 2
1 , 1
10 , 10
1 , 1
4 , 4
5 , 5
3 , 3
66 , 66
3 , 3
2358 , 2358
770 , 770
1 , 1
304 , 304
61 , 61
1 , 1
31 , 31
37 , 37
751 , 751
2 , 2
118 , 116
4 , 4
83 , 83
1 , 1
1 , 1
5 , 5
1 , 1
68 , 68
2 , 2
178 , 173
3602 , 3602
663 , 663
2338 , 2338
38 , 38
2586 , 2586
520 , 520
2 , 2
59 , 59
97 , 97
72 , 72
7725 , 7725
18 , 18
324 , 324
59 , 59
4 , 4
14 , 14
235 , 235
688 , 688
17 , 17
1 , 1
6 , 6
8375 , 8375
376 , 376
594 , 594
66 , 66
1 , 1
279 , 279
1 , 1
5 , 5
3190 , 3190
2 , 2
671 , 671
1 , 1
3730 , 3730
9 , 9
2 , 2
3293 , 3293
225 , 225
1177 , 1177
1172 , 1172
3640 , 3640
5264 , 5264
3851 , 3851
6 , 6
2 , 2
4 , 4
125 , 125
1 , 1
2506 , 2506
748 , 748
196 , 196
16 , 16
2 , 0
1 , 1
18 , 18
4300 , 4300
1 , 0
2 , 2
5852 , 5852
1648 , 1648
1 , 1
2 , 2
6 , 6
304 , 304
18 , 18
6 , 6
10 , 10
869 , 869
3 , 3
1 , 1
43 , 43
1 , 1
5843 , 5843
149 , 149
2 , 2
10 , 10
1 , 1
36 , 36
143 , 143
10 , 10
70 , 70
198 , 198
3 , 3
70 , 70
9 , 9
1468 , 1468
173 , 173
8566 , 8566
116 , 116
22 , 22
1 , 1
837 , 837
385 , 382
7141 , 7141
628 , 628
1145 , 1145
467 , 467
7 , 7
3318 , 3318
3602 , 3602
3583 , 3583
1442 , 1442
2266 , 2266
1266 , 1263
10 , 10
188 , 183
27 , 27
147 , 144
5317 , 5317
1 , 1
1978 , 1978
272 , 272
154 , 154
330 , 330
13 , 13
53 , 53
6178 , 6178
911 , 911
19 , 19
119 , 119
375 , 375
12 , 12
4 , 4
1591 , 1591
9814 , 9814
514 , 514
15 , 15
8183 , 8183
2366 , 2366
19 , 19
225 , 225
1718 , 1718
110 , 110
398 , 398
28 , 28
487 , 487
874 , 874
23 , 23
4 , 1
486 , 486
30 , 30
1 , 0
1 , 1
67 , 67
111 , 111
42 , 42
3 , 3
1 , 1
304 , 304
7 , 7
1854 , 1851
5124 , 5124
3799 , 3797
16 , 16
5 , 5
167 , 167
192 , 192
1 , 1
1290 , 1290
190 , 190
7 , 7
33 , 33
621 , 621
160 , 160
43 , 43
1 , 1
1 , 1
3878 , 3878
7 , 7
270 , 270
606 , 606
152 , 152
128 , 128
385 , 385
2 , 2
318 , 318
7 , 7
632 , 632
8 , 8
133 , 130
95 , 95
13 , 13
15 , 15
199 , 199
101 , 101
438 , 438
4522 , 4522
4 , 4
41 , 41
1668 , 1668
1 , 1
613 , 613
177 , 177
211 , 211
39 , 39
9213 , 9213
11 , 11
56 , 53
1 , 1
96 , 96
17 , 17
8 , 8
984 , 984
1 , 1
110 , 110
7 , 7
23 , 23
6 , 6
4 , 4
170 , 170
12 , 12
3032 , 3029
992 , 992
5 , 5
1 , 1
5331 , 5331
1 , 1
2 , 2
1 , 1
987 , 987
1 , 1
3541 , 3541
53 , 53
40 , 40
106 , 106
9876 , 9876
8601 , 8601
6036 , 6036
6 , 6
2 , 0
17 , 17
1327 , 1327
409 , 409
837 , 837
4 , 4
7 , 7
132 , 132
13 , 13
1 , 0
8 , 8
11 , 11
459 , 459
9921 , 9921
2437 , 2437
75 , 75
5 , 3
6182 , 6182
18 , 18
106 , 106
74 , 74
4205 , 4205
3 , 3
35 , 35
9 , 9
38 , 38
47 , 47
1493 , 1493
14 , 14
60 , 60
111 , 111
8 , 8
37 , 37
1 , 1
1 , 1
6 , 6
94 , 94
4 , 4
1 , 1
1 , 1
1659 , 1659
23 , 23
918 , 918
1 , 1
1085 , 1085
51 , 51
31 , 28
3569 , 3569
216 , 216
5324 , 5324
13 , 13
1 , 0
266 , 266
32 , 32
748 , 748
6 , 6
3 , 3
21 , 21
26 , 26
12 , 12
942 , 942
45 , 45
5 , 5
2251 , 2251
91 , 91
1 , 1
2922 , 2922
456 , 456
5965 , 5965
241 , 241
7972 , 7972
1 , 1
5212 , 5212
15 , 15
637 , 637
2 , 2
3 , 3
2 , 2
327 , 327
1732 , 1732
1 , 1
132 , 132
4 , 4
26 , 23
3 , 3
70 , 70
299 , 299
1 , 1
8 , 8
1643 , 1643
1 , 0
2 , 0
1594 , 1594
536 , 536
7 , 7
21 , 21
2 , 0
4079 , 4079
106 , 103
1047 , 1047
174 , 174
683 , 683
5984 , 5984
8959 , 8959
6679 , 6676
11 , 11
2 , 2
10 , 10
503 , 503
230 , 230
1 , 1
1 , 1
643 , 643
151 , 151
10 , 10
4 , 4
7 , 7
2067 , 2067
479 , 479
1 , 1
19 , 19
2508 , 2508
34 , 34
2 , 2
117 , 115
1780 , 1780
4 , 4
5 , 5
1 , 1
17 , 17
7738 , 7738
6 , 6
188 , 188
3122 , 3122
6 , 6
10 , 10
221 , 221
4 , 4
39 , 39
2356 , 2356
23 , 23
17 , 17
13 , 13
329 , 329
743 , 743
1 , 1
39 , 39
6 , 6
29 , 29
1 , 1
2 , 2
11 , 11
5 , 5
81 , 81
30 , 30
693 , 693
11 , 11
1648 , 1648
43 , 40
2 , 2
2 , 2
3155 , 3155
5 , 5
16 , 16
297 , 297
1968 , 1968
41 , 41
2060 , 2060
15 , 15
1 , 0
181 , 178
1 , 1
30 , 30
2034 , 2031
323 , 323
1 , 1
108 , 108
1034 , 1034
27 , 27
79 , 76
26 , 26
6717 , 6717
1853 , 1853
1 , 1
6 , 6
380 , 380
1 , 1
1 , 1
58 , 58
81 , 81
8840 , 8840
1342 , 1342
1010 , 1010
10 , 8
839 , 839
72 , 72
2 , 2
8001 , 8001
1 , 1
3777 , 3777
201 , 201
190 , 190
3926 , 3926
29 , 29
57 , 57
1 , 1
3834 , 3834
23 , 20
2499 , 2499
26 , 26
4 , 4
109 , 106
34 , 34
5420 , 5420
824 , 824
2 , 2
1 , 1
5 , 5
2 , 2
7812 , 7810
1492 , 1492
18 , 18
20 , 20
1871 , 1871
1 , 1
1347 , 1347
8 , 8
2 , 2
1 , 1
2 , 2
3528 , 3528
135 , 135
934 , 934
73 , 73
3932 , 3932
1347 , 1347
1 , 1
36 , 36
109 , 109
3 , 3
991 , 991
315 , 315
5 , 5
1 , 1
13 , 13
45 , 45
22 , 22
1863 , 1863
126 , 126
201 , 201
42 , 42
4089 , 4089
2742 , 2740
1 , 1
1 , 1
6 , 6
5 , 5
1 , 1
25 , 25
423 , 423
1373 , 1373
1333 , 1333
10 , 10
558 , 558
73 , 73
265 , 265
1169 , 1169
4648 , 4648
1 , 1
6114 , 6114
1 , 1
264 , 264
419 , 419
6072 , 6072
4 , 4
3 , 3
2 , 2
9 , 9
83 , 83
143 , 143
34 , 34
45 , 45
128 , 128
68 , 68
594 , 594
8628 , 8628
494 , 494
659 , 659
29 , 29
347 , 347
142 , 142
8152 , 8152
1 , 1
2570 , 2570
20 , 20
7434 , 7434
18 , 18
94 , 94
172 , 172
478 , 478
389 , 389
48 , 48
1351 , 1351
206 , 206
82 , 82
1604 , 1604
5 , 5
4517 , 4517
1798 , 1798
5352 , 5352
2 , 2
5997 , 5997
142 , 142
1730 , 1728
7 , 7
17 , 17
6 , 6
1428 , 1428
9398 , 9395
85 , 82
5359 , 5359
1 , 1
91 , 91
22 , 22
24 , 24
2 , 2
181 , 181
1631 , 1631
173 , 173
6 , 6
1454 , 1454
203 , 203
518 , 518
1738 , 1738
3682 , 3682
7048 , 7048
335 , 332
6230 , 6230
8267 , 8267
3701 , 3701
884 , 884
1094 , 1091
3667 , 3664
54 , 54
104 , 104
236 , 236
32 , 32
5 , 5
206 , 206
1 , 1
715 , 715
128 , 128
100 , 100
1 , 1
892 , 892
219 , 219
5281 , 5281
34 , 34
5 , 5
27 , 27
5 , 5
34 , 32
15 , 15
169 , 169
2 , 2
93 , 93
6 , 6
817 , 817
4699 , 4699
10 , 10
508 , 508
9 , 9
1727 , 1727
1 , 1
961 , 961
3 , 3
3 , 3
1 , 1
2151 , 2151
1025 , 1025
522 , 522
21 , 21
4 , 1
150 , 147
83 , 83
6 , 6
1 , 1
256 , 256
1 , 1
9 , 6
1 , 0
6 , 6
733 , 733
170 , 170
417 , 417
15 , 15
42 , 42
12 , 12
15 , 15
1 , 1
20 , 20
395 , 395
10 , 10
12 , 12
13 , 13
43 , 43
741 , 741
39 , 36
12 , 12
182 , 182
45 , 45
3109 , 3109
158 , 155
47 , 47
524 , 524
2330 , 2330
4 , 4
974 , 974
1 , 1
3240 , 3240
46 , 46
253 , 250
419 , 419
280 , 280
7 , 4
51 , 51
128 , 128
6 , 6
34 , 34
36 , 36
655 , 655
2236 , 2236
655 , 655
1918 , 1918
28 , 28
1 , 1
1 , 1
3826 , 3826
7 , 7
1 , 1
86 , 86
290 , 290
12 , 12
60 , 60
2078 , 2078
2 , 2
350 , 350
9 , 9
3233 , 3233
1789 , 1789
2 , 2
431 , 428
6 , 6
45 , 45
138 , 138
806 , 806
9428 , 9428
361 , 361
1 , 1
2481 , 2481
3356 , 3356
73 , 73
1 , 1
3241 , 3241
2779 , 2779
203 , 203
3 , 3
824 , 824
1 , 1
397 , 397
1099 , 1099
11 , 11
83 , 83
1 , 1
21 , 21
1571 , 1571
12 , 12
4 , 4
1347 , 1347
2 , 0
1470 , 1470
8 , 8
18 , 18
191 , 191
10 , 10
1 , 1
210 , 210
8 , 5
8 , 5
350 , 350
1 , 1
33 , 33
2452 , 2452
27 , 27
3 , 3
1 , 1
252 , 252
38 , 38
216 , 216
6 , 6
9045 , 9040
4248 , 4248
5 , 0
5 , 5
1 , 1
1768 , 1768
3 , 3
6 , 6
1 , 1
880 , 880
39 , 39
1354 , 1354
2677 , 2677
5047 , 5047
1 , 1
232 , 232
2 , 2
34 , 34
174 , 171
1831 , 1831
9638 , 9638
3255 , 3255
59 , 59
27 , 27
283 , 283
19 , 17
45 , 45
2 , 2
1814 , 1814
18 , 18
3 , 3
3106 , 3106
181 , 181
131 , 131
2 , 2
3462 , 3462
1 , 1
2 , 2
117 , 117
59 , 59
2915 , 2915
21 , 21
4 , 4
89 , 89
5 , 5
6 , 6
123 , 120
4859 , 4859
16 , 16
140 , 140
2883 , 2883
4 , 4
2160 , 2160
1183 , 1183
6 , 6
2 , 2
40 , 40
2018 , 2018
162 , 162
489 , 489
22 , 22
1 , 1
31 , 31
670 , 670
141 , 141
125 , 125
4 , 4
11 , 11
1476 , 1476
3 , 0
153 , 153
1 , 0
2879 , 2879
2 , 2
6280 , 6280
260 , 260
475 , 475
6712 , 6712
3 , 3
27 , 27
1515 , 1515
93 , 93
1108 , 1108
7 , 4
62 , 62
8352 , 8352
1 , 1
1528 , 1528
12 , 12
1 , 1
48 , 48
4 , 4
134 , 134
2400 , 2400
1 , 1
1742 , 1742
6632 , 6632
57 , 55
6270 , 6270
405 , 405
1 , 1
6 , 6
2 , 2
3 , 3
9127 , 9127
2715 , 2715
15 , 15
734 , 729
1883 , 1883
229 , 229
33 , 33
60 , 60
385 , 385
3 , 3
3227 , 3227
2364 , 2364
8 , 8
2 , 0
6 , 6
169 , 169
87 , 87
28 , 28
9249 , 9249
1200 , 1197
565 , 565
20 , 20
44 , 44
1 , 1
1 , 0
2 , 2
393 , 393
5 , 2
1 , 1
73 , 73
20 , 20
140 , 140
28 , 28
192 , 192
8 , 8
228 , 228
322 , 322
11 , 11
8112 , 8112
539 , 539
210 , 210
8097 , 8097
110 , 110
23 , 23
7438 , 7438
6 , 6
115 , 115
1541 , 1541
5 , 2
21 , 18
3 , 3
282 , 282
7 , 4
15 , 15
57 , 54
251 , 251
34 , 34
12 , 12
672 , 672
523 , 523
5841 , 5841
4 , 1
56 , 56
3 , 3
1679 , 1679
13 , 13
47 , 47
441 , 441
3027 , 3027
267 , 267
5247 , 5247
4 , 4
34 , 34
10 , 10
3 , 3
698 , 698
1863 , 1863
1 , 1
1 , 0
960 , 960
175 , 172
2547 , 2547
8769 , 8766
289 , 289
16 , 16
702 , 702
12 , 12
1 , 1
2 , 2
318 , 318
4 , 1
15 , 15
164 , 164
9 , 9
923 , 923
30 , 30
81 , 81
21 , 21
135 , 135
324 , 319
1361 , 1361
2617 , 2617
5092 , 5092
198 , 198
40 , 40
5906 , 5903
5 , 5
6800 , 6800
3 , 3
821 , 821
1348 , 1348
18 , 18
8 , 8
6996 , 6996
2 , 0
1 , 1
5 , 5
1936 , 1936
1911 , 1908
1 , 1
1 , 1
26 , 26
131 , 131
5 , 5
40 , 40
198 , 198
271 , 271
2 , 2
104 , 104
1077 , 1077
5 , 5
51 , 51
81 , 81
28 , 28
7055 , 7055
670 , 668
5002 , 5002
25 , 20
4 , 4
26 , 26
85 , 85
18 , 18
3817 , 3814
23 , 23
2359 , 2359
2114 , 2114
1 , 1
234 , 234
3 , 3
403 , 403
4 , 4
420 , 420
108 , 108
57 , 57
302 , 299
30 , 30
11 , 8
535 , 535
3 , 3
2009 , 2009
12 , 12
1 , 1
37 , 37
25 , 25
96 , 93
15 , 15
2173 , 2173
2690 , 2690
9916 , 9916
25 , 25
3 , 0
1823 , 1823
266 , 263
41 , 41
159 , 159
340 , 337
67 , 67
3 , 3
23 , 23
191 , 191
100 , 100
1 , 1
7482 , 7482
2593 , 2593
164 , 164
115 , 115
4681 , 4681
1 , 1
926 , 926
133 , 133
34 , 34
5 , 5
5 , 5
20 , 20
1 , 1
40 , 40
4841 , 4841
86 , 86
2401 , 2399
89 , 89
9727 , 9724
4 , 4
236 , 236
1171 , 1171
88 , 85
20 , 20
1 , 1
1 , 0
3571 , 3571
8896 , 8896
4447 , 4447
2 , 2
13 , 13
145 , 145
11 , 11
11 , 11
2 , 0
141 , 141
1528 , 1528
8344 , 8344
32 , 32
1519 , 1519
2 , 2
42 , 42
7423 , 7423
4900 , 4897
203 , 203
7 , 7
19 , 17
2 , 2
702 , 702
7845 , 7845
13 , 13
2558 , 2558
196 , 193
14 , 14
28 , 28
4 , 4
17 , 17
5 , 5
73 , 73
1762 , 1762
2 , 2
1041 , 1041
299 , 296
10 , 7
3966 , 3966
349 , 349
1 , 1
1145 , 1145
14 , 14
19 , 19
560 , 560
2878 , 2878
2 , 2
4 , 4
1 , 1
3 , 3
1578 , 1578
179 , 179
999 , 999
1206 , 1206
790 , 790
897 , 897
7 , 7
5669 , 5666
1461 , 1461
52 , 52
7376 , 7376
8380 , 8380
3836 , 3833
4453 , 4453
5 , 5
189 , 189
65 , 65
181 , 181
379 , 379
16 , 16
1404 , 1404
431 , 431
1 , 0
5798 , 5798
4 , 4
165 , 165
1599 , 1599
20 , 20
8 , 8
46 , 46
921 , 921
31 , 31
5 , 5
5 , 5
23 , 23
925 , 925
46 , 46
602 , 602
1 , 1
25 , 25
82 , 82
527 , 527
66 , 66
43 , 43
474 , 474
1 , 1
2984 , 2984
31 , 31
2 , 2
2 , 0
25 , 22
86 , 86
95 , 95
909 , 909
22 , 22
2 , 2
145 , 142
1723 , 1723
165 , 165
3 , 3
5607 , 5607
3481 , 3481
405 , 405
18 , 18
562 , 562
135 , 135
883 , 883
440 , 440
110 , 110
52 , 52
2 , 2
1073 , 1073
81 , 81
8 , 8
1910 , 1910
1 , 1
4 , 4
161 , 161
7 , 7
2 , 2
553 , 553
29 , 29
5 , 5
3 , 3
1 , 1
6 , 6
3233 , 3233
59 , 59
2176 , 2176
6 , 3
4 , 1
264 , 264
2 , 2
4661 , 4661
45 , 45
236 , 236
1 , 1
2 , 2
765 , 765
2 , 0
14 , 14
4 , 4
2857 , 2857
438 , 438
7179 , 7179
233 , 233
1 , 1
6 , 6
4758 , 4758
8 , 8
5616 , 5616
8990 , 8988
141 , 141
49 , 49
49 , 49
110 , 110
385 , 382
86 , 86
10 , 10
52 , 52
418 , 418
8 , 8
2023 , 2023
10 , 10
8 , 8
88 , 88
295 , 295
174 , 174
1897 , 1897
5 , 5
1 , 1
1 , 1
2109 , 2109
2 , 2
1403 , 1403
82 , 82
100 , 100
116 , 113
4 , 4
45 , 45
6 , 6
290 , 290
123 , 123
145 , 145
11 , 8
4 , 4
1 , 1
420 , 417
54 , 54
4062 , 4062
6124 , 6124
85 , 85
2215 , 2215
8 , 5
47 , 47
1 , 1
19 , 19
161 , 161
30 , 30
46 , 46
7914 , 7914
34 , 34
33 , 33
587 , 587
4 , 4
3231 , 3231
2 , 2
40 , 40
346 , 343
5952 , 5950
1 , 1
2 , 2
13 , 13
2128 , 2128
5 , 5
1 , 1
687 , 687
8 , 8
8985 , 8985
1 , 1
47 , 47
7021 , 7021
2 , 2
4672 , 4672
7 , 7
135 , 135
4 , 4
145 , 145
417 , 417
872 , 872
2 , 2
6198 , 6198
2 , 2
804 , 804
56 , 56
1667 , 1667
5 , 5
2097 , 2097
20 , 20
34 , 34
1 , 1
262 , 262
1 , 1
91 , 91
3688 , 3688
1843 , 1843
4 , 4
1 , 1
1 , 1
33 , 33
13 , 13
1 , 1
180 , 180
15 , 12
9809 , 9809
1 , 1
11 , 11
71 , 68
44 , 42
306 , 306
412 , 412
166 , 166
966 , 966
3973 , 3968
1373 , 1373
1 , 1
8703 , 8703
162 , 162
21 , 21
31 , 31
1647 , 1647
3277 , 3277
3980 , 3980
147 , 147
1 , 1
1787 , 1787
5790 , 5787
201 , 201
1 , 1
40 , 40
21 , 21
4 , 4
91 , 91
7 , 7
37 , 37
1 , 1
19 , 19
1437 , 1437
820 , 817
50 , 50
89 , 89
696 , 696
27 , 27
645 , 645
832 , 832
56 , 56
2711 , 2711
2 , 2
660 , 660
2075 , 2075
2118 , 2118
226 , 226
276 , 276
286 , 286
198 , 198
40 , 40
3 , 3
1 , 1
12 , 12
3 , 3
1 , 1
526 , 526
56 , 56
1 , 1
8 , 8
55 , 55
1 , 0
75 , 75
60 , 60
760 , 760
515 , 515
3 , 3
1978 , 1978
4228 , 4228
3499 , 3499
1 , 1
69 , 66
3 , 3
1772 , 1772
122 , 122
6590 , 6590
1897 , 1897
3040 , 3040
3 , 3
190 , 190
913 , 911
153 , 153
3201 , 3198
364 , 364
9277 , 9277
2998 , 2995
16 , 16
66 , 66
149 , 149
26 , 26
1690 , 1687
7 , 7
24 , 24
44 , 44
9 , 9
31 , 31
20 , 20
286 , 286
8682 , 8682
2 , 2
350 , 350
1143 , 1143
653 , 653
816 , 816
84 , 84
5783 , 5783
9768 , 9768
4 , 1
1004 , 1001
5 , 5
6 , 6
1729 , 1729
9 , 9
33 , 33
91 , 91
3558 , 3558
3 , 3
2073 , 2073
65 , 65
2535 , 2535
18 , 18
515 , 515
7 , 7
92 , 92
1 , 1
1897 , 1897
2 , 2
796 , 793
116 , 116
2 , 2
183 , 183
4 , 4
3502 , 3499
1 , 1
5445 , 5445
7983 , 7983
2351 , 2351
2 , 2
2 , 2
1 , 1
3069 , 3069
2 , 2
658 , 658
18 , 18
2 , 2
9775 , 9775
7663 , 7663
7403 , 7403
4777 , 4777
24 , 24
5 , 3
97 , 97
2 , 2
2 , 2
1243 , 1243
6793 , 6793
86 , 86
4 , 1
394 , 394
440 , 440
2005 , 2005
7 , 7
332 , 332
257 , 257
255 , 255
1 , 1
4937 , 4934
6 , 6
60 , 60
114 , 114
1 , 1
1 , 0
476 , 476
40 , 40
8261 , 8261
4 , 1
7823 , 7823
4147 , 4144
21 , 21
1 , 1
2476 , 2476
2 , 2
1666 , 1666
3 , 3
3979 , 3979
1 , 1
1 , 1
1023 , 1023
7 , 7
8015 , 8015
52 , 52
332 , 332
56 , 53
56 , 56
4 , 4
250 , 250
70 , 70
1 , 1
703 , 703
2 , 2
1 , 1
713 , 713
70 , 67
23 , 20
16 , 16
4 , 4
2046 , 2046
618 , 618
2 , 2
158 , 158
8684 , 8684
208 , 208
1919 , 1916
186 , 186
1779 , 1779
515 , 515
41 , 41
69 , 67
647 , 647
136 , 136
1 , 1
3 , 3
8814 , 8814
74 , 74
1 , 1
26 , 26
145 , 145
5 , 5
5 , 5
19 , 19
635 , 635
3059 , 3059
3 , 3
7 , 7
1 , 1
2 , 2
314 , 314
40 , 40
1710 , 1710
585 , 585
5 , 5
14 , 14
247 , 247
433 , 433
9230 , 9230
2494 , 2494
1732 , 1732
3000 , 3000
312 , 312
87 , 87
3 , 3
1 , 1
22 , 22
3 , 3
2 , 2
4101 , 4101
809 , 809
9347 , 9347
11 , 11
6217 , 6217
263 , 263
239 , 239
69 , 69
1255 , 1255
2485 , 2485
2 , 2
35 , 33
150 , 150
174 , 172
512 , 512
1 , 0
1 , 0
402 , 399
1 , 1
15 , 15
427 , 427
110 , 110
11 , 11
81 , 81
5 , 5
148 , 148
484 , 484
154 , 151
576 , 576
3 , 3
627 , 624
77 , 77
1 , 1
3 , 3
1 , 1
24 , 24
336 , 336
2 , 2
2750 , 2750
1 , 1
216 , 216
1972 , 1972
1966 , 1966
1745 , 1745
3252 , 3252
40 , 40
6 , 6
10 , 10
6094 , 6091
53 , 53
3 , 3
14 , 14
20 , 20
1976 , 1976
37 , 37
21 , 21
40 , 40
65 , 65
1 , 1
24 , 24
5442 , 5442
1 , 1
1197 , 1197
230 , 230
2 , 2
206 , 206
31 , 31
33 , 33
67 , 67
12 , 12
27 , 27
2787 , 2787
1460 , 1460
4969 , 4967
680 , 680
2167 , 2167
559 , 559
65 , 65
248 , 248
1247 , 1247
13 , 13
28 , 28
253 , 253
6 , 6
9388 , 9388
25 , 25
2 , 2
3 , 3
705 , 705
699 , 699
6051 , 6051
3 , 3
1 , 1
65 , 65
2 , 2
140 , 140
1 , 1
5 , 5
440 , 440
9 , 9
1 , 1
1984 , 1984
1451 , 1451
286 , 283
1 , 1
12 , 12
97 , 95
40 , 40
2 , 0
169 , 169
375 , 375
6083 , 6083
2620 , 2620
10 , 10
1 , 1
109 , 107
34 , 34
111 , 111
245 , 243
896 , 893
54 , 54
5 , 5
463 , 463
954 , 954
20 , 18
5 , 5
1613 , 1613
13 , 13
1216 , 1216
3 , 3
1315 , 1315
65 , 65
1487 , 1487
16 , 16
973 , 973
64 , 64
193 , 193
8835 , 8835
3 , 3
449 , 449
2557 , 2557
534 , 534
1 , 1
2 , 2
1 , 1
9947 , 9947
11 , 11
998 , 998
35 , 30
211 , 211
2 , 2
83 , 83
196 , 196
4910 , 4910
1655 , 1655
1340 , 1340
2 , 0
1 , 1
8 , 8
2073 , 2073
73 , 73
4 , 4
333 , 333
5967 , 5967
1284 , 1284
3 , 3
2 , 2
94 , 94
100 , 100
161 , 161
5629 , 5629
39 , 39
20 , 20
5444 , 5444
3506 , 3506
1002 , 1002
3 , 3
111 , 111
511 , 511
20 , 20
4770 , 4768
1 , 1
3561 , 3561
3 , 3
1 , 1
9 , 9
3326 , 3323
3028 , 3028
95 , 95
7261 , 7261
15 , 15
127 , 127
609 , 607
15 , 12
3 , 3
331 , 331
1 , 1
2 , 2
18 , 18
3255 , 3255
2431 , 2431
1185 , 1185
6 , 6
2188 , 2188
374 , 374
588 , 588
2 , 2
361 , 361
1 , 1
1 , 1
278 , 278
217 , 217
17 , 17
4103 , 4103
4346 , 4346
45 , 45
12 , 12
58 , 58
4992 , 4992
82 , 82
10 , 10
8 , 5
9841 , 9841
138 , 138
6 , 6
25 , 25
638 , 638
1 , 1
881 , 881
6 , 6
624 , 624
1 , 0
3 , 0
1571 , 1571
82 , 82
2 , 2
1617 , 1617
1 , 1
87 , 87
11 , 11
2 , 2
5 , 5
2162 , 2162
58 , 58
15 , 15
695 , 695
4 , 4
1485 , 1485
34 , 34
772 , 772
15 , 15
156 , 156
4 , 4
2239 , 2239
189 , 189
180 , 180
1204 , 1204
408 , 408
204 , 204
8 , 8
9207 , 9204
2 , 2
4098 , 4098
1322 , 1322
15 , 15
192 , 192
36 , 36
106 , 106
28 , 28
1080 , 1080
278 , 275
7 , 7
6669 , 6669
245 , 245
22 , 22
1 , 1
35 , 35
96 , 96
5 , 5
86 , 86
3 , 3
4301 , 4301
217 , 217
1 , 1
3905 , 3905
2 , 2
2174 , 2174
15 , 15
5 , 5
4537 , 4537
19 , 19
2 , 2
45 , 45
6 , 6
12 , 12
1 , 0
13 , 11
1 , 1
2 , 2
765 , 765
11 , 11
403 , 403
30 , 30
319 , 319
2 , 2
1 , 1
234 , 234
152 , 152
58 , 58
101 , 101
3 , 3
7 , 7
43 , 43
1 , 1
1 , 1
1 , 1
81 , 76
3591 , 3591
3385 , 3385
4 , 4
883 , 883
1 , 1
13 , 13
62 , 62
32 , 32
70 , 70
1675 , 1675
653 , 653
11 , 11
18 , 18
831 , 831
21 , 21
25 , 25
69 , 66
4 , 1
81 , 81
82 , 82
6805 , 6805
4117 , 4117
1919 , 1917
96 , 93
8 , 8
2619 , 2619
463 , 463
885 , 885
1 , 1
512 , 512
19 , 19
2 , 2
6 , 6
84 , 84
35 , 35
3 , 3
5823 , 5823
8662 , 8662
5 , 5
18 , 15
4749 , 4749
6 , 6
222 , 220
7 , 7
3593 , 3593
8 , 8
2 , 2
1214 , 1214
1342 , 1339
2832 , 2832
6315 , 6315
3000 , 3000
180 , 180
147 , 147
118 , 118
8723 , 8723
1 , 1
390 , 390
62 , 59
5 , 5
276 , 276
703 , 703
12 , 12
1373 , 1373
50 , 50
166 , 166
1 , 1
2117 , 2117
13 , 13
4 , 4
43 , 43
80 , 80
9436 , 9436
3 , 3
172 , 172
688 , 688
10 , 10
158 , 158
266 , 266
1 , 1
802 , 802
3812 , 3812
6590 , 6590
5 , 5
810 , 807
63 , 63
122 , 122
394 , 394
7111 , 7111
40 , 40
2 , 2
8 , 8
79 , 79
9367 , 9367
643 , 643
4 , 4
4580 , 4580
1614 , 1614
1370 , 1370
12 , 12
4 , 4
9 , 9
51 , 51
170 , 170
37 , 37
45 , 45
3180 , 3180
40 , 40
8540 , 8537
1722 , 1722
469 , 469
63 , 60
1 , 1
60 , 60
62 , 62
723 , 723
1067 , 1067
1 , 1
1 , 1
7903 , 7903
1 , 1
27 , 27
2978 , 2978
3291 , 3291
2 , 2
3 , 3
1 , 1
1 , 1
40 , 40
25 , 25
1503 , 1503
65 , 65
1153 , 1153
12 , 12
1452 , 1452
52 , 52
42 , 42
22 , 22
1419 , 1419
10 , 10
198 , 195
2 , 2
462 , 460
2 , 2
859 , 859
245 , 245
6 , 6
1 , 0
84 , 82
8891 , 8891
36 , 36
1997 , 1997
952 , 952
1734 , 1734
9 , 9
1470 , 1470
29 , 29
156 , 156
59 , 59
7 , 7
44 , 44
3157 , 3157
9945 , 9945
188 , 188
1 , 1
4 , 4
544 , 544
670 , 670
410 , 410
1 , 1
10 , 7
27 , 24
9 , 9
933 , 933
22 , 22
4387 , 4387
592 , 592
721 , 721
2 , 2
66 , 63
5005 , 5005
7684 , 7681
67 , 67
45 , 42
7174 , 7174
7524 , 7524
679 , 679
6649 , 6649
1 , 1
9878 , 9878
1 , 1
2668 , 2668
3704 , 3704
109 , 109
2317 , 2317
628 , 628
2 , 2
1 , 1
2 , 2
118 , 118
4508 , 4508
85 , 85
18 , 18
70 , 70
512 , 512
1 , 1
124 , 121
1 , 1
43 , 43
20 , 20
1 , 1
403 , 403
41 , 41
8903 , 8903
15 , 15
57 , 57
26 , 26
125 , 125
262 , 259
1 , 1
60 , 60
818 , 818
489 , 489
416 , 416
6695 , 6695
37 , 35
74 , 74
834 , 834
4027 , 4024
357 , 357
1411 , 1411
241 , 241
200 , 200
182 , 182
147 , 147
33 , 33
239 , 239
9555 , 9555
874 , 874
5552 , 5552
34 , 34
666 , 666
86 , 86
376 , 376
3977 , 3974
25 , 25
37 , 37
4160 , 4160
4 , 4
23 , 23
13 , 10
140 , 137
53 , 53
1 , 0
1 , 1
3 , 3
1743 , 1743
434 , 434
105 , 105
8 , 8
98 , 98
1482 , 1482
1 , 1
1218 , 1218
145 , 145
58 , 55
1 , 1
2241 , 2238
34 , 34
4435 , 4435
2395 , 2395
28 , 28
1426 , 1426
472 , 472
250 , 250
902 , 902
5 , 5
1 , 1
1045 , 1045
151 , 151
9946 , 9946
178 , 178
112 , 112
100 , 100
15 , 15
6 , 4
3 , 3
85 , 85
92 , 92
27 , 27
189 , 189
5515 , 5512
51 , 51
62 , 60
32 , 32
231 , 231
263 , 263
705 , 705
1 , 1
39 , 39
12 , 12
164 , 164
69 , 69
9 , 9
95 , 95
4830 , 4830
981 , 981
1112 , 1112
53 , 53
12 , 12
5783 , 5783
1342 , 1342
4153 , 4153
6965 , 6965
8 , 6
5474 , 5474
7 , 7
143 , 143
46 , 43
14 , 14
13 , 13
134 , 131
14 , 14
1 , 1
13 , 13
4342 , 4342
5406 , 5406
13 , 13
8 , 8
1 , 1
2 , 2
76 , 76
5000 , 5000
15 , 15
7 , 7
34 , 34
1 , 1
7 , 7
1 , 1
31 , 31
58 , 58
23 , 23
1 , 1
4 , 4
46 , 43
1409 , 1409
1 , 1
73 , 73
4 , 1
58 , 58
17 , 17
1 , 0
9 , 9
1016 , 1016
2 , 2
924 , 924
7 , 7
53 , 53
7160 , 7160
218 , 218
8936 , 8936
43 , 43
75 , 75
49 , 49
4 , 4
43 , 43
2683 , 2681
154 , 154
572 , 572
2322 , 2322
2101 , 2101
1 , 1
136 , 136
1 , 1
2489 , 2489
5425 , 5425
84 , 84
2 , 0
156 , 156
93 , 93
3270 , 3270
41 , 41
2 , 2
1427 , 1427
350 , 350
1 , 1
5 , 5
3 , 3
5 , 5
74 , 74
3 , 3
274 , 274
9 , 9
27 , 27
35 , 35
1 , 1
3088 , 3088
182 , 182
1 , 1
1 , 1
5253 , 5251
49 , 49
1283 , 1283
19 , 19
277 , 277
16 , 16
76 , 76
6 , 6
4082 , 4082
3 , 3
6 , 6
2 , 2
3419 , 3419
43 , 43
668 , 668
121 , 121
15 , 15
526 , 526
1403 , 1403
2 , 2
5 , 5
545 , 545
17 , 17
4 , 4
461 , 461
4 , 4
674 , 674
3 , 3
237 , 235
1854 , 1854
1 , 1
4626 , 4626
2 , 2
145 , 145
178 , 175
38 , 38
322 , 322
852 , 852
3 , 3
13 , 13
138 , 138
8271 , 8271
7 , 7
1 , 1
7 , 4
1 , 1
800 , 800
2163 , 2163
404 , 404
2867 , 2867
508 , 508
3 , 3
1298 , 1298
3474 , 3474
1232 , 1232
5 , 5
2 , 0
166 , 166
414 , 414
36 , 36
231 , 231
15 , 15
251 , 251
1 , 1
2 , 2
13 , 13
1 , 1
13 , 13
2417 , 2417
10 , 5
3764 , 3764
174 , 174
102 , 102
63 , 63
139 , 139
6 , 6
45 , 45
11 , 8
6441 , 6441
341 , 341
54 , 54
3117 , 3117
70 , 70
825 , 825
2 , 2
2994 , 2994
2 , 2
4 , 4
1180 , 1180
18 , 18
14 , 14
1 , 1
1 , 1
799 , 799
544 , 544
5 , 5
19 , 19
3 , 3
4828 , 4828
5064 , 5064
9835 , 9835
34 , 34
8949 , 8949
23 , 23
7617 , 7617
2 , 2
322 , 322
12 , 12
14 , 14
117 , 115
1196 , 1196
1395 , 1395
258 , 258
1 , 1
6708 , 6708
742 , 742
2155 , 2155
3036 , 3036
6039 , 6039
6 , 6
4 , 4
1752 , 1752
112 , 109
73 , 70
7306 , 7306
1937 , 1937
85 , 85
1281 , 1281
1150 , 1150
15 , 15
3197 , 3197
8 , 8
23 , 23
1 , 1
347 , 347
1 , 1
3483 , 3483
2 , 2
1084 , 1084
1 , 1
5 , 5
1718 , 1718
3128 , 3128
6 , 6
154 , 154
97 , 97
42 , 42
1 , 1
1192 , 1192
7337 , 7337
24 , 24
61 , 61
5 , 5
449 , 449
761 , 761
3 , 3
3044 , 3044
68 , 68
31 , 29
2 , 2
194 , 194
2513 , 2513
101 , 101
9278 , 9278
365 , 365
81 , 81
34 , 34
202 , 202
20 , 20
4240 , 4240
2130 , 2130
705 , 705
2 , 2
4834 , 4834
1 , 1
22 , 22
5603 , 5603
11 , 11
4757 , 4757
42 , 42
26 , 23
50 , 50
1 , 1
1567 , 1567
6359 , 6359
29 , 29
1 , 1
518 , 518
9 , 9
62 , 62
3 , 3
29 , 29
548 , 545
276 , 276
36 , 36
21 , 21
10 , 10
3371 , 3371
155 , 155
1 , 1
2 , 2
2092 , 2092
485 , 485
2811 , 2811
2 , 2
338 , 338
22 , 22
11 , 11
388 , 385
20 , 20
6 , 4
155 , 155
144 , 144
7434 , 7434
860 , 860
2 , 2
2338 , 2338
647 , 647
1 , 1
7 , 7
50 , 50
652 , 652
12 , 12
3175 , 3175
816 , 816
42 , 39
1 , 1
57 , 57
75 , 75
312 , 312
1 , 1
1 , 1
712 , 712
2505 , 2505
15 , 15
123 , 123
1030 , 1030
2 , 2
455 , 455
11 , 11
1 , 1
865 , 865
1 , 1
4777 , 4777
6 , 6
189 , 189
1989 , 1989
737 , 737
3207 , 3207
9 , 9
89 , 89
147 , 147
2311 , 2311
13 , 13
213 , 210
25 , 25
97 , 94
1527 , 1527
2 , 2
462 , 462
263 , 263
3821 , 3821
1406 , 1406
1 , 1
9 , 9
3 , 3
2172 , 2172
574 , 574
286 , 286
4 , 4
21 , 21
611 , 611
1 , 0
776 , 774
5 , 5
579 , 579
488 , 488
25 , 25
289 , 289
2 , 2
210 , 210
10 , 10
178 , 178
4 , 4
2 , 2
87 , 84
4 , 4
32 , 32
7 , 7
5873 , 5873
1 , 1
6745 , 6745
1 , 1
9835 , 9835
402 , 397
2 , 2
6152 , 6152
1 , 1
312 , 312
1 , 1
870 , 870
2 , 2
1 , 1
458 , 458
4427 , 4427
1454 , 1454
104 , 104
2 , 2
1 , 1
3673 , 3673
509 , 509
2 , 0
3 , 3
7978 , 7978
1 , 1
15 , 15
12 , 12
176 , 176
3533 , 3533
988 , 988
8380 , 8380
38 , 38
49 , 49
487 , 485
3 , 1
31 , 31
551 , 551
1 , 1
1 , 1
1 , 1
942 , 942
454 , 454
814 , 814
158 , 158
28 , 25
61 , 61
4 , 4
3884 , 3884
10 , 10
14 , 14
8413 , 8413
1 , 1
13 , 13
18 , 15
6 , 6
3311 , 3311
1276 , 1276
1 , 0
4472 , 4472
15 , 15
1643 , 1643
20 , 20
2 , 2
3156 , 3156
1 , 0
13 , 10
399 , 396
30 , 30
83 , 81
79 , 79
1 , 1
72 , 72
1 , 1
9250 , 9250
2 , 2
1 , 1
26 , 26
187 , 187
161 , 161
203 , 203
2 , 2
31 , 31
10 , 10
146 , 146
1174 , 1174
3469 , 3469
2 , 2
1 , 1
42 , 42
9 , 9
246 , 246
396 , 396
2 , 2
724 , 724
9 , 9
27 , 27
149 , 149
2578 , 2578
73 , 70
1 , 1
1521 , 1521
1276 , 1276
26 , 26
1280 , 1280
5 , 5
66 , 66
1 , 1
14 , 14
5 , 5
6 , 3
70 , 70
4 , 4
49 , 49
12 , 12
4 , 4
30 , 30
1 , 1
117 , 117
1 , 1
4 , 4
4 , 1
147 , 144
7051 , 7051
5 , 5
3232 , 3232
37 , 35
22 , 19
12 , 12
581 , 581
815 , 815
42 , 42
102 , 102
1 , 1
74 , 74
1338 , 1338
17 , 17
1 , 1
76 , 76
16 , 16
10 , 10
2215 , 2215
1136 , 1136
3298 , 3298
4 , 4
1331 , 1331
36 , 36
5 , 5
1471 , 1471
108 , 108
3008 , 3008
13 , 13
1 , 0
959 , 959
12 , 12
2764 , 2764
6 , 6
1810 , 1810
3 , 3
3960 , 3960
1373 , 1373
2 , 2
735 , 735
246 , 246
57 , 57
1363 , 1363
6881 , 6881
1 , 1
6593 , 6593
92 , 92
2166 , 2166
25 , 25
150 , 148
4 , 4
1510 , 1510
16 , 16
39 , 39
447 , 447
963 , 963
37 , 34
50 , 50
5 , 5
151 , 151
1112 , 1112
1933 , 1933
34 , 34
33 , 33
1068 , 1068
1246 , 1246
267 , 267
130 , 130
96 , 96
2225 , 2222
192 , 192
116 , 116
3 , 3
2 , 2
3 , 3
33 , 33
30 , 30
1934 , 1934
14 , 14
7 , 7
9 , 9
497 , 497
67 , 67
885 , 885
1743 , 1743
6351 , 6351
7297 , 7297
40 , 37
130 , 130
1 , 1
799 , 799
44 , 44
168 , 168
111 , 111
6608 , 6605
1271 , 1271
1 , 1
23 , 23
4 , 4
12 , 12
14 , 14
7123 , 7120
13 , 13
113 , 113
7826 , 7826
353 , 353
253 , 253
5 , 5
8 , 8
8 , 8
18 , 18
193 , 193
2 , 2
6622 , 6619
9 , 9
1 , 1
16 , 16
389 , 389
190 , 190
1681 , 1681
1707 , 1707
4 , 4
9975 , 9975
51 , 51
2 , 0
2 , 2
6934 , 6934
302 , 302
3 , 3
20 , 20
20 , 20
1 , 1
300 , 300
1 , 1
5001 , 5001
13 , 13
22 , 22
5932 , 5932
1131 , 1131
3 , 3
14 , 14
777 , 777
3 , 3
10 , 10
588 , 588
2 , 2
12 , 12
253 , 253
7 , 7
2950 , 2950
44 , 44
24 , 24
1213 , 1213
22 , 22
70 , 70
2 , 2
7141 , 7141
2462 , 2462
41 , 41
1805 , 1802
509 , 509
8359 , 8359
1 , 0
4130 , 4130
3852 , 3852
14 , 14
6424 , 6424
2 , 2
1 , 1
7510 , 7510
569 , 569
27 , 27
3441 , 3441
39 , 39
67 , 64
1 , 1
1 , 1
589 , 589
871 , 871
6721 , 6721
2034 , 2034
15 , 15
26 , 26
9 , 9
4626 , 4626
8399 , 8399
6 , 6
8 , 8
92 , 92
1356 , 1356
18 , 18
90 , 90
82 , 82
6269 , 6269
54 , 54
17 , 17
377 , 374
6 , 6
25 , 25
24 , 24
4 , 4
4 , 4
191 , 191
9 , 9
3 , 3
1 , 1
69 , 69
18 , 18
3218 , 3218
32 , 32
1 , 1
7 , 7
2 , 0
60 , 60
8876 , 8876
19 , 19
183 , 183
1333 , 1330
8927 , 8927
4586 , 4586
1 , 0
461 , 457
197 , 197
5 , 5
239 , 239
4 , 4
3325 , 3325
5489 , 5489
7077 , 7077
2 , 0
33 , 33
1241 , 1239
13 , 13
20 , 20
1042 , 1042
307 , 307
802 , 802
2 , 2
2 , 2
2858 , 2858
68 , 65
3422 , 3422
24 , 24
2 , 0
522 , 519
1 , 1
32 , 32
1 , 0
7063 , 7063
2 , 2
924 , 924
2827 , 2827
7 , 7
54 , 54
11 , 11
79 , 76
189 , 189
20 , 20
367 , 367
8173 , 8173
3 , 1
125 , 125
25 , 25
813 , 813
9691 , 9691
12 , 12
5084 , 5084
780 , 780
580 , 580
16 , 16
232 , 229
63 , 63
447 , 447
2 , 2
38 , 38
4 , 2
11 , 11
68 , 68
105 , 105
93 , 93
1121 , 1121
2451 , 2451
7772 , 7772
2419 , 2419
24 , 22
116 , 113
97 , 97
2488 , 2488
1 , 1
7 , 4
1 , 1
23 , 23
45 , 45
2 , 2
587 , 587
5456 , 5456
77 , 77
299 , 299
2 , 2
25 , 25
3 , 3
407 , 407
13 , 13
245 , 245
71 , 71
8 , 8
4 , 4
2 , 2
1 , 0
2 , 2
4 , 4
2 , 2
1867 , 1867
2 , 2
4 , 4
11 , 11
161 , 161
103 , 103
19 , 19
47 , 47
1213 , 1213
1 , 1
406 , 406
44 , 44
10 , 10
6 , 6
1 , 1
122 , 122
30 , 30
69 , 69
485 , 485
355 , 355
23 , 23
2 , 2
18 , 18
2 , 2
105 , 105
18 , 15
19 , 19
2 , 2
18 , 18
24 , 21
1738 , 1738
6760 , 6760
1 , 1
5846 , 5846
123 , 123
11 , 11
5007 , 5007
30 , 30
19 , 19
7453 , 7453
9 , 9
358 , 358
206 , 206
1 , 1
1 , 1
2997 , 2997
14 , 14
7 , 7
6 , 6
290 , 290
770 , 770
117 , 117
33 , 33
117 , 117
690 , 690
443 , 443
1223 , 1223
1 , 1
1064 , 1062
5 , 5
3 , 3
7 , 4
1 , 1
29 , 29
7 , 7
601 , 601
24 , 24
17 , 17
460 , 460
699 , 699
245 , 245
1 , 1
2 , 2
650 , 650
22 , 22
633 , 633
115 , 115
7 , 7
2 , 2
350 , 350
1 , 0
2 , 2
2751 , 2751
631 , 631
307 , 307
8 , 6
115 , 115
86 , 86
5 , 5
2776 , 2776
92 , 92
1892 , 1892
278 , 278
2 , 2
1384 , 1384
1 , 1
140 , 140
4 , 4
2118 , 2118
9 , 9
69 , 66
8103 , 8103
152 , 149
85 , 85
1 , 1
761 , 758
32 , 32
506 , 506
3 , 3
1 , 0
2 , 2
94 , 94
9636 , 9636
2 , 2
4 , 4
1 , 1
24 , 24
23 , 23
940 , 940
7886 , 7886
3 , 3
2843 , 2843
2 , 2
1659 , 1659
4 , 4
1293 , 1293
20 , 20
9739 , 9739
4698 , 4698
17 , 17
3 , 3
16 , 16
35 , 35
1646 , 1646
3 , 3
1 , 1
101 , 101
18 , 18
532 , 532
4029 , 4029
2610 , 2610
2276 , 2276
17 , 14
4 , 4
720 , 720
9800 , 9800
1963 , 1963
91 , 91
5328 , 5325
702 , 702
320 , 320
3 , 3
43 , 43
2686 , 2686
2 , 2
242 , 242
2262 , 2262
919 , 919
11 , 11
5 , 5
21 , 21
33 , 33
1078 , 1078
1761 , 1761
2402 , 2402
1343 , 1343
2 , 2
3 , 3
5976 , 5976
2 , 2
110 , 110
1 , 1
429 , 429
2332 , 2332
2 , 2
13 , 13
96 , 96
4610 , 4607
1 , 1
4 , 4
6586 , 6586
2238 , 2238
1 , 0
4 , 4
517 , 517
7418 , 7418
3783 , 3783
129 , 129
514 , 514
118 , 118
4 , 4
1095 , 1095
1 , 1
58 , 58
108 , 108
44 , 44
1 , 1
94 , 94
18 , 18
5360 , 5360
3604 , 3604
335 , 335
153 , 153
1214 , 1211
4 , 4
246 , 243
80 , 80
183 , 183
889 , 889
1398 , 1398
1 , 1
4908 , 4908
399 , 399
1 , 1
8 , 5
93 , 93
18 , 16
161 , 161
2 , 2
3238 , 3238
3550 , 3550
119 , 119
64 , 64
28 , 28
6227 , 6227
1005 , 1005
7962 , 7962
4 , 4
12 , 12
381 , 381
6 , 6
1 , 0
143 , 143
2 , 2
12 , 12
11 , 11
8 , 8
8 , 8
1 , 1
1 , 1
52 , 52
12 , 12
1447 , 1447
3678 , 3675
47 , 45
8 , 8
2 , 0
6385 , 6385
4 , 4
1 , 1
1 , 1
74 , 74
28 , 28
56 , 53
1 , 1
17 , 17
3 , 3
3 , 0
1949 , 1949
36 , 36
309 , 309
11 , 11
8 , 8
1 , 1
129 , 129
1 , 0
19 , 19
93 , 93
1191 , 1191
7095 , 7092
6 , 6
1 , 1
154 , 154
1 , 0
35 , 35
172 , 172
821 , 821
174 , 174
6048 , 6048
433 , 433
366 , 366
1 , 1
9964 , 9964
10 , 10
154 , 154
827 , 827
209 , 209
1 , 1
2 , 2
7088 , 7088
2 , 2
2 , 2
43 , 43
165 , 165
38 , 38
3 , 3
1 , 1
620 , 620
16 , 16
19 , 19
4173 , 4173
166 , 166
3 , 3
6 , 6
1020 , 1020
1 , 1
4790 , 4790
17 , 13
1 , 1
49 , 49
208 , 208
170 , 170
5 , 5
3 , 3
974 , 974
248 , 248
11 , 11
8127 , 8127
85 , 85
1559 , 1559
66 , 66
8 , 8
33 , 33
1681 , 1678
1897 , 1897
2 , 2
276 , 276
9303 , 9303
238 , 235
7 , 7
125 , 125
1 , 1
6 , 6
176 , 176
1039 , 1039
1 , 1
2327 , 2327
953 , 953
102 , 102
133 , 131
1727 , 1727
7 , 7
1 , 1
324 , 324
19 , 19
124 , 124
3059 , 3059
10 , 10
1696 , 1696
1542 , 1542
2471 , 2471
1 , 1
4 , 2
103 , 103
2929 , 2929
308 , 308
3 , 3
18 , 18
31 , 31
244 , 244
24 , 24
5149 , 5149
718 , 718
1233 , 1233
3949 , 3949
157 , 157
16 , 16
283 , 283
24 , 22
442 , 442
1065 , 1065
114 , 114
45 , 45
6365 , 6365
9025 , 9025
5 , 5
5 , 5
1006 , 1006
49 , 49
9 , 9
8 , 8
16 , 16
3 , 3
1543 , 1543
30 , 30
74 , 74
1808 , 1808
593 , 593
602 , 602
2 , 0
4316 , 4316
73 , 73
17 , 17
4194 , 4194
3 , 3
3354 , 3354
96 , 94
7 , 7
820 , 820
1223 , 1223
4 , 4
6 , 6
3967 , 3967
2 , 2
1 , 1
12 , 12
212 , 212
6 , 6
114 , 114
306 , 306
36 , 36
28 , 28
3637 , 3637
2 , 0
18 , 18
1 , 1
939 , 939
4653 , 4653
23 , 23
30 , 30
868 , 868
264 , 264
4698 , 4698
7 , 4
1024 , 1024
8 , 8
4 , 4
106 , 103
1128 , 1128
1 , 1
561 , 561
6648 , 6648
1 , 1
403 , 403
1 , 1
1 , 1
40 , 40
1 , 1
1066 , 1066
1 , 1
3495 , 3495
157 , 157
3 , 3
1 , 1
526 , 526
85 , 85
201 , 201
5 , 5
132 , 132
2 , 2
2 , 2
206 , 206
3082 , 3082
15 , 15
1 , 1
169 , 166
13 , 13
309 , 309
21 , 21
991 , 991
2 , 2
1 , 1
57 , 57
42 , 42
5456 , 5456
54 , 54
23 , 23
5 , 5
1 , 1
14 , 14
204 , 202
657 , 657
2 , 2
10 , 10
85 , 85
3 , 3
51 , 51
2388 , 2388
137 , 134
7 , 7
408 , 408
7714 , 7714
8071 , 8071
294 , 294
7530 , 7530
2 , 2
1 , 1
448 , 448
286 , 283
64 , 64
549 , 546
1309 , 1309
382 , 379
1 , 1
7424 , 7424
1749 , 1749
2 , 2
692 , 692
2 , 2
5 , 5
2 , 2
22 , 22
3 , 3
5 , 5
105 , 105
31 , 31
47 , 47
180 , 180
1802 , 1802
2555 , 2555
2 , 2
54 , 54
1 , 1
2 , 2
1 , 1
2 , 2
1 , 1
1948 , 1945
56 , 53
2000 , 1998
25 , 25
518 , 518
178 , 178
162 , 162
258 , 258
1560 , 1560
1 , 1
2 , 2
13 , 13
489 , 489
1 , 0
732 , 732
662 , 662
14 , 14
2 , 2
10 , 10
1674 , 1671
867 , 867
2 , 2
138 , 138
325 , 325
67 , 64
2484 , 2484
1118 , 1118
19 , 19
6 , 6
582 , 582
123 , 123
4429 , 4429
1748 , 1748
707 , 707
8 , 8
7 , 7
10 , 10
2168 , 2168
40 , 40
1251 , 1251
160 , 160
203 , 203
676 , 676
18 , 18
12 , 12
8 , 8
2 , 2
1272 , 1269
26 , 26
817 , 817
894 , 894
9480 , 9480
1320 , 1320
14 , 14
16 , 16
699 , 699
4060 , 4060
3 , 3
3725 , 3725
2087 , 2087
1589 , 1589
5 , 5
25 , 25
1 , 1
79 , 79
5 , 5
74 , 74
6919 , 6919
1424 , 1424
59 , 59
37 , 37
65 , 65
464 , 464
83 , 83
6 , 6
2 , 2
23 , 23
4 , 4
16 , 13
5 , 5
674 , 674
8789 , 8789
7552 , 7552
70 , 70
6506 , 6506
129 , 129
2 , 2
69 , 69
25 , 25
113 , 110
17 , 17
2 , 0
5821 , 5821
190 , 190
7873 , 7873
19 , 19
4 , 1
252 , 252
2253 , 2253
1 , 1
1047 , 1047
3 , 3
8932 , 8932
4305 , 4305
12 , 12
8 , 8
11 , 11
9 , 9
1 , 1
4 , 4
17 , 17
521 , 521
2197 , 2197
429 , 426
2 , 2
1808 , 1808
6 , 6
3641 , 3641
2 , 2
6090 , 6090
2 , 2
1 , 1
157 , 157
7 , 7
2 , 2
13 , 13
112 , 112
1 , 1
105 , 105
3093 , 3093
5350 , 5350
917 , 917
19 , 19
7 , 7
47 , 47
126 , 126
9840 , 9840
1 , 1
3 , 3
475 , 475
6 , 6
2099 , 2099
28 , 28
4 , 4
4 , 4
327 , 325
7 , 7
8 , 8
61 , 61
2 , 2
2 , 2
12 , 12
61 , 61
3700 , 3700
8250 , 8250
972 , 970
191 , 191
710 , 710
1233 , 1233
9973 , 9973
687 , 687
5 , 5
856 , 856
4 , 1
7 , 7
185 , 185
15 , 15
177 , 175
5 , 5
138 , 138
1837 , 1837
4 , 4
652 , 652
49 , 49
540 , 540
7 , 4
212 , 212
24 , 24
1 , 1
60 , 60
1 , 0
8 , 8
223 , 223
24 , 23
1012 , 1012
244 , 244
8 , 8
52 , 52
8 , 8
479 , 479
6638 , 6638
8 , 8
8 , 8
3 , 3
6912 , 6912
1 , 1
1 , 1
4 , 4
5282 , 5281
203 , 203
12 , 12
423 , 422
1 , 1
4466 , 4466
13 , 13
4827 , 4826
189 , 189
1 , 0
4 , 3
634 , 634
3 , 3
4 , 4
377 , 377
12 , 12
5961 , 5961
47 , 47
211 , 211
20 , 20
43 , 43
288 , 288
12 , 12
2868 , 2868
12 , 12
108 , 108
207 , 206
133 , 133
4446 , 4446
117 , 117
71 , 71
400 , 400
3 , 3
33 , 32
45 , 45
52 , 52
3 , 2
22 , 22
6 , 6
499 , 499
1 , 1
2098 , 2098
1 , 1
7 , 7
8 , 8
133 , 133
105 , 105
829 , 829
206 , 206
6930 , 6930
5 , 5
83 , 83
36 , 34
690 , 690
840 , 840
10 , 10
9 , 9
43 , 43
20 , 20
76 , 76
12 , 12
1004 , 1004
1 , 1
1 , 1
100 , 100
96 , 96
119 , 119
785 , 785
997 , 997
4 , 4
2 , 2
151 , 151
5 , 5
4220 , 4220
11 , 11
207 , 207
223 , 223
1 , 1
210 , 210
880 , 880
1 , 1
2499 , 2499
6432 , 6432
6416 , 6416
12 , 12
8484 , 8484
6 , 6
43 , 43
390 , 390
2 , 2
3 , 3
650 , 650
1 , 0
737 , 737
23 , 23
10 , 10
1932 , 1929
7963 , 7963
673 , 673
797 , 797
1 , 1
1335 , 1335
8315 , 8315
29 , 29
1661 , 1661
349 , 349
10 , 10
85 , 85
35 , 35
2 , 2
463 , 463
5 , 5
2022 , 2022
230 , 229
74 , 74
48 , 48
1561 , 1561
1 , 1
733 , 733
118 , 118
9 , 9
2 , 2
1 , 1
228 , 228
1 , 1
36 , 36
138 , 138
63 , 63
102 , 102
1 , 0
1070 , 1070
280 , 280
15 , 15
2639 , 2639
787 , 786
4 , 4
3005 , 3005
127 , 127
2 , 1
355 , 355
475 , 475
736 , 736
1 , 1
96 , 96
53 , 53
6307 , 6307
3217 , 3217
27 , 27
6 , 6
4783 , 4783
65 , 65
1142 , 1142
6 , 5
3 , 3
52 , 52
4046 , 4046
663 , 663
20 , 20
22 , 22
26 , 26
1 , 1
1584 , 1584
8320 , 8320
32 , 30
21 , 21
1 , 1
3286 , 3286
7660 , 7660
2923 , 2923
10 , 10
161 , 161
7 , 7
4381 , 4381
1 , 1
2475 , 2473
117 , 117
1 , 1
118 , 118
2 , 2
1 , 1
112 , 112
3 , 2
6 , 6
214 , 214
94 , 94
9375 , 9375
26 , 26
3 , 1
29 , 29
1945 , 1945
66 , 66
82 , 82
3 , 3
838 , 837
140 , 140
3000 , 3000
885 , 885
214 , 214
3 , 3
32 , 32
1 , 1
4200 , 4199
92 , 92
5860 , 5860
17 , 17
5 , 5
2606 , 2606
3 , 3
13 , 12
4434 , 4434
1799 , 1799
3 , 3
5 , 5
11 , 11
2310 , 2309
4936 , 4936
140 , 140
22 , 22
3413 , 3413
23 , 23
360 , 360
690 , 690
151 , 151
1 , 0
1458 , 1458
1 , 1
1 , 1
3 , 3
83 , 83
8250 , 8250
1324 , 1324
59 , 59
26 , 26
752 , 752
1 , 1
267 , 267
315 , 314
11 , 11
7 , 7
10 , 10
2 , 0
5 , 5
2061 , 2061
64 , 64
1 , 1
12 , 12
10 , 10
2904 , 2904
3630 , 3630
283 , 283
12 , 11
23 , 23
627 , 627
1114 , 1114
891 , 891
16 , 15
16 , 16
61 , 61
2 , 1
9 , 9
2 , 2
499 , 499
357 , 357
16 , 16
2 , 2
17 , 17
1212 , 1212
63 , 63
10 , 10
5 , 5
9 , 9
7 , 7
2 , 2
190 , 190
6 , 6
41 , 41
3347 , 3346
1 , 1
1 , 1
70 , 70
1128 , 1128
4 , 4
8 , 8
2922 , 2922
385 , 385
33 , 33
941 , 940
234 , 234
8442 , 8442
380 , 380
10 , 10
3 , 3
3 , 3
8454 , 8454
2 , 1
40 , 40
137 , 137
74 , 74
19 , 19
355 , 355
96 , 96
1539 , 1539
157 , 157
419 , 419
18 , 18
1 , 1
7 , 7
2 , 2
99 , 99
12 , 11
47 , 47
7 , 7
44 , 44
321 , 321
76 , 76
5776 , 5776
35 , 34
1220 , 1220
408 , 408
576 , 576
182 , 182
3 , 3
75 , 75
273 , 273
5080 , 5080
2 , 2
1 , 1
2 , 2
46 , 46
1560 , 1560
3004 , 3004
26 , 26
684 , 684
22 , 22
7342 , 7342
7333 , 7333
267 , 267
193 , 193
91 , 91
233 , 233
2 , 2
285 , 282
1 , 1
391 , 391
5 , 5
1 , 0
662 , 662
84 , 84
63 , 63
4 , 4
1 , 1
1126 , 1126
1801 , 1801
334 , 334
1 , 1
19 , 19
12 , 12
5744 , 5744
825 , 825
6 , 6
6132 , 6132
2 , 2
406 , 406
634 , 634
40 , 40
1 , 1
98 , 98
1 , 1
437 , 437
103 , 103
12 , 12
1796 , 1795
8 , 8
1 , 1
132 , 132
6385 , 6385
1 , 1
1917 , 1917
34 , 34
3551 , 3551
26 , 26
180 , 180
321 , 321
6 , 6
1335 , 1335
1 , 1
142 , 142
1 , 1
11 , 11
222 , 221
357 , 357
465 , 465
2337 , 2337
8 , 8
380 , 380
1 , 1
7010 , 7010
21 , 21
5 , 5
2 , 2
82 , 82
332 , 332
1924 , 1924
6097 , 6097
3336 , 3336
4 , 4
84 , 84
1028 , 1028
1 , 1
2 , 2
8 , 8
60 , 60
96 , 96
2324 , 2324
2341 , 2341
19 , 19
65 , 65
36 , 36
4754 , 4754
15 , 15
72 , 72
48 , 48
995 , 995
1 , 1
2886 , 2886
261 , 259
7684 , 7682
8922 , 8922
26 , 26
113 , 113
9110 , 9110
585 , 585
198 , 196
8 , 8
24 , 24
772 , 772
937 , 937
526 , 526
19 , 19
205 , 204
179 , 179
1381 , 1381
8094 , 8094
4 , 4
15 , 15
3 , 3
3 , 2
1 , 1
36 , 36
11 , 11
101 , 101
109 , 109
44 , 44
3593 , 3593
346 , 346
1 , 1
3334 , 3334
980 , 980
1 , 1
7 , 7
5 , 5
94 , 94
22 , 21
126 , 126
2 , 2
145 , 145
3039 , 3039
7 , 7
54 , 54
2 , 2
204 , 204
1240 , 1240
1 , 1
13 , 13
844 , 844
524 , 524
59 , 59
152 , 152
750 , 750
486 , 486
54 , 54
7639 , 7639
138 , 138
1 , 1
1 , 1
47 , 47
7 , 7
551 , 551
218 , 218
14 , 14
2317 , 2317
9563 , 9563
249 , 249
1 , 1
24 , 24
1 , 1
35 , 35
36 , 36
1 , 1
1014 , 1014
11 , 11
3799 , 3799
105 , 105
12 , 11
548 , 548
813 , 813
57 , 57
2 , 2
2 , 2
6611 , 6611
163 , 163
12 , 11
1 , 0
24 , 24
1333 , 1333
6 , 5
6774 , 6774
10 , 10
113 , 113
402 , 402
11 , 11
3 , 3
329 , 329
2 , 2
7 , 7
213 , 213
3 , 3
7207 , 7207
5382 , 5382
441 , 441
8 , 8
1 , 1
77 , 77
7399 , 7399
25 , 24
142 , 142
41 , 41
6 , 6
24 , 24
8 , 8
8180 , 8180
2 , 2
129 , 129
329 , 329
866 , 866
105 , 105
7320 , 7320
6 , 6
11 , 11
2 , 2
2 , 2
2 , 2
3207 , 3207
27 , 27
52 , 52
2 , 2
6 , 6
28 , 28
1 , 0
1 , 1
163 , 163
80 , 79
4 , 4
54 , 54
439 , 438
100 , 100
1596 , 1596
1 , 1
9806 , 9806
5 , 5
1527 , 1527
586 , 586
4047 , 4047
8 , 8
491 , 491
3 , 2
239 , 239
9989 , 9989
25 , 23
698 , 698
291 , 291
4885 , 4885
364 , 364
1385 , 1385
156 , 156
2 , 2
3 , 3
2 , 2
80 , 80
7 , 7
12 , 12
1 , 1
4 , 4
9 , 9
474 , 473
58 , 58
6233 , 6233
1 , 1
7496 , 7496
5 , 5
660 , 659
4145 , 4145
6 , 6
1 , 0
14 , 14
27 , 27
5 , 5
220 , 220
558 , 558
10 , 10
83 , 83
6 , 6
1 , 1
13 , 13
50 , 50
334 , 334
2186 , 2186
25 , 25
3471 , 3471
106 , 106
20 , 20
565 , 565
124 , 124
784 , 784
4301 , 4301
1035 , 1035
82 , 82
246 , 246
172 , 170
5 , 5
4 , 3
100 , 100
1 , 1
3 , 3
1 , 1
703 , 703
470 , 470
173 , 173
54 , 54
3 , 2
4646 , 4646
130 , 130
28 , 28
4 , 3
844 , 844
1 , 1
1 , 1
3048 , 3048
1865 , 1865
1 , 1
264 , 264
137 , 137
4 , 4
40 , 40
2490 , 2490
1 , 1
19 , 19
75 , 75
3 , 3
138 , 138
3288 , 3287
204 , 204
1 , 1
66 , 66
1 , 1
8318 , 8318
5 , 5
2218 , 2218
12 , 11
705 , 705
7113 , 7113
7 , 7
4683 , 4683
602 , 602
228 , 228
1504 , 1504
11 , 11
16 , 16
9287 , 9287
2274 , 2274
788 , 788
270 , 270
1319 , 1319
122 , 122
181 , 181
326 , 326
15 , 15
188 , 188
11 , 11
9057 , 9057
21 , 21
4 , 4
35 , 35
3944 , 3944
10 , 10
13 , 13
102 , 102
4341 , 4341
2 , 2
1015 , 1015
2180 , 2180
3 , 3
138 , 138
1 , 1
1 , 1
21 , 21
293 , 293
64 , 64
1750 , 1749
1 , 1
588 , 588
1 , 1
80 , 80
12 , 12
1752 , 1752
7 , 7
1548 , 1548
59 , 59
3628 , 3628
40 , 40
321 , 321
259 , 259
109 , 109
14 , 14
19 , 19
1129 , 1129
2012 , 2012
1 , 1
34 , 34
10 , 10
8 , 8
26 , 26
5 , 5
5 , 5
1 , 1
133 , 133
1 , 1
499 , 499
61 , 61
5 , 5
1 , 1
2264 , 2264
1074 , 1074
7 , 7
9 , 9
18 , 18
441 , 441
2 , 2
1 , 0
1 , 1
82 , 80
1 , 1
1 , 0
452 , 452
2 , 2
5 , 5
305 , 305
6 , 6
790 , 790
10 , 10
104 , 104
247 , 247
1 , 1
98 , 98
1122 , 1122
13 , 13
1282 , 1282
9 , 9
12 , 12
7 , 7
3 , 3
2 , 1
9687 , 9685
419 , 418
36 , 36
1420 , 1420
2414 , 2414
9 , 9
1 , 1
1 , 0
1 , 1
689 , 689
5276 , 5276
24 , 24
1213 , 1213
5 , 5
21 , 21
111 , 111
2 , 2
1240 , 1239
4360 , 4360
1935 , 1935
6318 , 6318
3 , 3
468 , 467
25 , 25
1212 , 1212
6 , 6
61 , 61
6713 , 6712
143 , 143
28 , 28
1414 , 1414
1708 , 1708
2318 , 2318
27 , 27
1 , 1
16 , 16
7 , 7
12 , 12
20 , 20
19 , 19
4 , 4
771 , 771
4 , 4
1507 , 1507
468 , 468
440 , 440
810 , 810
131 , 131
6001 , 6001
6 , 6
3 , 3
93 , 93
17 , 17
18 , 18
3 , 3
1579 , 1579
8963 , 8963
1 , 1
1 , 1
221 , 221
1446 , 1446
1 , 1
40 , 40
509 , 509
4872 , 4872
2 , 2
103 , 103
26 , 26
3 , 3
1 , 1
9 , 9
1303 , 1302
36 , 36
127 , 127
303 , 303
5 , 5
8890 , 8890
3104 , 3103
541 , 541
2 , 2
76 , 76
4679 , 4679
1 , 1
12 , 11
5 , 5
8 , 6
57 , 57
72 , 71
5 , 5
6 , 6
18 , 18
5 , 5
11 , 11
886 , 886
133 , 132
1 , 1
11 , 11
76 , 76
3094 , 3094
151 , 151
2 , 2
18 , 18
27 , 27
4483 , 4483
7241 , 7241
23 , 23
1 , 1
1337 , 1337
596 , 596
5997 , 5997
1776 , 1776
2 , 2
15 , 14
4254 , 4254
2 , 2
3091 , 3091
1 , 1
2 , 2
55 , 55
322 , 322
307 , 307
1 , 1
3 , 3
4244 , 4243
420 , 420
1 , 1
69 , 69
401 , 401
9523 , 9523
112 , 112
4267 , 4267
66 , 66
1 , 1
2 , 2
6443 , 6443
2 , 2
96 , 96
1 , 1
17 , 17
2256 , 2255
3 , 3
423 , 423
1212 , 1212
9 , 9
36 , 36
6 , 6
3266 , 3266
25 , 25
304 , 304
431 , 431
1 , 1
3 , 3
1 , 1
5 , 5
4935 , 4935
2 , 2
4 , 4
65 , 65
6 , 6
3944 , 3944
3380 , 3380
37 , 37
1404 , 1404
3 , 3
1 , 1
15 , 15
2 , 2
4 , 4
6603 , 6603
6834 , 6834
18 , 18
8446 , 8446
1058 , 1058
242 , 242
56 , 56
7261 , 7261
7 , 7
2946 , 2946
67 , 67
38 , 38
3 , 3
2 , 2
1 , 1
12 , 12
87 , 87
719 , 719
47 , 47
1044 , 1044
4 , 4
2147 , 2147
6382 , 6382
1 , 1
2340 , 2340
43 , 43
6674 , 6674
880 , 880
3012 , 3012
227 , 227
6 , 6
1 , 1
2 , 2
439 , 439
38 , 38
445 , 445
13 , 13
1 , 1
32 , 32
32 , 32
965 , 965
6797 , 6797
2550 , 2550
13 , 13
9672 , 9672
1571 , 1571
702 , 702
1232 , 1232
28 , 28
64 , 64
345 , 345
11 , 11
3228 , 3228
15 , 15
1 , 1
2 , 2
1 , 1
12 , 12
2 , 2
14 , 14
363 , 363
636 , 636
1 , 1
291 , 291
258 , 258
28 , 28
10 , 10
72 , 72
406 , 406
17 , 17
9258 , 9258
57 , 57
13 , 13
1 , 1
1 , 1
6 , 6
8421 , 8421
281 , 281
1 , 1
1 , 1
620 , 620
3 , 3
18 , 18
27 , 27
6599 , 6599
5846 , 5846
4 , 4
1389 , 1389
427 , 427
12 , 12
416 , 416
1 , 1
4220 , 4220
1 , 1
890 , 890
1 , 1
2819 , 2819
5 , 5
495 , 495
191 , 191
89 , 89
5 , 5
2 , 2
1 , 1
69 , 69
3 , 3
8577 , 8577
2215 , 2215
14 , 14
967 , 967
2 , 2
21 , 21
8 , 8
1 , 1
220 , 220
67 , 67
20 , 20
509 , 509
440 , 440
441 , 441
4 , 4
72 , 72
1686 , 1686
18 , 18
401 , 401
8428 , 8428
135 , 135
6 , 6
9 , 9
7129 , 7129
21 , 21
960 , 960
5688 , 5688
45 , 45
94 , 94
64 , 64
1 , 1
11 , 11
3870 , 3870
1092 , 1092
6816 , 6816
18 , 18
54 , 54
4413 , 4413
3 , 3
11 , 11
777 , 777
1741 , 1741
59 , 59
7 , 7
424 , 424
3 , 3
112 , 112
1 , 1
27 , 27
1 , 1
32 , 32
922 , 922
23 , 23
82 , 82
251 , 251
867 , 867
135 , 135
20 , 20
26 , 26
21 , 21
38 , 38
1758 , 1758
144 , 144
2 , 2
38 , 38
1 , 1
1315 , 1315
4032 , 4032
646 , 646
2118 , 2118
1 , 1
3820 , 3820
3 , 3
21 , 21
6 , 6
776 , 776
946 , 946
1 , 1
9 , 9
4 , 4
5 , 5
5067 , 5067
1 , 1
76 , 76
1 , 1
11 , 11
4538 , 4538
27 , 27
2 , 2
4 , 4
1363 , 1363
1 , 1
97 , 97
1581 , 1581
2905 , 2905
4422 , 4422
7 , 7
17 , 17
1988 , 1988
224 , 224
24 , 24
278 , 278
10 , 10
130 , 130
9393 , 9393
85 , 85
169 , 169
1 , 1
8 , 8
3234 , 3234
9170 , 9170
110 , 110
1 , 1
4 , 4
2 , 2
74 , 74
1070 , 1070
1 , 1
1 , 1
2 , 2
2 , 2
28 , 28
927 , 927
82 , 82
1 , 1
4846 , 4846
22 , 22
19 , 19
71 , 71
14 , 14
64 , 64
31 , 31
3 , 3
422 , 422
1619 , 1619
174 , 174
292 , 292
71 , 71
81 , 81
129 , 129
645 , 645
3999 , 3999
2 , 2
8 , 8
5 , 5
7 , 7
1 , 1
14 , 14
356 , 356
22 , 22
2 , 2
4 , 4
10 , 10
575 , 575
54 , 54
8531 , 8531
2994 , 2994
1186 , 1186
83 , 83
1 , 1
2 , 2
5 , 5
90 , 90
5462 , 5462
28 , 28
164 , 164
18 , 18
28 , 28
23 , 23
144 , 144
2542 , 2542
8 , 8
130 , 130
77 , 77
30 , 30
6 , 6
8 , 8
69 , 69
10 , 10
1252 , 1252
3794 , 3794
1 , 1
545 , 545
2 , 2
3 , 3
10 , 10
2 , 2
60 , 60
