365 , 0
1 , 0
735 , 0
77 , 0
9 , 0
34 , 0
1 , 0
2 , 0
1 , 0
9 , 0
4 , 0
9694 , 8762
6 , 0
244 , 81
4277 , 3373
614 , 416
319 , 0
715 , 0
4 , 0
5 , 0
19 , 0
8841 , 7924
2 , 0
59 , 0
1851 , 1672
16 , 0
2 , 0
3448 , 2583
4 , 0
6 , 0
14 , 0
291 , 0
3 , 0
9443 , 9250
157 , 0
210 , 0
4593 , 4000
17 , 0
73 , 0
3 , 0
15 , 0
26 , 0
334 , 133
1941 , 1756
40 , 0
171 , 0
54 , 0
198 , 0
423 , 0
98 , 0
9404 , 9241
25 , 0
20 , 0
2181 , 1983
12 , 0
413 , 0
3257 , 3061
7 , 0
414 , 0
5648 , 5450
12 , 0
3 , 0
4274 , 4061
2268 , 1438
6550 , 5730
143 , 0
1636 , 1434
6 , 0
1 , 0
11 , 0
1337 , 1139
11 , 0
5 , 0
1 , 0
3153 , 2224
7143 , 6239
15 , 0
12 , 0
1 , 0
6 , 0
2937 , 2724
79 , 0
5 , 0
456 , 0
7 , 0
5390 , 5193
8 , 0
15 , 0
429 , 236
3808 , 3612
645 , 52
366 , 0
405 , 207
129 , 0
2693 , 2497
3 , 0
62 , 0
1471 , 1292
2964 , 2035
2803 , 1983
1044 , 838
5 , 0
127 , 0
21 , 0
734 , 549
495 , 298
3 , 0
14 , 0
6917 , 6324
17 , 0
16 , 0
148 , 0
5 , 0
38 , 0
1 , 0
1522 , 1332
7055 , 6857
5 , 0
190 , 0
1 , 0
10 , 0
60 , 0
151 , 0
2 , 0
177 , 0
2 , 0
263 , 81
425 , 229
3 , 0
671 , 489
65 , 0
101 , 0
42 , 0
3 , 0
58 , 0
354 , 158
6202 , 5256
2207 , 1272
6214 , 6029
136 , 0
1173 , 259
5881 , 5688
22 , 0
14 , 0
137 , 0
2 , 0
43 , 0
6 , 0
67 , 0
1 , 0
4 , 0
7 , 0
4 , 0
2439 , 2286
164 , 0
10 , 0
308 , 0
31 , 0
1171 , 991
201 , 0
1 , 0
61 , 0
3 , 0
6 , 0
2654 , 2458
1540 , 1343
2 , 0
1 , 0
6557 , 5730
30 , 0
2454 , 2241
2 , 0
8 , 0
1 , 0
6 , 0
16 , 0
2 , 0
6 , 0
167 , 0
41 , 0
480 , 0
25 , 0
4 , 0
2 , 0
101 , 0
6 , 0
13 , 0
170 , 0
179 , 0
3 , 0
1 , 0
112 , 0
1 , 0
17 , 0
72 , 0
11 , 0
1196 , 0
2 , 0
52 , 0
891 , 0
1 , 0
26 , 0
9 , 0
1 , 0
4 , 0
1 , 0
7744 , 7551
3 , 0
235 , 45
6 , 0
4 , 0
28 , 0
1866 , 955
16 , 0
4178 , 3978
425 , 236
10 , 0
1 , 0
574 , 0
267 , 78
66 , 0
117 , 0
51 , 0
1095 , 893
26 , 0
12 , 0
1 , 0
4875 , 4673
108 , 0
5362 , 4545
136 , 0
7171 , 6973
1165 , 251
1875 , 1712
33 , 0
10 , 0
2 , 0
2 , 0
4023 , 3830
48 , 0
7 , 0
2 , 0
7242 , 6287
18 , 0
9435 , 0
229 , 27
598 , 418
656 , 0
42 , 0
1700 , 1507
1 , 0
705 , 0
37 , 0
1963 , 0
8 , 0
58 , 0
5063 , 4472
83 , 0
467 , 0
3282 , 0
1 , 0
1 , 0
288 , 125
439 , 0
414 , 221
5 , 0
243 , 0
9950 , 9032
4824 , 3969
226 , 0
156 , 0
3 , 0
2 , 0
7 , 0
21 , 0
16 , 0
162 , 0
2 , 0
1161 , 246
1158 , 958
206 , 0
15 , 0
66 , 0
638 , 0
4740 , 4540
1934 , 1744
108 , 0
5933 , 5753
140 , 0
5743 , 0
20 , 0
185 , 0
34 , 0
1 , 0
39 , 0
5 , 0
82 , 0
9 , 0
430 , 250
1066 , 913
9418 , 9225
601 , 0
1359 , 1180
1837 , 1639
6 , 0
1900 , 1704
167 , 0
3 , 0
53 , 0
4750 , 4548
3590 , 3002
1751 , 1571
714 , 0
4036 , 3845
9 , 0
475 , 0
136 , 0
4507 , 0
927 , 0
2138 , 0
460 , 0
409 , 0
40 , 0
8401 , 8216
6 , 0
8419 , 0
969 , 763
2 , 0
1695 , 1499
3 , 0
1947 , 0
10 , 0
38 , 0
1 , 0
1230 , 0
3430 , 3239
107 , 0
358 , 0
58 , 0
1 , 0
6 , 0
19 , 0
63 , 0
294 , 115
1 , 0
117 , 0
2588 , 2425
85 , 0
770 , 0
828 , 0
335 , 145
181 , 0
100 , 0
2012 , 1830
1 , 0
13 , 0
8 , 0
1618 , 1437
166 , 0
7 , 0
1 , 0
49 , 0
19 , 0
12 , 0
1 , 0
205 , 0
26 , 0
656 , 466
2 , 0
26 , 0
2 , 0
3788 , 3599
43 , 0
372 , 0
185 , 3
13 , 0
4 , 0
1362 , 1165
5251 , 4301
532 , 326
2 , 0
6 , 0
25 , 0
1 , 0
77 , 0
6 , 0
985 , 0
187 , 0
4694 , 3878
53 , 0
228 , 39
660 , 454
1 , 0
4 , 0
1 , 0
1333 , 1120
1 , 0
3 , 0
120 , 0
44 , 0
3 , 0
2 , 0
26 , 0
17 , 0
186 , 0
883 , 686
2 , 0
2690 , 2505
6 , 0
977 , 0
2 , 0
62 , 0
3082 , 2891
3118 , 2228
2 , 0
1728 , 0
1 , 0
9 , 0
1498 , 1316
2267 , 2085
2081 , 0
1390 , 453
1398 , 1192
345 , 0
1141 , 241
38 , 0
1755 , 1543
5 , 0
292 , 0
1389 , 1236
13 , 0
1 , 0
6 , 0
67 , 0
119 , 0
8250 , 0
2447 , 2249
1 , 0
62 , 0
872 , 0
1 , 0
3660 , 2806
17 , 0
3 , 0
15 , 0
2 , 0
2141 , 0
4 , 0
1 , 0
4 , 0
686 , 0
649 , 0
20 , 0
531 , 0
211 , 0
18 , 0
16 , 0
755 , 0
145 , 0
3 , 0
5033 , 0
4345 , 0
5 , 0
44 , 0
43 , 0
2 , 0
5 , 0
26 , 0
15 , 0
3 , 0
7063 , 0
1 , 0
1466 , 1281
1 , 0
880 , 700
5685 , 0
45 , 0
291 , 0
13 , 0
310 , 0
177 , 0
254 , 0
3 , 0
40 , 0
1 , 0
196 , 0
328 , 0
119 , 0
3190 , 0
4 , 0
292 , 0
2 , 0
58 , 0
13 , 0
1733 , 1570
3 , 0
397 , 0
3921 , 3740
627 , 421
5 , 0
3780 , 0
47 , 0
2637 , 0
4162 , 3964
6 , 0
534 , 337
4431 , 0
12 , 0
6039 , 5833
371 , 161
3997 , 0
544 , 0
33 , 0
4697 , 4500
156 , 0
11 , 0
909 , 718
1305 , 0
22 , 0
2192 , 2003
51 , 0
458 , 0
81 , 0
2 , 0
93 , 0
2181 , 1385
124 , 0
66 , 0
6 , 0
148 , 0
8 , 0
115 , 0
4641 , 3797
1 , 0
819 , 0
2 , 0
961 , 0
6 , 0
4 , 0
21 , 0
443 , 0
15 , 0
198 , 0
5 , 0
9 , 0
5372 , 5192
549 , 359
124 , 0
804 , 598
87 , 0
37 , 0
3046 , 2159
101 , 0
2861 , 2664
1004 , 813
5 , 0
5788 , 0
659 , 0
25 , 0
27 , 0
2 , 0
38 , 0
1 , 0
23 , 0
26 , 0
19 , 0
1173 , 0
13 , 0
3 , 0
41 , 0
116 , 0
79 , 0
193 , 0
1 , 0
3 , 0
2 , 0
1 , 0
9 , 0
2438 , 2232
173 , 0
2 , 0
9958 , 0
816 , 620
637 , 0
2 , 0
26 , 0
1 , 0
1 , 0
14 , 0
99 , 0
4 , 0
1 , 0
2561 , 2381
1416 , 1212
5 , 0
7 , 0
7 , 0
5 , 0
1865 , 0
4743 , 0
3 , 0
23 , 0
22 , 0
11 , 0
7533 , 0
4629 , 0
9 , 0
99 , 0
578 , 0
306 , 109
2 , 0
347 , 184
2704 , 0
1457 , 0
7 , 0
2 , 0
465 , 267
19 , 0
6 , 0
9823 , 0
17 , 0
723 , 0
9362 , 9173
324 , 128
6 , 0
79 , 0
309 , 0
1360 , 1162
1165 , 985
4234 , 4045
2542 , 0
2675 , 2480
50 , 0
5140 , 0
38 , 0
952 , 0
258 , 64
42 , 0
846 , 0
5 , 0
2 , 0
65 , 0
16 , 0
459 , 0
28 , 0
106 , 0
3 , 0
1 , 0
118 , 0
1 , 0
141 , 0
3847 , 0
8631 , 7799
1898 , 0
156 , 0
36 , 0
25 , 0
669 , 0
1 , 0
53 , 0
8 , 0
65 , 0
850 , 662
1366 , 534
1204 , 0
7 , 0
4 , 0
5261 , 0
22 , 0
71 , 0
94 , 0
6 , 0
223 , 0
1 , 0
3306 , 0
2637 , 0
26 , 0
11 , 0
7 , 0
596 , 0
15 , 0
176 , 0
6 , 0
576 , 413
17 , 0
6608 , 6411
3099 , 0
265 , 0
18 , 0
1 , 0
21 , 0
3860 , 3665
24 , 0
9 , 0
5843 , 5649
256 , 0
760 , 0
115 , 0
3814 , 0
2 , 0
15 , 0
6 , 0
455 , 0
1 , 0
120 , 0
13 , 0
10 , 0
7530 , 7337
5742 , 4910
592 , 0
1 , 0
1 , 0
58 , 0
16 , 0
2 , 0
479 , 0
6 , 0
1 , 0
46 , 0
1823 , 976
24 , 0
146 , 0
160 , 0
20 , 0
2 , 0
244 , 0
2576 , 1686
14 , 0
1 , 0
7 , 0
2 , 0
2236 , 0
30 , 0
2 , 0
22 , 0
1 , 0
3864 , 0
4 , 0
3 , 0
1 , 0
382 , 0
4116 , 0
461 , 0
312 , 127
7683 , 0
10 , 0
38 , 0
1 , 0
2 , 0
7 , 0
25 , 0
515 , 0
1 , 0
1 , 0
871 , 0
1054 , 276
360 , 0
12 , 0
4973 , 0
4923 , 4733
49 , 0
6936 , 6749
3838 , 0
444 , 240
171 , 0
3 , 0
409 , 229
19 , 0
7515 , 6689
1 , 0
1239 , 1050
1 , 0
3084 , 0
34 , 0
3 , 0
59 , 0
3163 , 0
5131 , 4946
27 , 0
1913 , 0
4 , 0
1740 , 855
3 , 0
1608 , 0
2859 , 1971
38 , 0
883 , 0
14 , 0
20 , 0
206 , 0
40 , 0
174 , 0
8 , 0
5 , 0
151 , 0
551 , 0
1 , 0
1 , 0
1 , 0
1245 , 359
239 , 0
1 , 0
1 , 0
2 , 0
55 , 0
18 , 0
1669 , 0
414 , 0
4388 , 0
8 , 0
3332 , 3154
702 , 523
4690 , 0
1 , 0
757 , 0
284 , 107
1224 , 0
1 , 0
1553 , 0
3 , 0
39 , 0
16 , 0
9280 , 8441
20 , 0
199 , 0
4 , 0
1025 , 0
317 , 0
2277 , 0
49 , 0
55 , 0
3042 , 2178
2810 , 0
214 , 30
4 , 0
2 , 0
883 , 0
1 , 0
16 , 0
91 , 0
227 , 0
1 , 0
33 , 0
1 , 0
619 , 412
568 , 0
370 , 0
3 , 0
72 , 0
5316 , 0
4503 , 3603
4493 , 4299
4 , 0
4051 , 3857
18 , 0
8 , 0
1 , 0
541 , 0
88 , 0
8 , 0
172 , 0
3 , 0
1818 , 0
51 , 0
1530 , 0
1 , 0
2498 , 2321
12 , 0
3243 , 0
236 , 0
3212 , 0
672 , 0
821 , 0
10 , 0
112 , 0
18 , 0
4905 , 0
3874 , 0
330 , 0
3501 , 3348
108 , 0
190 , 0
2 , 0
4283 , 3344
108 , 0
121 , 0
454 , 0
6935 , 0
7 , 0
5383 , 4446
1 , 0
1 , 0
116 , 0
1 , 0
5279 , 0
43 , 0
7 , 0
6443 , 0
9 , 0
565 , 0
2276 , 0
17 , 0
9 , 0
3056 , 0
1 , 0
4 , 0
3 , 0
3923 , 0
20 , 0
9673 , 9471
17 , 0
3 , 0
1 , 0
251 , 0
717 , 0
9090 , 0
1 , 0
4245 , 4092
4699 , 0
7 , 0
14 , 0
3602 , 0
1 , 0
6024 , 5167
160 , 0
1968 , 0
3 , 0
390 , 0
18 , 0
1 , 0
2 , 0
7613 , 0
247 , 88
5841 , 4948
1 , 0
4 , 0
11 , 0
8 , 0
2588 , 0
16 , 0
22 , 0
1158 , 0
191 , 38
7 , 0
177 , 0
2609 , 0
9968 , 9768
4639 , 4458
16 , 0
5808 , 0
36 , 0
16 , 0
1 , 0
1 , 0
23 , 0
6318 , 0
9 , 0
16 , 0
11 , 0
5 , 0
1 , 0
79 , 0
121 , 0
8 , 0
3461 , 0
22 , 0
128 , 0
2 , 0
163 , 0
112 , 0
449 , 0
831 , 632
1 , 0
164 , 0
3184 , 2994
117 , 0
11 , 0
1469 , 0
19 , 0
615 , 0
1974 , 1781
7 , 0
13 , 0
31 , 0
403 , 0
1012 , 0
5553 , 0
199 , 0
140 , 0
1 , 0
3883 , 0
7317 , 0
7561 , 0
308 , 0
14 , 0
2822 , 0
5 , 0
14 , 0
20 , 0
4 , 0
11 , 0
3555 , 0
16 , 0
1470 , 0
7 , 0
434 , 0
9 , 0
47 , 0
2 , 0
2006 , 0
335 , 0
63 , 0
8148 , 0
174 , 0
24 , 0
932 , 0
3 , 0
2 , 0
195 , 0
2 , 0
40 , 0
6427 , 0
113 , 0
67 , 0
289 , 98
613 , 0
1099 , 0
30 , 0
7 , 0
1 , 0
12 , 0
7776 , 0
41 , 0
2 , 0
30 , 0
5553 , 0
4378 , 0
91 , 0
2 , 0
9295 , 0
60 , 0
66 , 0
51 , 0
697 , 0
41 , 0
35 , 0
8981 , 8804
24 , 0
7 , 0
149 , 0
477 , 0
1 , 0
697 , 0
6 , 0
1103 , 0
18 , 0
18 , 0
2384 , 0
3 , 0
118 , 0
3948 , 3101
3159 , 0
4 , 0
2 , 0
92 , 0
431 , 0
1 , 0
1899 , 0
3 , 0
43 , 0
2129 , 0
367 , 0
9013 , 8857
210 , 0
320 , 0
6079 , 5884
71 , 0
1616 , 1430
1 , 0
5 , 0
683 , 0
25 , 0
2 , 0
445 , 0
13 , 0
5 , 0
6 , 0
4 , 0
22 , 0
1 , 0
176 , 0
1 , 0
18 , 0
204 , 12
1 , 0
190 , 0
9 , 0
15 , 0
4 , 0
947 , 0
22 , 0
3 , 0
4 , 0
1675 , 0
700 , 0
1 , 0
2 , 0
2 , 0
184 , 0
1814 , 0
2518 , 1733
110 , 0
1452 , 0
6103 , 5922
1734 , 0
88 , 0
762 , 0
90 , 0
1463 , 0
10 , 0
39 , 0
2215 , 0
49 , 0
2 , 0
2450 , 0
1159 , 375
12 , 0
25 , 0
89 , 0
1 , 0
365 , 0
3 , 0
213 , 0
10 , 0
2083 , 0
144 , 0
3 , 0
14 , 0
6353 , 0
10 , 0
2 , 0
2 , 0
212 , 0
120 , 0
4 , 0
1 , 0
7 , 0
29 , 0
1177 , 0
151 , 0
2498 , 1693
1044 , 0
101 , 0
4100 , 3925
14 , 0
102 , 0
544 , 0
1 , 0
6838 , 0
6038 , 0
630 , 0
618 , 0
209 , 0
110 , 0
3 , 0
524 , 0
5145 , 0
84 , 0
2 , 0
7 , 0
15 , 0
31 , 0
141 , 0
80 , 0
3 , 0
11 , 0
6 , 0
4056 , 0
5081 , 0
1528 , 999
92 , 0
3976 , 3162
211 , 0
5924 , 0
4 , 0
3495 , 0
268 , 0
520 , 0
7078 , 0
12 , 0
2657 , 0
1 , 0
20 , 0
1 , 0
162 , 0
29 , 0
90 , 0
1 , 0
24 , 0
72 , 0
2 , 0
848 , 0
10 , 0
98 , 0
6 , 0
46 , 0
4 , 0
1 , 0
720 , 0
1 , 0
10 , 0
1341 , 546
2 , 0
2 , 0
37 , 0
1585 , 758
2 , 0
352 , 0
16 , 0
8 , 0
1 , 0
6 , 0
118 , 0
1428 , 0
25 , 0
5 , 0
1 , 0
134 , 0
4964 , 0
1084 , 932
1270 , 0
3 , 0
94 , 0
40 , 0
490 , 0
1081 , 0
224 , 53
1 , 0
578 , 0
829 , 0
472 , 321
214 , 0
7223 , 0
5910 , 5730
1 , 0
1 , 0
6215 , 0
5 , 0
160 , 0
1022 , 0
10 , 0
2570 , 0
664 , 0
2 , 0
37 , 0
3151 , 2977
4 , 0
70 , 0
2 , 0
1 , 0
30 , 0
310 , 0
1 , 0
6644 , 6449
5 , 0
2 , 0
8 , 0
616 , 0
51 , 0
342 , 0
4 , 0
1 , 0
6097 , 0
197 , 0
169 , 0
51 , 0
8 , 0
200 , 0
1203 , 0
13 , 0
9 , 0
1870 , 0
8391 , 0
3 , 0
61 , 0
4941 , 0
46 , 0
31 , 0
1 , 0
1556 , 721
151 , 0
2 , 0
5552 , 0
546 , 0
15 , 0
1 , 0
85 , 0
1 , 0
626 , 0
3734 , 0
1391 , 1204
6 , 0
887 , 0
4666 , 0
145 , 0
7 , 0
4215 , 0
2 , 0
101 , 0
7182 , 0
230 , 0
201 , 0
579 , 0
1698 , 894
680 , 0
161 , 0
370 , 0
5194 , 0
62 , 0
11 , 0
389 , 0
2580 , 0
572 , 0
329 , 0
1 , 0
1 , 0
1 , 0
6 , 0
7 , 0
111 , 0
6038 , 0
7 , 0
3195 , 0
3221 , 0
92 , 0
1 , 0
1 , 0
1 , 0
188 , 0
5 , 0
1 , 0
14 , 0
3085 , 0
1 , 0
4 , 0
7495 , 0
31 , 0
2 , 0
8027 , 0
958 , 141
23 , 0
163 , 0
99 , 0
33 , 0
5 , 0
5389 , 0
99 , 0
1 , 0
2054 , 1236
66 , 0
3 , 0
377 , 0
2643 , 0
9029 , 8253
1 , 0
18 , 0
629 , 0
1797 , 936
10 , 0
440 , 0
76 , 0
206 , 0
15 , 0
7 , 0
9 , 0
16 , 0
8364 , 0
382 , 0
49 , 0
2 , 0
393 , 0
7528 , 0
8 , 0
75 , 0
3 , 0
21 , 0
714 , 0
55 , 0
335 , 0
171 , 0
88 , 0
7829 , 0
5 , 0
2 , 0
1 , 0
17 , 0
52 , 0
3417 , 0
1 , 0
2080 , 0
7 , 0
174 , 0
1771 , 0
10 , 0
7 , 0
1122 , 266
6 , 0
7 , 0
2 , 0
3371 , 0
6443 , 0
2596 , 0
311 , 0
678 , 0
1682 , 0
4 , 0
27 , 0
20 , 0
1871 , 0
322 , 0
256 , 0
6 , 0
3 , 0
607 , 0
3 , 0
98 , 0
23 , 0
5 , 0
5 , 0
5240 , 0
3102 , 0
1 , 0
303 , 0
234 , 0
2544 , 0
1 , 0
2 , 0
7634 , 0
6 , 0
24 , 0
2 , 0
54 , 0
15 , 0
995 , 222
265 , 0
337 , 0
14 , 0
73 , 0
10 , 0
2189 , 1339
6444 , 6261
1 , 0
1 , 0
22 , 0
5 , 0
1 , 0
32 , 0
2 , 0
2 , 0
721 , 554
27 , 0
1 , 0
1 , 0
4 , 0
1 , 0
2632 , 0
5 , 0
1 , 0
2665 , 0
745 , 0
1 , 0
35 , 0
2 , 0
44 , 0
92 , 0
3 , 0
4240 , 0
30 , 0
1 , 0
84 , 0
4 , 0
3240 , 0
5717 , 0
22 , 0
8131 , 0
1194 , 0
1 , 0
8 , 0
29 , 0
2459 , 0
390 , 0
1 , 0
2104 , 0
83 , 0
9004 , 0
2 , 0
35 , 0
2 , 0
915 , 0
1006 , 0
39 , 0
11 , 0
272 , 0
128 , 0
1316 , 0
102 , 0
7801 , 0
236 , 0
2387 , 0
1 , 0
1 , 0
1 , 0
1 , 0
243 , 55
105 , 0
83 , 0
1 , 0
391 , 0
5 , 0
5 , 0
1964 , 0
6226 , 0
259 , 0
1 , 0
1 , 0
1 , 0
169 , 0
226 , 55
48 , 0
29 , 0
761 , 254
1070 , 886
330 , 0
13 , 0
1 , 0
3632 , 0
7 , 0
25 , 0
168 , 0
45 , 0
1531 , 0
32 , 0
32 , 0
17 , 0
1008 , 0
364 , 0
1 , 0
5 , 0
7910 , 0
61 , 0
1 , 0
895 , 0
4707 , 0
101 , 0
5124 , 0
63 , 0
412 , 0
251 , 0
67 , 0
1153 , 0
6046 , 0
19 , 0
3 , 0
47 , 0
13 , 0
13 , 0
18 , 0
559 , 0
114 , 0
288 , 0
7 , 0
426 , 0
1 , 0
1056 , 0
33 , 0
35 , 0
108 , 0
9 , 0
6 , 0
29 , 0
9964 , 0
20 , 0
286 , 0
7912 , 0
17 , 0
8501 , 0
2273 , 0
2 , 0
25 , 0
189 , 0
5 , 0
266 , 0
3758 , 0
1456 , 726
74 , 0
44 , 0
7 , 0
6936 , 0
1 , 0
44 , 0
11 , 0
12 , 0
424 , 0
15 , 0
5 , 0
22 , 0
384 , 197
2 , 0
2 , 0
83 , 0
5854 , 0
27 , 0
23 , 0
1 , 0
1157 , 0
174 , 0
677 , 494
3 , 0
2 , 0
15 , 0
56 , 0
6 , 0
13 , 0
6047 , 5294
33 , 0
261 , 0
1134 , 960
9 , 0
8 , 0
7521 , 0
3 , 0
156 , 0
6 , 0
1368 , 0
1 , 0
486 , 0
460 , 0
10 , 0
901 , 0
7702 , 0
12 , 0
510 , 0
1 , 0
2998 , 0
323 , 0
1848 , 0
6 , 0
1654 , 876
1 , 0
4258 , 0
656 , 0
1 , 0
2534 , 1671
503 , 0
7833 , 0
1 , 0
9157 , 0
701 , 0
4726 , 0
189 , 0
195 , 0
24 , 0
3124 , 0
2 , 0
16 , 0
21 , 0
2 , 0
171 , 0
8633 , 0
1 , 0
3780 , 0
37 , 0
38 , 0
2 , 0
1 , 0
1105 , 418
5 , 0
42 , 0
11 , 0
177 , 0
23 , 0
6853 , 6671
7 , 0
19 , 0
6 , 0
2 , 0
614 , 0
129 , 0
1746 , 0
1 , 0
531 , 0
6560 , 0
22 , 0
3 , 0
22 , 0
5174 , 0
1632 , 0
2721 , 0
107 , 0
9 , 0
448 , 0
375 , 0
1916 , 1752
5283 , 0
1 , 0
10 , 0
276 , 0
713 , 0
421 , 0
4 , 0
2224 , 0
123 , 0
37 , 0
15 , 0
5 , 0
285 , 113
2 , 0
93 , 0
3494 , 0
6 , 0
344 , 0
180 , 0
978 , 0
6618 , 0
25 , 0
5762 , 0
1 , 0
8 , 0
902 , 0
1 , 0
6773 , 0
19 , 0
3928 , 0
1 , 0
3947 , 3767
612 , 0
2 , 0
14 , 0
17 , 0
6386 , 0
57 , 0
8608 , 0
3064 , 0
246 , 65
3 , 0
2 , 0
98 , 0
1 , 0
5801 , 0
776 , 0
1540 , 724
10 , 0
7789 , 0
11 , 0
250 , 80
1 , 0
3834 , 0
2896 , 0
118 , 0
1 , 0
6 , 0
19 , 0
7911 , 0
182 , 0
6 , 0
67 , 0
312 , 0
31 , 0
38 , 0
76 , 0
80 , 0
1394 , 0
3 , 0
5472 , 0
992 , 0
400 , 0
587 , 0
2 , 0
1129 , 950
6 , 0
33 , 0
1 , 0
14 , 0
1 , 0
8 , 0
387 , 0
24 , 0
207 , 0
28 , 0
1585 , 1403
1595 , 0
7 , 0
1149 , 988
9 , 0
590 , 0
2 , 0
1 , 0
9 , 0
24 , 0
493 , 0
78 , 0
2 , 0
216 , 0
43 , 0
5 , 0
1 , 0
2 , 0
1 , 0
107 , 0
6245 , 0
24 , 0
966 , 0
1 , 0
11 , 0
333 , 171
5 , 0
1 , 0
6808 , 0
12 , 0
152 , 0
2 , 0
1 , 0
1 , 0
240 , 0
474 , 0
6 , 0
1 , 0
3673 , 0
5 , 0
336 , 0
367 , 0
35 , 0
946 , 0
1 , 0
747 , 0
10 , 0
29 , 0
3220 , 0
1194 , 0
8 , 0
123 , 0
17 , 0
1 , 0
44 , 0
37 , 0
1 , 0
3 , 0
57 , 0
256 , 0
62 , 0
1 , 0
1 , 0
7796 , 0
1551 , 0
178 , 19
52 , 0
2 , 0
9008 , 0
910 , 0
8459 , 0
9098 , 0
5 , 0
1534 , 809
3187 , 0
10 , 0
6841 , 0
1 , 0
1 , 0
152 , 0
18 , 0
1832 , 0
2 , 0
3 , 0
1 , 0
1 , 0
924 , 759
7769 , 0
142 , 0
4 , 0
287 , 0
1 , 0
120 , 0
8 , 0
846 , 0
158 , 0
230 , 0
45 , 0
6100 , 0
72 , 0
8 , 0
4 , 0
33 , 0
2 , 0
1412 , 0
8 , 0
14 , 0
110 , 0
3 , 0
3 , 0
55 , 0
1 , 0
2 , 0
3724 , 0
8 , 0
336 , 0
4933 , 0
2805 , 0
4907 , 0
1262 , 1103
1921 , 0
67 , 0
114 , 0
1400 , 0
2 , 0
3540 , 0
42 , 0
5951 , 0
1 , 0
11 , 0
415 , 260
86 , 0
1 , 0
87 , 0
11 , 0
3 , 0
32 , 0
1 , 0
23 , 0
1064 , 0
477 , 0
5 , 0
1278 , 581
31 , 0
662 , 0
177 , 0
5570 , 0
323 , 0
1 , 0
1 , 0
320 , 0
820 , 0
91 , 0
3 , 0
377 , 239
1215 , 0
314 , 0
233 , 0
1 , 0
3990 , 0
1974 , 0
24 , 0
61 , 0
3015 , 2250
62 , 0
6349 , 0
9660 , 0
277 , 0
198 , 0
2 , 0
6 , 0
4051 , 0
69 , 0
3 , 0
1 , 0
229 , 0
521 , 0
2 , 0
1 , 0
100 , 0
6354 , 0
1316 , 0
5836 , 5067
7201 , 0
353 , 0
5067 , 0
9435 , 0
3463 , 0
2311 , 0
87 , 0
91 , 0
1356 , 0
1 , 0
57 , 0
5389 , 0
11 , 0
777 , 0
4241 , 0
4928 , 4210
1043 , 0
184 , 0
11 , 0
1 , 0
3700 , 0
2363 , 2178
791 , 0
7 , 0
20 , 0
1 , 0
1 , 0
1 , 0
85 , 0
110 , 0
62 , 0
6279 , 0
1 , 0
42 , 0
84 , 0
5 , 0
123 , 0
6730 , 0
2 , 0
1197 , 0
1 , 0
170 , 0
44 , 0
3714 , 0
1 , 0
5 , 0
1349 , 0
2941 , 0
1230 , 0
4 , 0
11 , 0
5462 , 0
316 , 0
807 , 0
1 , 0
2 , 0
4465 , 0
430 , 0
268 , 0
1894 , 1739
1402 , 0
37 , 0
1 , 0
7 , 0
98 , 0
90 , 0
3594 , 0
2641 , 0
5 , 0
497 , 0
22 , 0
1550 , 0
66 , 0
94 , 0
7165 , 0
12 , 0
30 , 0
2130 , 0
5 , 0
2 , 0
8 , 0
3 , 0
11 , 0
11 , 0
5 , 0
114 , 0
11 , 0
10 , 0
26 , 0
28 , 0
11 , 0
2868 , 0
14 , 0
8 , 0
8540 , 0
343 , 0
158 , 0
4 , 0
21 , 0
76 , 0
13 , 0
5109 , 0
319 , 0
1 , 0
1876 , 1708
73 , 0
47 , 0
2 , 0
1126 , 0
723 , 0
569 , 0
1 , 0
45 , 0
65 , 0
140 , 0
250 , 0
2 , 0
534 , 0
1 , 0
8568 , 0
5 , 0
193 , 0
56 , 0
1871 , 0
26 , 0
78 , 0
62 , 0
4 , 0
111 , 0
12 , 0
777 , 0
5 , 0
56 , 0
713 , 0
1725 , 1569
15 , 0
99 , 0
4 , 0
60 , 0
738 , 0
1 , 0
3 , 0
93 , 0
366 , 0
486 , 335
5 , 0
36 , 0
2158 , 1474
591 , 0
19 , 0
98 , 0
2954 , 0
3 , 0
25 , 0
9 , 0
692 , 0
51 , 0
1706 , 1007
534 , 0
13 , 0
1 , 0
6 , 0
170 , 0
54 , 0
9298 , 0
68 , 0
209 , 0
625 , 0
379 , 0
5 , 0
1 , 0
4580 , 0
5 , 0
10 , 0
3489 , 0
1 , 0
1 , 0
1534 , 832
2 , 0
3 , 0
1 , 0
286 , 0
76 , 0
3 , 0
1203 , 452
2631 , 0
1 , 0
1 , 0
43 , 0
1 , 0
2912 , 0
578 , 0
80 , 0
3 , 0
620 , 463
2357 , 1628
197 , 46
1 , 0
393 , 0
4 , 0
245 , 0
578 , 0
3 , 0
63 , 0
8 , 0
213 , 0
334 , 0
2899 , 0
71 , 0
7 , 0
331 , 0
333 , 0
443 , 0
105 , 0
6 , 0
23 , 0
774 , 0
29 , 0
448 , 0
2 , 0
40 , 0
92 , 0
8 , 0
152 , 0
18 , 0
25 , 0
32 , 0
1 , 0
156 , 0
1 , 0
39 , 0
1 , 0
2 , 0
5365 , 0
117 , 0
21 , 0
50 , 0
1 , 0
4286 , 0
3 , 0
4 , 0
3 , 0
179 , 0
3 , 0
42 , 0
5 , 0
1 , 0
7647 , 0
4059 , 0
15 , 0
2 , 0
4 , 0
22 , 0
111 , 0
997 , 0
1 , 0
39 , 0
211 , 0
2 , 0
3068 , 0
4 , 0
169 , 0
10 , 0
48 , 0
1770 , 0
273 , 0
85 , 0
826 , 0
9025 , 0
2943 , 0
4650 , 0
645 , 0
69 , 0
79 , 0
4483 , 0
7 , 0
5180 , 0
1 , 0
2 , 0
2 , 0
19 , 0
42 , 0
3 , 0
6 , 0
4862 , 0
6 , 0
316 , 0
197 , 0
3 , 0
44 , 0
5350 , 0
2382 , 0
3453 , 0
1 , 0
8456 , 8302
262 , 0
3120 , 0
2 , 0
20 , 0
1550 , 0
574 , 0
9 , 0
8474 , 8323
1 , 0
32 , 0
27 , 0
545 , 0
2718 , 1997
248 , 0
80 , 0
3 , 0
17 , 0
59 , 0
9416 , 9255
91 , 0
896 , 0
35 , 0
1 , 0
99 , 0
171 , 0
8629 , 0
4345 , 0
153 , 0
115 , 0
5501 , 0
1 , 0
1867 , 0
49 , 0
94 , 0
10 , 0
22 , 0
1395 , 0
675 , 0
13 , 0
36 , 0
1 , 0
49 , 0
2 , 0
1832 , 0
103 , 0
107 , 0
1163 , 0
7924 , 7258
377 , 0
9 , 0
180 , 0
23 , 0
3668 , 0
86 , 0
5 , 0
4 , 0
1762 , 0
211 , 0
1153 , 0
1796 , 0
1321 , 0
578 , 0
41 , 0
1 , 0
16 , 0
142 , 0
6 , 0
16 , 0
14 , 0
2 , 0
21 , 0
247 , 96
3 , 0
146 , 0
43 , 0
10 , 0
10 , 0
5 , 0
9608 , 0
1 , 0
4 , 0
5483 , 0
4071 , 3923
7 , 0
17 , 0
481 , 0
5092 , 0
5721 , 5542
10 , 0
1 , 0
127 , 0
4 , 0
5860 , 0
72 , 0
273 , 0
21 , 0
1 , 0
1 , 0
63 , 0
7253 , 0
10 , 0
40 , 0
307 , 0
105 , 0
4206 , 0
7303 , 0
5 , 0
14 , 0
1 , 0
5189 , 0
4287 , 0
182 , 0
219 , 0
722 , 0
242 , 0
2409 , 0
1419 , 0
3 , 0
822 , 0
342 , 0
279 , 0
11 , 0
1 , 0
6 , 0
158 , 0
3 , 0
421 , 0
350 , 0
5352 , 0
1 , 0
9 , 0
7 , 0
867 , 0
1 , 0
929 , 215
1038 , 0
10 , 0
22 , 0
18 , 0
23 , 0
54 , 0
203 , 0
2852 , 0
19 , 0
3 , 0
6971 , 0
169 , 0
5 , 0
2993 , 0
1135 , 0
146 , 0
2149 , 0
10 , 0
1833 , 0
15 , 0
8862 , 0
25 , 0
27 , 0
6642 , 0
761 , 0
10 , 0
144 , 0
26 , 0
9680 , 0
340 , 0
343 , 0
2101 , 0
166 , 0
7770 , 0
2332 , 0
135 , 0
37 , 0
1753 , 0
20 , 0
4 , 0
1 , 0
38 , 0
479 , 0
1 , 0
227 , 0
183 , 12
52 , 0
1169 , 0
3 , 0
80 , 0
40 , 0
7303 , 0
4732 , 0
509 , 0
1049 , 0
24 , 0
3709 , 0
33 , 0
233 , 0
1 , 0
3707 , 0
4 , 0
2947 , 0
564 , 0
87 , 0
2 , 0
1 , 0
6 , 0
1 , 0
5 , 0
2 , 0
1 , 0
4886 , 0
287 , 0
11 , 0
130 , 0
513 , 0
13 , 0
16 , 0
2 , 0
1876 , 0
1235 , 0
6 , 0
68 , 0
5 , 0
470 , 0
4441 , 0
3251 , 0
4 , 0
55 , 0
364 , 194
1 , 0
4 , 0
8 , 0
10 , 0
1776 , 0
129 , 0
8486 , 0
138 , 0
69 , 0
179 , 0
5 , 0
911 , 0
5603 , 0
20 , 0
33 , 0
1 , 0
9 , 0
27 , 0
5 , 0
462 , 0
165 , 0
1 , 0
56 , 0
7 , 0
2 , 0
7783 , 0
24 , 0
66 , 0
1848 , 0
4 , 0
2 , 0
1 , 0
131 , 0
130 , 0
2 , 0
1631 , 0
336 , 0
17 , 0
60 , 0
1 , 0
605 , 0
915 , 161
2395 , 0
131 , 0
212 , 0
1 , 0
10 , 0
2 , 0
1472 , 0
314 , 0
269 , 0
68 , 0
9215 , 0
1194 , 0
1 , 0
5625 , 0
752 , 0
1 , 0
3 , 0
2282 , 0
3 , 0
72 , 0
748 , 0
9 , 0
57 , 0
4 , 0
4 , 0
24 , 0
6 , 0
200 , 0
25 , 0
5553 , 4858
4485 , 0
4 , 0
7642 , 0
1801 , 0
5 , 0
4295 , 0
341 , 0
1 , 0
439 , 0
7 , 0
449 , 0
3 , 0
156 , 0
260 , 0
1 , 0
1094 , 950
59 , 0
4 , 0
1 , 0
298 , 0
3 , 0
263 , 0
1892 , 0
5 , 0
1 , 0
147 , 0
1 , 0
34 , 0
1944 , 0
4110 , 0
3359 , 0
4 , 0
7 , 0
485 , 0
151 , 0
1155 , 0
1562 , 0
7 , 0
676 , 0
1752 , 1603
19 , 0
1 , 0
3 , 0
4174 , 0
1603 , 0
127 , 0
589 , 0
2182 , 0
2 , 0
36 , 0
4115 , 0
1 , 0
92 , 0
838 , 0
1073 , 0
10 , 0
24 , 0
910 , 0
1473 , 0
319 , 0
1868 , 1150
6 , 0
6 , 0
1068 , 0
21 , 0
61 , 0
4667 , 0
3208 , 0
1 , 0
7 , 0
7002 , 0
5 , 0
52 , 0
7 , 0
9 , 0
1 , 0
51 , 0
4534 , 0
29 , 0
54 , 0
2488 , 0
6 , 0
8 , 0
30 , 0
9989 , 0
2097 , 0
450 , 0
84 , 0
4521 , 0
9 , 0
27 , 0
1 , 0
47 , 0
1 , 0
9378 , 0
2 , 0
2275 , 0
27 , 0
110 , 0
15 , 0
273 , 0
1837 , 0
1270 , 0
3100 , 0
51 , 0
481 , 0
172 , 0
7 , 0
53 , 0
538 , 0
1897 , 0
52 , 0
17 , 0
15 , 0
1281 , 0
177 , 0
6895 , 0
2099 , 0
1070 , 0
102 , 0
1355 , 0
31 , 0
7097 , 0
1088 , 0
2713 , 2002
4080 , 0
1027 , 0
25 , 0
7 , 0
3 , 0
5 , 0
1 , 0
23 , 0
1 , 0
1979 , 0
1 , 0
47 , 0
27 , 0
5960 , 0
12 , 0
7 , 0
34 , 0
1 , 0
5 , 0
47 , 0
5250 , 0
554 , 0
2 , 0
9 , 0
30 , 0
3 , 0
1 , 0
255 , 0
1 , 0
109 , 0
5 , 0
2588 , 0
1 , 0
1 , 0
125 , 0
4690 , 0
4 , 0
1 , 0
11 , 0
61 , 0
1025 , 0
1 , 0
9 , 0
77 , 0
946 , 0
2 , 0
146 , 0
3521 , 0
52 , 0
8 , 0
22 , 0
19 , 0
844 , 0
13 , 0
5168 , 0
4 , 0
337 , 0
1 , 0
2495 , 0
1 , 0
5 , 0
41 , 0
21 , 0
103 , 0
225 , 0
3 , 0
40 , 0
23 , 0
27 , 0
25 , 0
1 , 0
34 , 0
834 , 0
770 , 0
456 , 0
2331 , 0
36 , 0
221 , 0
98 , 0
8 , 0
183 , 0
2 , 0
3 , 0
728 , 0
3 , 0
2551 , 0
2 , 0
502 , 0
1 , 0
17 , 0
8 , 0
1 , 0
2 , 0
11 , 0
8 , 0
14 , 0
589 , 0
852 , 0
3438 , 0
181 , 0
536 , 0
4 , 0
74 , 0
1 , 0
5 , 0
6651 , 0
232 , 0
1 , 0
286 , 0
1 , 0
1159 , 0
1 , 0
152 , 0
180 , 0
31 , 0
1 , 0
8 , 0
295 , 0
21 , 0
883 , 0
1 , 0
794 , 0
10 , 0
1 , 0
2 , 0
6691 , 0
8 , 0
44 , 0
57 , 0
18 , 0
2 , 0
418 , 0
643 , 484
5441 , 0
145 , 0
29 , 0
233 , 0
1 , 0
86 , 0
4 , 0
6 , 0
2 , 0
1 , 0
9971 , 9816
147 , 0
5 , 0
97 , 0
126 , 0
3412 , 0
3 , 0
1 , 0
1 , 0
23 , 0
2 , 0
106 , 0
6756 , 0
3367 , 0
47 , 0
6534 , 0
7 , 0
446 , 0
3 , 0
108 , 0
9 , 0
5608 , 0
2 , 0
13 , 0
279 , 0
1 , 0
1 , 0
63 , 0
3 , 0
2 , 0
3 , 0
80 , 0
6097 , 0
453 , 0
11 , 0
60 , 0
3478 , 0
39 , 0
665 , 0
129 , 0
11 , 0
11 , 0
1 , 0
10 , 0
165 , 0
29 , 0
215 , 0
87 , 0
3 , 0
2 , 0
7 , 0
92 , 0
1 , 0
146 , 0
1109 , 0
1 , 0
53 , 0
3852 , 0
3483 , 0
102 , 0
3191 , 0
456 , 0
2805 , 0
5825 , 0
4 , 0
272 , 0
174 , 0
8 , 0
180 , 0
7903 , 0
1 , 0
1835 , 0
6707 , 0
229 , 0
5 , 0
8440 , 0
2833 , 0
1503 , 0
806 , 0
5 , 0
32 , 0
69 , 0
13 , 0
1 , 0
2832 , 0
314 , 0
38 , 0
23 , 0
4080 , 0
6 , 0
1 , 0
9029 , 0
111 , 0
4 , 0
405 , 0
244 , 0
38 , 0
2 , 0
1 , 0
6062 , 0
1661 , 1536
14 , 0
4819 , 0
3 , 0
1 , 0
37 , 0
137 , 0
51 , 0
15 , 0
1315 , 0
4 , 0
353 , 0
3 , 0
361 , 0
2 , 0
26 , 0
20 , 0
1669 , 0
1 , 0
140 , 0
4 , 0
4 , 0
21 , 0
17 , 0
7005 , 0
1 , 0
9 , 0
1027 , 0
5651 , 0
222 , 0
126 , 0
833 , 0
640 , 0
1330 , 0
33 , 0
1 , 0
144 , 0
2 , 0
8650 , 0
43 , 0
1 , 0
7453 , 0
1 , 0
2 , 0
1 , 0
18 , 0
1890 , 1272
3082 , 0
1 , 0
9 , 0
7 , 0
225 , 0
1 , 0
94 , 0
853 , 0
224 , 0
7017 , 0
159 , 0
5 , 0
9338 , 0
2 , 0
1335 , 0
91 , 0
678 , 0
6 , 0
42 , 0
5519 , 0
20 , 0
6 , 0
1 , 0
1795 , 0
5 , 0
1930 , 0
269 , 0
61 , 0
5 , 0
3 , 0
7 , 0
10 , 0
219 , 0
6 , 0
30 , 0
497 , 0
361 , 0
18 , 0
5623 , 0
504 , 0
4 , 0
1 , 0
1456 , 0
2 , 0
9065 , 0
4096 , 0
9263 , 0
11 , 0
10 , 0
46 , 0
13 , 0
2983 , 0
223 , 0
33 , 0
53 , 0
279 , 0
1 , 0
49 , 0
1 , 0
1165 , 0
34 , 0
1 , 0
89 , 0
47 , 0
595 , 0
9 , 0
228 , 98
848 , 0
746 , 0
1 , 0
2523 , 0
21 , 0
10 , 0
838 , 0
811 , 0
13 , 0
43 , 0
4426 , 0
1980 , 0
13 , 0
2083 , 1944
14 , 0
4 , 0
1165 , 0
2079 , 0
22 , 0
455 , 0
4 , 0
1175 , 0
1078 , 0
339 , 0
4 , 0
14 , 0
3 , 0
8 , 0
2 , 0
98 , 0
17 , 0
30 , 0
579 , 0
10 , 0
6 , 0
144 , 0
4 , 0
182 , 0
6144 , 0
161 , 0
2659 , 0
401 , 0
2 , 0
4 , 0
2 , 0
248 , 0
528 , 0
5590 , 0
1 , 0
2412 , 0
767 , 0
226 , 0
15 , 0
193 , 0
34 , 0
7220 , 0
6917 , 0
44 , 0
343 , 0
1 , 0
2 , 0
57 , 0
183 , 0
1318 , 757
1 , 0
83 , 0
2 , 0
1 , 0
191 , 0
979 , 0
9946 , 0
4 , 0
3384 , 0
1377 , 708
1711 , 1131
94 , 0
288 , 0
165 , 0
103 , 0
167 , 0
275 , 0
5 , 0
3 , 0
10 , 0
1278 , 0
767 , 0
1 , 0
2 , 0
2971 , 0
8 , 0
208 , 0
808 , 0
5319 , 4641
4251 , 0
42 , 0
26 , 0
1 , 0
17 , 0
1 , 0
225 , 0
72 , 0
398 , 0
16 , 0
14 , 0
2425 , 0
120 , 0
669 , 0
109 , 0
1129 , 0
3592 , 0
14 , 0
24 , 0
4327 , 4191
1 , 0
30 , 0
4437 , 0
10 , 0
10 , 0
1 , 0
18 , 0
41 , 0
1 , 0
2 , 0
13 , 0
3 , 0
7 , 0
7 , 0
7961 , 0
18 , 0
37 , 0
43 , 0
9 , 0
62 , 0
4563 , 0
1 , 0
6901 , 6772
2947 , 0
2400 , 0
43 , 0
6 , 0
1 , 0
103 , 0
15 , 0
8271 , 7593
6044 , 0
5 , 0
1868 , 0
2590 , 0
81 , 0
95 , 0
2 , 0
1242 , 0
17 , 0
835 , 157
3 , 0
64 , 0
89 , 0
1 , 0
3 , 0
197 , 0
10 , 0
841 , 716
3 , 0
17 , 0
47 , 0
1 , 0
3835 , 3178
9483 , 0
8912 , 0
43 , 0
1 , 0
40 , 0
2331 , 0
970 , 0
16 , 0
4023 , 0
429 , 0
3 , 0
21 , 0
5343 , 0
37 , 0
26 , 0
55 , 0
1940 , 0
13 , 0
346 , 0
5554 , 0
737 , 0
838 , 0
204 , 0
43 , 0
2257 , 0
453 , 0
2161 , 0
5970 , 0
8 , 0
17 , 0
8674 , 0
99 , 0
4014 , 3471
13 , 0
1970 , 1313
2906 , 2757
1 , 0
63 , 0
385 , 0
5327 , 0
173 , 0
30 , 0
8 , 0
1482 , 0
16 , 0
351 , 0
6 , 0
3 , 0
3841 , 0
9 , 0
17 , 0
1 , 0
1355 , 0
1 , 0
3 , 0
6 , 0
25 , 0
9848 , 0
4 , 0
879 , 0
1 , 0
1626 , 0
1 , 0
131 , 0
494 , 0
306 , 0
52 , 0
233 , 0
188 , 0
90 , 0
29 , 0
17 , 0
350 , 0
650 , 0
18 , 0
14 , 0
62 , 0
1374 , 0
1 , 0
4 , 0
46 , 0
405 , 0
1 , 0
8971 , 0
1 , 0
6803 , 0
730 , 0
1481 , 0
2 , 0
174 , 0
66 , 0
1 , 0
9 , 0
4379 , 0
4939 , 0
1066 , 0
15 , 0
581 , 0
2 , 0
539 , 0
4 , 0
240 , 0
159 , 0
24 , 0
2905 , 0
9951 , 0
20 , 0
1 , 0
845 , 0
2111 , 1440
1026 , 0
179 , 0
3737 , 0
1 , 0
11 , 0
15 , 0
1046 , 0
1 , 0
130 , 0
727 , 0
4195 , 0
351 , 0
53 , 0
1 , 0
1 , 0
15 , 0
1 , 0
800 , 0
1316 , 0
169 , 0
9490 , 0
1066 , 0
459 , 0
27 , 0
9494 , 0
1904 , 0
1 , 0
363 , 0
2 , 0
1 , 0
187 , 0
350 , 0
1 , 0
12 , 0
1698 , 0
3715 , 0
3 , 0
9 , 0
227 , 0
186 , 0
1 , 0
6 , 0
2 , 0
23 , 0
1284 , 0
108 , 0
3 , 0
148 , 0
18 , 0
106 , 0
5427 , 0
255 , 0
9 , 0
3 , 0
2225 , 2083
9623 , 0
3898 , 3329
76 , 0
1 , 0
57 , 0
6 , 0
2 , 0
7401 , 0
129 , 0
2 , 0
7 , 0
200 , 75
3 , 0
4 , 0
2 , 0
3 , 0
1134 , 0
2 , 0
4 , 0
166 , 0
835 , 0
239 , 0
11 , 0
214 , 0
49 , 0
419 , 0
97 , 0
11 , 0
163 , 0
1 , 0
7320 , 0
22 , 0
3501 , 0
53 , 0
1764 , 0
9530 , 0
377 , 0
8 , 0
2 , 0
18 , 0
3531 , 0
9 , 0
194 , 0
6 , 0
107 , 0
5404 , 0
1 , 0
23 , 0
5 , 0
20 , 0
3 , 0
73 , 0
1 , 0
169 , 0
1 , 0
23 , 0
197 , 0
3572 , 0
125 , 0
1357 , 0
608 , 0
1419 , 829
25 , 0
70 , 0
3 , 0
3045 , 0
572 , 0
477 , 0
20 , 0
2 , 0
79 , 0
77 , 0
8806 , 0
2241 , 1603
470 , 0
54 , 0
1 , 0
1 , 0
1 , 0
91 , 0
413 , 0
2 , 0
1 , 0
5 , 0
3881 , 0
57 , 0
10 , 0
12 , 0
20 , 0
44 , 0
27 , 0
1054 , 0
665 , 0
17 , 0
292 , 0
1 , 0
3383 , 0
2 , 0
1 , 0
352 , 0
5 , 0
12 , 0
1 , 0
1 , 0
2511 , 0
351 , 0
82 , 0
6 , 0
3606 , 0
275 , 0
18 , 0
105 , 0
1790 , 0
1 , 0
2 , 0
146 , 0
611 , 0
3 , 0
179 , 0
526 , 0
173 , 0
28 , 0
14 , 0
4612 , 0
787 , 0
754 , 0
1153 , 0
299 , 0
4 , 0
189 , 0
161 , 0
4438 , 0
9358 , 0
32 , 0
10 , 0
19 , 0
2 , 0
1 , 0
18 , 0
6 , 0
6882 , 0
1 , 0
32 , 0
721 , 0
1 , 0
2581 , 0
5891 , 0
486 , 0
5 , 0
1 , 0
23 , 0
609 , 0
87 , 0
21 , 0
1 , 0
1915 , 0
8845 , 0
1 , 0
16 , 0
2 , 0
3040 , 0
2755 , 0
1 , 0
11 , 0
1 , 0
41 , 0
113 , 0
32 , 0
797 , 0
952 , 0
41 , 0
603 , 0
1707 , 0
16 , 0
765 , 0
98 , 0
8605 , 0
187 , 0
1924 , 0
3050 , 0
1280 , 0
1 , 0
33 , 0
2 , 0
5 , 0
2641 , 0
29 , 0
247 , 0
16 , 0
50 , 0
22 , 0
1 , 0
348 , 0
5 , 0
20 , 0
1 , 0
1 , 0
2 , 0
421 , 0
326 , 0
13 , 0
105 , 0
6092 , 0
53 , 0
276 , 0
380 , 0
3567 , 0
3 , 0
279 , 0
116 , 0
2225 , 0
27 , 0
7 , 0
54 , 0
15 , 0
1280 , 0
46 , 0
3381 , 0
1 , 0
4 , 0
1 , 0
4564 , 0
1 , 0
9 , 0
24 , 0
28 , 0
1 , 0
175 , 0
7918 , 0
306 , 0
72 , 0
2867 , 0
4446 , 0
3 , 0
133 , 0
7 , 0
2 , 0
6319 , 0
78 , 0
122 , 0
7404 , 0
5 , 0
8857 , 0
1343 , 0
226 , 0
8275 , 0
1113 , 0
4 , 0
3753 , 0
160 , 0
303 , 0
2 , 0
1 , 0
65 , 0
226 , 0
28 , 0
52 , 0
385 , 0
1 , 0
5 , 0
219 , 0
11 , 0
4 , 0
9096 , 0
1 , 0
7762 , 0
60 , 0
1 , 0
4034 , 0
1 , 0
328 , 0
73 , 0
24 , 0
106 , 0
5 , 0
1524 , 0
5154 , 0
8 , 0
392 , 0
29 , 0
253 , 0
2679 , 0
466 , 328
28 , 0
1 , 0
18 , 0
2211 , 0
38 , 0
146 , 0
3 , 0
1322 , 0
57 , 0
2917 , 0
8 , 0
5580 , 0
363 , 0
1 , 0
9737 , 0
833 , 0
292 , 0
78 , 0
506 , 0
9 , 0
1761 , 0
4864 , 0
2 , 0
929 , 798
68 , 0
7 , 0
1486 , 0
55 , 0
3 , 0
9821 , 0
413 , 0
218 , 0
817 , 0
246 , 0
1372 , 0
8987 , 0
502 , 0
2 , 0
1 , 0
85 , 0
855 , 0
9 , 0
3 , 0
251 , 0
2 , 0
191 , 0
135 , 0
1095 , 0
5293 , 0
101 , 0
1 , 0
3781 , 0
4998 , 0
167 , 0
2644 , 0
57 , 0
2455 , 0
194 , 0
18 , 0
3 , 0
984 , 0
484 , 0
215 , 0
58 , 0
4 , 0
367 , 0
4 , 0
1 , 0
6 , 0
1 , 0
1 , 0
83 , 0
50 , 0
3 , 0
105 , 0
109 , 0
842 , 0
92 , 0
306 , 0
3587 , 0
549 , 0
1 , 0
103 , 0
340 , 0
7306 , 0
1092 , 0
436 , 0
3 , 0
931 , 805
13 , 0
2 , 0
1 , 0
1087 , 0
3013 , 0
859 , 0
1 , 0
421 , 0
561 , 0
36 , 0
47 , 0
28 , 0
92 , 0
108 , 0
4885 , 0
61 , 0
91 , 0
42 , 0
835 , 0
1 , 0
14 , 0
680 , 0
15 , 0
6333 , 0
51 , 0
53 , 0
726 , 116
3 , 0
6321 , 0
79 , 0
36 , 0
8408 , 0
1 , 0
9 , 0
4233 , 0
2960 , 2421
6402 , 0
765 , 0
166 , 0
39 , 0
60 , 0
2595 , 0
1 , 0
1 , 0
4 , 0
72 , 0
3 , 0
71 , 0
212 , 0
3 , 0
45 , 0
14 , 0
5219 , 0
2 , 0
38 , 0
198 , 0
1373 , 0
2 , 0
12 , 0
32 , 0
1 , 0
3774 , 0
666 , 0
4 , 0
9792 , 0
55 , 0
20 , 0
6 , 0
255 , 0
1 , 0
95 , 0
1188 , 0
2542 , 0
12 , 0
149 , 0
52 , 0
453 , 330
6 , 0
962 , 0
7011 , 0
9 , 0
6 , 0
124 , 0
1135 , 0
1 , 0
1 , 0
1 , 0
4516 , 0
2309 , 0
12 , 0
1 , 0
1565 , 0
36 , 0
3 , 0
33 , 0
158 , 0
2 , 0
2120 , 0
1 , 0
668 , 0
2 , 0
5769 , 5233
2765 , 0
128 , 0
328 , 0
380 , 0
57 , 0
244 , 0
117 , 0
7343 , 0
4371 , 0
133 , 0
24 , 0
17 , 0
2 , 0
1151 , 0
17 , 0
5868 , 0
2 , 0
3903 , 0
34 , 0
44 , 0
25 , 0
12 , 0
7658 , 0
610 , 222
19 , 0
490 , 0
3631 , 0
9422 , 0
13 , 0
2136 , 0
2 , 0
1 , 0
1944 , 0
15 , 0
21 , 0
9683 , 0
2 , 0
26 , 0
247 , 0
37 , 0
22 , 0
3145 , 0
27 , 0
91 , 0
37 , 0
1 , 0
1 , 0
287 , 0
5 , 0
4 , 0
525 , 0
4 , 0
11 , 0
457 , 0
129 , 0
130 , 0
167 , 0
5374 , 0
11 , 0
1163 , 0
673 , 116
124 , 0
307 , 0
1 , 0
34 , 0
17 , 0
89 , 0
1334 , 0
31 , 0
18 , 0
1695 , 0
876 , 0
9 , 0
9272 , 0
1 , 0
80 , 0
4345 , 0
47 , 0
9 , 0
9 , 0
343 , 0
7 , 0
1017 , 0
2 , 0
2 , 0
5761 , 0
741 , 0
2 , 0
1190 , 1054
1606 , 0
32 , 0
4 , 0
1 , 0
2125 , 0
550 , 0
1760 , 0
6 , 0
13 , 0
1 , 0
1 , 0
131 , 0
6 , 0
5 , 0
2952 , 0
22 , 0
5997 , 0
4289 , 0
12 , 0
224 , 0
1 , 0
299 , 0
2 , 0
324 , 0
1 , 0
2 , 0
53 , 0
1216 , 1104
85 , 0
5029 , 0
59 , 0
224 , 0
21 , 0
1 , 0
193 , 0
5430 , 0
263 , 0
386 , 0
42 , 0
9 , 0
6 , 0
8 , 0
182 , 0
18 , 0
4 , 0
691 , 0
32 , 0
1 , 0
3444 , 0
919 , 0
4 , 0
1 , 0
35 , 0
106 , 0
740 , 0
3 , 0
9 , 0
112 , 0
1 , 0
627 , 0
6 , 0
1 , 0
675 , 111
27 , 0
252 , 0
56 , 0
4 , 0
5 , 0
271 , 0
5438 , 0
837 , 0
9 , 0
58 , 0
1 , 0
19 , 0
1155 , 0
1 , 0
1116 , 0
43 , 0
10 , 0
594 , 4
39 , 0
3531 , 0
927 , 0
741 , 635
44 , 0
4 , 0
1956 , 0
8 , 0
36 , 0
332 , 0
1 , 0
213 , 0
666 , 0
1 , 0
4 , 0
116 , 0
4 , 0
707 , 0
751 , 0
110 , 0
3 , 0
28 , 0
6334 , 0
1 , 0
4361 , 0
131 , 0
28 , 0
3 , 0
6411 , 5825
2 , 0
82 , 0
1 , 0
992 , 0
1 , 0
1485 , 0
2 , 0
7281 , 0
360 , 0
3 , 0
9 , 0
18 , 0
6305 , 0
4 , 0
9 , 0
355 , 0
409 , 0
867 , 0
7642 , 0
2 , 0
6 , 0
2418 , 0
1 , 0
578 , 0
932 , 0
99 , 0
1 , 0
5575 , 0
844 , 0
1700 , 0
3379 , 0
1256 , 0
357 , 0
13 , 0
11 , 0
2 , 0
9191 , 0
2152 , 0
631 , 0
6 , 0
1 , 0
159 , 0
106 , 0
124 , 0
48 , 0
3 , 0
5 , 0
4 , 0
387 , 0
17 , 0
6 , 0
1506 , 0
37 , 0
1 , 0
642 , 0
8 , 0
52 , 0
25 , 0
1 , 0
60 , 0
1072 , 968
4 , 0
5 , 0
2118 , 2006
9 , 0
70 , 0
507 , 0
267 , 0
3835 , 0
2 , 0
386 , 0
1902 , 0
1 , 0
696 , 194
1 , 0
353 , 0
13 , 0
72 , 0
7 , 0
154 , 0
10 , 0
2076 , 0
8 , 0
27 , 0
160 , 0
1 , 0
19 , 0
281 , 0
206 , 0
1 , 0
436 , 0
207 , 0
2022 , 0
6 , 0
57 , 0
2653 , 2070
18 , 0
502 , 0
7 , 0
6856 , 6265
67 , 0
200 , 0
10 , 0
96 , 0
451 , 0
31 , 0
1096 , 988
533 , 0
5721 , 0
1 , 0
5915 , 0
7273 , 0
2 , 0
39 , 0
3 , 0
5164 , 0
5105 , 0
1775 , 0
7 , 0
4 , 0
2 , 0
1 , 0
1 , 0
2626 , 0
52 , 0
1 , 0
9405 , 0
1298 , 0
7 , 0
5 , 0
11 , 0
255 , 0
5 , 0
10 , 0
1 , 0
525 , 0
119 , 0
846 , 0
605 , 0
3 , 0
11 , 0
357 , 0
492 , 0
113 , 0
1 , 0
599 , 0
56 , 0
29 , 0
1 , 0
111 , 0
5197 , 0
104 , 0
38 , 0
1 , 0
1863 , 0
37 , 0
154 , 0
37 , 0
1 , 0
242 , 0
33 , 0
8441 , 0
44 , 0
685 , 0
952 , 0
13 , 0
745 , 181
2094 , 0
17 , 0
61 , 0
24 , 0
3 , 0
2 , 0
1 , 0
3673 , 0
58 , 0
21 , 0
64 , 0
1064 , 0
870 , 770
186 , 0
181 , 0
697 , 0
611 , 0
9 , 0
1035 , 0
4 , 0
3 , 0
53 , 0
347 , 0
2 , 0
2 , 0
461 , 0
1 , 0
850 , 0
14 , 0
5 , 0
7181 , 0
1190 , 0
1063 , 560
8044 , 0
269 , 0
1 , 0
172 , 0
3 , 0
861 , 0
35 , 0
14 , 0
3 , 0
18 , 0
1 , 0
1 , 0
350 , 0
12 , 0
1 , 0
1853 , 0
7 , 0
719 , 0
43 , 0
9202 , 0
2 , 0
133 , 0
22 , 0
487 , 0
18 , 0
8 , 0
73 , 0
1 , 0
17 , 0
151 , 0
7 , 0
29 , 0
538 , 0
1 , 0
1081 , 0
6916 , 0
104 , 0
2 , 0
133 , 0
105 , 0
16 , 0
2622 , 0
1 , 0
2 , 0
193 , 0
1 , 0
52 , 0
22 , 0
1 , 0
4590 , 0
1 , 0
63 , 0
95 , 0
1294 , 0
308 , 0
34 , 0
7 , 0
20 , 0
5 , 0
3400 , 0
7 , 0
30 , 0
8344 , 0
175 , 0
1 , 0
353 , 0
25 , 0
349 , 0
109 , 0
1 , 0
10 , 0
2 , 0
3 , 0
4059 , 0
315 , 0
7 , 0
112 , 0
8 , 0
1 , 0
13 , 0
1468 , 0
2 , 0
6097 , 0
38 , 0
76 , 0
1125 , 0
3031 , 0
4158 , 0
18 , 0
18 , 0
571 , 0
3 , 0
4198 , 0
392 , 0
9 , 0
5438 , 0
3142 , 0
38 , 0
1 , 0
5463 , 0
315 , 0
1475 , 0
2000 , 0
1 , 0
259 , 0
6693 , 0
12 , 0
233 , 0
2 , 0
23 , 0
3050 , 0
8992 , 0
8 , 0
4281 , 0
1 , 0
2 , 0
50 , 0
124 , 0
1 , 0
13 , 0
1163 , 0
61 , 0
11 , 0
3 , 0
19 , 0
2 , 0
4 , 0
77 , 0
255 , 0
579 , 0
23 , 0
2 , 0
7 , 0
3 , 0
401 , 0
9955 , 9459
9 , 0
5967 , 0
1456 , 0
113 , 0
54 , 0
7 , 0
1012 , 0
7762 , 0
58 , 0
635 , 0
3746 , 0
9806 , 0
169 , 0
3 , 0
62 , 0
14 , 0
16 , 0
513 , 0
3 , 0
3 , 0
77 , 0
326 , 0
310 , 0
77 , 0
939 , 0
1522 , 0
9164 , 8638
40 , 0
9989 , 0
1039 , 0
772 , 0
2 , 0
6 , 0
1 , 0
2080 , 0
83 , 0
854 , 0
116 , 0
2356 , 0
90 , 0
598 , 0
14 , 0
589 , 0
292 , 0
5 , 0
4 , 0
4556 , 4034
56 , 0
5 , 0
1 , 0
1006 , 0
127 , 0
9868 , 0
77 , 0
73 , 0
289 , 0
11 , 0
11 , 0
1203 , 0
353 , 0
8 , 0
14 , 0
7770 , 0
563 , 0
8225 , 0
1239 , 0
920 , 797
73 , 0
12 , 0
7429 , 0
166 , 0
1418 , 0
2178 , 0
294 , 0
49 , 0
3 , 0
5527 , 0
1 , 0
8 , 0
129 , 0
3340 , 0
92 , 0
4 , 0
6034 , 0
1 , 0
3 , 0
2 , 0
776 , 0
180 , 0
4 , 0
4 , 0
45 , 0
960 , 0
4 , 0
6 , 0
24 , 0
18 , 0
1 , 0
355 , 0
41 , 0
44 , 0
35 , 0
3 , 0
7 , 0
56 , 0
7100 , 0
585 , 0
19 , 0
1 , 0
13 , 0
523 , 0
10 , 0
1 , 0
5 , 0
1057 , 0
863 , 0
2 , 0
1 , 0
545 , 0
1359 , 0
404 , 0
1 , 0
4058 , 3593
2 , 0
968 , 0
2 , 0
1 , 0
327 , 0
26 , 0
1 , 0
1740 , 0
5275 , 0
17 , 0
2076 , 0
2 , 0
53 , 0
20 , 0
5983 , 0
61 , 0
1 , 0
58 , 0
914 , 0
492 , 0
8 , 0
77 , 0
4238 , 0
36 , 0
103 , 0
35 , 0
73 , 0
7 , 0
14 , 0
11 , 0
2610 , 0
1011 , 0
37 , 0
87 , 0
1 , 0
73 , 0
15 , 0
4810 , 4267
1 , 0
7199 , 0
7617 , 0
76 , 0
992 , 0
6043 , 0
3 , 0
2 , 0
11 , 0
24 , 0
3 , 0
119 , 0
375 , 0
13 , 0
4425 , 0
14 , 0
297 , 0
222 , 0
2283 , 1785
581 , 0
80 , 0
5 , 0
3568 , 0
1657 , 0
70 , 0
274 , 0
64 , 0
1 , 0
435 , 0
6173 , 6068
14 , 0
46 , 0
2 , 0
2 , 0
32 , 0
1270 , 0
646 , 0
1016 , 0
777 , 0
7014 , 0
6 , 0
32 , 0
2 , 0
2 , 0
1 , 0
1162 , 0
288 , 0
112 , 0
2285 , 0
2 , 0
2915 , 0
38 , 0
321 , 0
261 , 0
34 , 0
1945 , 0
1 , 0
3 , 0
1 , 0
2 , 0
53 , 0
2 , 0
41 , 0
18 , 0
1 , 0
688 , 0
30 , 0
124 , 0
4055 , 3706
2 , 0
209 , 0
2922 , 0
2857 , 0
3255 , 0
55 , 0
1 , 0
2 , 0
1158 , 0
743 , 0
606 , 0
9512 , 0
5780 , 0
5 , 0
157 , 0
1 , 0
3657 , 0
1425 , 0
86 , 0
506 , 0
167 , 0
629 , 162
140 , 0
947 , 0
215 , 0
75 , 0
2 , 0
7778 , 0
994 , 0
1 , 0
18 , 0
22 , 0
1 , 0
275 , 0
656 , 160
74 , 0
9977 , 0
131 , 0
987 , 0
3 , 0
13 , 0
673 , 0
10 , 0
35 , 0
10 , 0
2 , 0
91 , 0
3282 , 0
2631 , 0
8 , 0
3 , 0
4826 , 0
3469 , 0
2450 , 0
14 , 0
31 , 0
1 , 0
2 , 0
7 , 0
24 , 0
16 , 0
2 , 0
16 , 0
652 , 0
23 , 0
16 , 0
4087 , 0
12 , 0
77 , 0
1 , 0
1 , 0
16 , 0
1 , 0
18 , 0
21 , 0
2476 , 0
36 , 0
2 , 0
54 , 0
56 , 0
8223 , 0
6 , 0
2 , 0
66 , 0
3746 , 0
38 , 0
63 , 0
5 , 0
11 , 0
12 , 0
50 , 0
3235 , 0
10 , 0
23 , 0
1708 , 0
4 , 0
23 , 0
150 , 0
1 , 0
6378 , 0
5 , 0
4 , 0
24 , 0
1244 , 0
4 , 0
1703 , 0
3343 , 0
107 , 0
65 , 0
55 , 0
8611 , 0
3689 , 0
324 , 0
1322 , 0
30 , 0
1 , 0
1 , 0
2486 , 0
1741 , 1298
6072 , 0
2476 , 1977
430 , 0
1 , 0
4 , 0
238 , 0
4 , 0
1 , 0
357 , 0
107 , 0
3 , 0
60 , 0
2408 , 0
1 , 0
84 , 0
6 , 0
1066 , 0
2548 , 2068
13 , 0
9 , 0
1 , 0
113 , 0
5899 , 0
820 , 0
2047 , 0
14 , 0
135 , 0
6 , 0
75 , 0
7645 , 0
671 , 0
4 , 0
93 , 0
862 , 0
1 , 0
1 , 0
121 , 0
4 , 0
4 , 0
3 , 0
1 , 0
1076 , 0
5 , 0
9984 , 0
13 , 0
9191 , 0
2 , 0
1384 , 0
2 , 0
122 , 0
279 , 0
6 , 0
458 , 0
152 , 0
792 , 0
30 , 0
4199 , 0
5251 , 0
3 , 0
2658 , 0
1 , 0
6568 , 0
119 , 0
467 , 0
1592 , 0
7407 , 0
6457 , 0
2 , 0
1 , 0
33 , 0
499 , 0
144 , 42
389 , 0
3 , 0
8 , 0
11 , 0
12 , 0
5908 , 0
36 , 0
2227 , 0
4 , 0
976 , 0
1 , 0
6107 , 0
15 , 0
67 , 0
84 , 0
6137 , 0
1 , 0
464 , 0
3 , 0
231 , 0
1 , 0
14 , 0
2 , 0
1 , 0
5 , 0
113 , 0
4 , 0
17 , 0
1 , 0
1 , 0
1297 , 0
665 , 0
2450 , 0
1 , 0
144 , 0
100 , 0
10 , 0
39 , 0
1 , 0
7107 , 0
82 , 0
13 , 0
388 , 0
10 , 0
2536 , 0
195 , 0
17 , 0
13 , 0
50 , 0
1 , 0
1 , 0
13 , 0
5 , 0
1 , 0
99 , 0
16 , 0
1 , 0
5 , 0
1 , 0
1071 , 0
942 , 0
1 , 0
1565 , 0
3 , 0
7521 , 0
22 , 0
1 , 0
8 , 0
4662 , 0
8352 , 0
343 , 0
158 , 0
185 , 0
5 , 0
2 , 0
633 , 0
357 , 0
1634 , 0
4 , 0
261 , 0
4 , 0
2649 , 0
3500 , 0
1 , 0
4982 , 0
56 , 0
70 , 0
1135 , 0
109 , 0
5 , 0
65 , 0
1 , 0
17 , 0
13 , 0
4 , 0
40 , 0
82 , 0
73 , 0
14 , 0
65 , 0
78 , 0
1 , 0
29 , 0
59 , 0
17 , 0
91 , 0
696 , 0
1 , 0
7682 , 0
1569 , 0
442 , 0
5 , 0
1 , 0
49 , 0
162 , 0
3557 , 0
3 , 0
1157 , 0
6 , 0
75 , 0
3112 , 0
12 , 0
729 , 0
510 , 0
72 , 0
175 , 0
5 , 0
8 , 0
1 , 0
395 , 0
4 , 0
3 , 0
68 , 0
563 , 0
2 , 0
2 , 0
52 , 0
33 , 0
441 , 334
31 , 0
811 , 280
64 , 0
1477 , 0
697 , 0
116 , 0
7 , 0
1 , 0
3528 , 0
811 , 0
12 , 0
7 , 0
710 , 0
7 , 0
1806 , 0
209 , 0
4 , 0
16 , 0
559 , 0
8250 , 0
988 , 0
10 , 0
49 , 0
9581 , 0
11 , 0
203 , 0
90 , 0
780 , 0
14 , 0
15 , 0
52 , 0
38 , 0
1000 , 0
1 , 0
1971 , 1488
922 , 0
27 , 0
84 , 0
1 , 0
2 , 0
6 , 0
124 , 0
15 , 0
98 , 0
539 , 0
33 , 0
61 , 0
4085 , 0
376 , 0
1 , 0
5271 , 0
1054 , 0
932 , 0
40 , 0
4462 , 0
2 , 0
9 , 0
67 , 0
76 , 0
2 , 0
1 , 0
89 , 0
567 , 0
136 , 0
9 , 0
3111 , 0
68 , 0
270 , 0
34 , 0
1 , 0
4 , 0
426 , 0
16 , 0
127 , 0
792 , 291
4 , 0
6794 , 0
5049 , 0
10 , 0
3329 , 0
2 , 0
220 , 0
1 , 0
5 , 0
28 , 0
497 , 0
411 , 0
14 , 0
3 , 0
641 , 0
56 , 0
4071 , 0
1 , 0
3053 , 0
2 , 0
661 , 0
2186 , 0
1076 , 0
6 , 0
1734 , 0
4839 , 0
2255 , 0
67 , 0
192 , 0
3509 , 0
7 , 0
38 , 0
4 , 0
507 , 0
560 , 0
3 , 0
18 , 0
4 , 0
228 , 137
1 , 0
33 , 0
43 , 0
62 , 0
3 , 0
175 , 0
4 , 0
3 , 0
46 , 0
535 , 0
196 , 0
11 , 0
388 , 0
52 , 0
37 , 0
1 , 0
20 , 0
4 , 0
449 , 0
58 , 0
6879 , 0
8 , 0
2 , 0
61 , 0
15 , 0
2 , 0
7 , 0
56 , 0
276 , 0
59 , 0
141 , 0
2 , 0
607 , 0
27 , 0
2975 , 0
581 , 0
9 , 0
20 , 0
219 , 0
361 , 0
229 , 0
999 , 516
28 , 0
1251 , 0
9763 , 9255
186 , 0
179 , 0
7277 , 0
1098 , 0
423 , 0
15 , 0
7176 , 6750
407 , 0
655 , 0
332 , 0
694 , 0
10 , 0
7014 , 6551
2 , 0
1 , 0
13 , 0
758 , 0
99 , 0
7795 , 0
2 , 0
64 , 0
174 , 0
8 , 0
173 , 0
644 , 0
772 , 311
1 , 0
162 , 0
1 , 0
2514 , 0
4 , 0
3017 , 0
15 , 0
62 , 0
791 , 0
125 , 0
10 , 0
511 , 0
6518 , 0
2 , 0
197 , 0
42 , 0
9266 , 0
814 , 0
2 , 0
33 , 0
12 , 0
5 , 0
177 , 0
15 , 0
3020 , 0
6 , 0
35 , 0
331 , 0
85 , 0
1 , 0
12 , 0
24 , 0
1 , 0
5480 , 0
15 , 0
25 , 0
327 , 0
2605 , 0
48 , 0
2299 , 0
6767 , 0
63 , 0
30 , 0
56 , 0
1 , 0
1 , 0
151 , 0
2035 , 0
108 , 0
1 , 0
188 , 0
99 , 0
40 , 0
11 , 0
35 , 0
1210 , 0
9167 , 0
456 , 0
8324 , 0
6798 , 0
48 , 0
447 , 0
7286 , 0
741 , 0
6 , 0
4337 , 0
300 , 0
1 , 0
1434 , 0
4 , 0
1291 , 0
2 , 0
9 , 0
10 , 0
48 , 0
1962 , 1874
1604 , 1194
2 , 0
12 , 0
2037 , 0
376 , 0
174 , 0
2 , 0
56 , 0
32 , 0
1261 , 0
5824 , 0
863 , 0
88 , 0
124 , 0
27 , 0
7179 , 0
3130 , 0
71 , 0
27 , 0
9 , 0
87 , 0
400 , 0
6 , 0
2 , 0
28 , 0
127 , 0
1 , 0
14 , 0
7 , 0
53 , 0
6 , 0
2 , 0
2298 , 0
178 , 0
7545 , 0
2894 , 0
22 , 0
2 , 0
10 , 0
2760 , 0
145 , 0
73 , 0
13 , 0
44 , 0
7447 , 0
3475 , 3003
76 , 0
6 , 0
1641 , 0
1799 , 0
6 , 0
1336 , 0
3890 , 0
3 , 0
13 , 0
2 , 0
3176 , 0
4 , 0
41 , 0
2 , 0
122 , 0
1268 , 0
5 , 0
6015 , 0
121 , 0
1509 , 0
3756 , 0
4947 , 0
164 , 0
94 , 0
187 , 0
766 , 661
4 , 0
98 , 0
585 , 0
1 , 0
17 , 0
1262 , 0
2 , 0
80 , 0
1 , 0
1226 , 0
83 , 0
37 , 0
5 , 0
44 , 0
6 , 0
405 , 0
8 , 0
1884 , 1776
9115 , 0
3 , 0
557 , 0
3 , 0
13 , 0
1147 , 0
9 , 0
22 , 0
3679 , 0
3 , 0
9251 , 0
153 , 0
396 , 0
10 , 0
5 , 0
83 , 0
191 , 0
22 , 0
54 , 0
11 , 0
1308 , 0
1 , 0
1 , 0
5161 , 0
1 , 0
998 , 0
9 , 0
1301 , 1202
725 , 0
2 , 0
152 , 0
5 , 0
353 , 0
872 , 0
103 , 0
35 , 0
1 , 0
1 , 0
4 , 0
5097 , 0
785 , 0
7912 , 0
3430 , 0
8109 , 7998
86 , 0
61 , 0
2 , 0
5 , 0
4 , 0
559 , 0
2298 , 0
2490 , 0
4 , 0
7412 , 0
1 , 0
3622 , 0
2 , 0
1079 , 0
2 , 0
127 , 0
75 , 0
66 , 0
300 , 0
1340 , 0
182 , 0
998 , 0
4347 , 0
4537 , 0
955 , 0
1565 , 0
61 , 0
167 , 0
3 , 0
107 , 0
135 , 0
1653 , 0
4 , 0
1 , 0
34 , 0
161 , 0
322 , 0
1 , 0
191 , 0
1 , 0
7 , 0
610 , 0
1 , 0
476 , 0
605 , 0
284 , 0
11 , 0
7 , 0
3288 , 0
341 , 0
38 , 0
7 , 0
15 , 0
1 , 0
25 , 0
865 , 476
141 , 0
4 , 0
50 , 0
24 , 0
5 , 0
8 , 0
481 , 0
391 , 0
31 , 0
5 , 0
494 , 76
1 , 0
18 , 0
121 , 0
3939 , 0
41 , 0
3432 , 0
231 , 0
112 , 0
2987 , 0
802 , 0
5 , 0
4 , 0
2 , 0
78 , 0
5 , 0
509 , 398
85 , 0
2 , 0
11 , 0
63 , 0
2 , 0
491 , 40
388 , 0
1 , 0
47 , 0
206 , 0
4 , 0
1408 , 1002
8705 , 0
1 , 0
18 , 0
9 , 0
69 , 0
5755 , 0
8 , 0
3969 , 0
15 , 0
866 , 478
9241 , 0
20 , 0
642 , 0
128 , 0
84 , 0
1 , 0
15 , 0
9117 , 0
15 , 0
3138 , 2849
1 , 0
151 , 0
3 , 0
140 , 0
1 , 0
781 , 0
172 , 0
16 , 0
465 , 0
107 , 0
47 , 0
2009 , 0
438 , 0
1640 , 0
129 , 0
2356 , 0
25 , 0
5900 , 0
606 , 0
3 , 0
5 , 0
12 , 0
19 , 0
983 , 0
2 , 0
5798 , 0
975 , 570
126 , 0
3 , 0
360 , 0
413 , 0
52 , 0
8 , 0
14 , 0
1291 , 0
32 , 0
2241 , 0
1277 , 0
3 , 0
889 , 0
19 , 0
5045 , 0
5 , 0
1430 , 0
10 , 0
3 , 0
447 , 0
3918 , 0
9937 , 0
355 , 0
240 , 0
26 , 0
8 , 0
3 , 0
326 , 0
512 , 0
5 , 0
32 , 0
46 , 0
3 , 0
8017 , 0
1 , 0
3 , 0
1 , 0
2581 , 0
9078 , 0
144 , 45
18 , 0
1 , 0
2 , 0
1 , 0
198 , 0
1033 , 0
6813 , 6531
1748 , 0
11 , 0
1 , 0
131 , 0
53 , 0
6582 , 0
7 , 0
2488 , 0
127 , 0
93 , 0
1 , 0
9 , 0
3 , 0
2 , 0
431 , 0
1 , 0
4 , 0
39 , 0
16 , 0
1 , 0
1109 , 0
14 , 0
1041 , 0
4 , 0
5539 , 0
11 , 0
180 , 0
14 , 0
3084 , 0
2490 , 0
338 , 0
1 , 0
254 , 0
12 , 0
14 , 0
17 , 0
205 , 0
345 , 0
6070 , 0
70 , 0
3602 , 0
2 , 0
61 , 0
293 , 0
8617 , 0
164 , 0
1484 , 0
46 , 0
407 , 0
5037 , 0
5590 , 0
152 , 0
7 , 0
845 , 0
3 , 0
72 , 0
103 , 0
3780 , 0
237 , 0
3 , 0
21 , 0
5094 , 0
8067 , 0
508 , 0
2756 , 0
1 , 0
348 , 0
2769 , 0
1212 , 0
14 , 0
69 , 0
116 , 0
64 , 0
2211 , 0
2 , 0
344 , 0
2259 , 0
2 , 0
4 , 0
19 , 0
77 , 0
2 , 0
352 , 0
6124 , 0
4456 , 0
1 , 0
954 , 0
3007 , 0
2 , 0
2014 , 0
1653 , 0
542 , 0
1 , 0
1301 , 0
2 , 0
7070 , 0
2 , 0
1195 , 0
1062 , 0
6982 , 0
4718 , 4284
5361 , 0
382 , 0
16 , 0
41 , 0
27 , 0
1 , 0
32 , 0
249 , 0
100 , 0
317 , 0
29 , 0
493 , 0
7 , 0
340 , 0
5 , 0
8 , 0
1 , 0
1140 , 0
1238 , 0
7 , 0
1157 , 0
770 , 0
6019 , 0
86 , 0
1275 , 0
80 , 0
493 , 0
648 , 0
3 , 0
86 , 0
1 , 0
19 , 0
6 , 0
40 , 0
143 , 0
57 , 0
12 , 0
84 , 0
93 , 0
9424 , 0
17 , 0
7 , 0
202 , 0
4 , 0
32 , 0
1 , 0
1163 , 0
2 , 0
3609 , 0
488 , 0
2 , 0
1 , 0
8582 , 0
540 , 0
2 , 0
4 , 0
634 , 0
1874 , 0
321 , 0
3374 , 0
27 , 0
499 , 0
52 , 0
1 , 0
168 , 0
1 , 0
45 , 0
1748 , 0
1 , 0
929 , 552
6629 , 0
88 , 0
7 , 0
1313 , 0
4386 , 0
96 , 0
2 , 0
947 , 0
1 , 0
1160 , 0
688 , 0
129 , 0
1797 , 0
55 , 0
28 , 0
1 , 0
22 , 0
114 , 0
10 , 0
21 , 0
901 , 0
65 , 0
2617 , 0
275 , 196
197 , 0
332 , 0
1307 , 0
173 , 0
213 , 0
21 , 0
137 , 0
6653 , 0
1 , 0
2 , 0
736 , 0
193 , 0
852 , 416
4 , 0
1231 , 0
239 , 0
1 , 0
6696 , 0
698 , 0
2769 , 0
3 , 0
2087 , 0
2776 , 0
9393 , 0
230 , 0
93 , 0
395 , 0
3932 , 0
100 , 0
647 , 0
1 , 0
57 , 0
336 , 0
251 , 0
4 , 0
7 , 0
733 , 0
124 , 0
2 , 0
726 , 337
5 , 0
1034 , 0
80 , 0
462 , 0
750 , 0
1470 , 0
12 , 0
3 , 0
928 , 0
412 , 0
11 , 0
1346 , 0
937 , 0
9454 , 0
56 , 0
942 , 0
1196 , 0
1392 , 0
7545 , 0
1 , 0
525 , 0
350 , 0
37 , 0
14 , 0
2 , 0
7 , 0
5748 , 0
2 , 0
9780 , 0
93 , 0
3262 , 0
83 , 0
1506 , 0
9620 , 0
328 , 0
27 , 0
15 , 0
3 , 0
7 , 0
1563 , 0
4 , 0
66 , 0
2 , 0
2418 , 0
32 , 0
4 , 0
606 , 0
356 , 0
3 , 0
40 , 0
62 , 0
5267 , 0
164 , 0
1 , 0
1 , 0
136 , 0
15 , 0
3 , 0
123 , 0
58 , 0
2557 , 0
3 , 0
3 , 0
6 , 0
1263 , 0
1365 , 0
8938 , 0
974 , 0
16 , 0
1 , 0
36 , 0
199 , 0
111 , 0
3 , 0
2927 , 0
4 , 0
82 , 0
155 , 0
4352 , 0
4925 , 0
120 , 0
9 , 0
7547 , 0
138 , 0
1 , 0
6194 , 0
5047 , 0
775 , 0
6952 , 0
1 , 0
1 , 0
3 , 0
275 , 0
1214 , 0
6111 , 0
1 , 0
11 , 0
4255 , 0
1 , 0
235 , 0
5 , 0
6223 , 0
12 , 0
1 , 0
1 , 0
3112 , 0
27 , 0
34 , 0
4 , 0
1747 , 0
1 , 0
999 , 0
7 , 0
249 , 0
4828 , 0
158 , 0
5 , 0
249 , 0
4 , 0
2039 , 0
2705 , 0
6 , 0
1402 , 0
7 , 0
1 , 0
8 , 0
7241 , 0
915 , 0
4 , 0
2337 , 0
4101 , 0
194 , 0
81 , 0
10 , 0
575 , 0
193 , 0
7343 , 0
3535 , 0
125 , 0
3 , 0
131 , 0
83 , 0
117 , 0
2 , 0
1 , 0
10 , 0
3464 , 0
1 , 0
2515 , 0
22 , 0
1513 , 0
436 , 0
642 , 0
5 , 0
871 , 0
7433 , 0
2 , 0
1 , 0
1 , 0
781 , 0
4297 , 0
291 , 0
4 , 0
16 , 0
4259 , 0
48 , 0
7 , 0
7115 , 0
4330 , 0
14 , 0
216 , 0
13 , 0
1 , 0
1 , 0
9 , 0
18 , 0
554 , 0
352 , 0
5 , 0
710 , 0
23 , 0
6550 , 0
3639 , 0
2047 , 0
1 , 0
5 , 0
3018 , 0
9 , 0
119 , 0
773 , 0
43 , 0
3972 , 0
2024 , 0
1602 , 0
6 , 0
4493 , 0
11 , 0
4 , 0
5 , 0
174 , 0
1 , 0
4869 , 0
1 , 0
100 , 0
1005 , 0
65 , 0
219 , 0
469 , 0
6015 , 0
27 , 0
8 , 0
71 , 0
2290 , 0
14 , 0
19 , 0
6562 , 0
799 , 0
21 , 0
10 , 0
453 , 0
158 , 0
8024 , 0
34 , 0
3 , 0
3240 , 0
543 , 0
65 , 0
7 , 0
1219 , 0
20 , 0
1 , 0
76 , 0
38 , 0
261 , 0
508 , 0
47 , 0
2565 , 0
20 , 0
1 , 0
134 , 0
241 , 0
4 , 0
14 , 0
2 , 0
58 , 0
6136 , 0
1 , 0
82 , 0
47 , 0
10 , 0
3 , 0
5183 , 0
3988 , 0
116 , 0
1 , 0
1 , 0
82 , 0
4559 , 4463
310 , 0
1 , 0
9942 , 0
18 , 0
3846 , 0
173 , 0
16 , 0
996 , 0
1 , 0
5 , 0
272 , 0
4072 , 0
1 , 0
22 , 0
10 , 0
768 , 0
1 , 0
24 , 0
314 , 0
8 , 0
545 , 0
5282 , 0
313 , 0
7893 , 0
1485 , 0
71 , 0
3 , 0
2 , 0
190 , 0
3254 , 0
236 , 0
292 , 0
5765 , 0
5627 , 5286
657 , 0
1 , 0
135 , 0
8 , 0
9 , 0
828 , 449
1553 , 0
579 , 0
3268 , 0
1976 , 0
3031 , 0
115 , 0
4 , 0
1431 , 0
282 , 0
3 , 0
62 , 0
253 , 0
31 , 0
6 , 0
5 , 0
587 , 0
33 , 0
1 , 0
119 , 0
30 , 0
28 , 0
5 , 0
3 , 0
3 , 0
209 , 0
9301 , 0
7064 , 0
3 , 0
336 , 0
9 , 0
3 , 0
1379 , 0
1 , 0
3792 , 0
49 , 0
9427 , 0
1 , 0
1584 , 0
1 , 0
7 , 0
11 , 0
24 , 0
64 , 0
37 , 0
30 , 0
9356 , 0
5 , 0
533 , 0
673 , 0
1 , 0
186 , 0
107 , 0
644 , 0
3095 , 0
17 , 0
175 , 0
110 , 0
567 , 0
5 , 0
3259 , 0
163 , 0
1 , 0
2 , 0
17 , 0
9128 , 0
447 , 0
97 , 0
82 , 0
1249 , 0
5 , 0
363 , 0
210 , 0
4836 , 4761
9 , 0
2 , 0
1 , 0
775 , 0
808 , 0
1092 , 0
223 , 0
991 , 0
7 , 0
38 , 0
300 , 0
505 , 0
298 , 0
1 , 0
5 , 0
128 , 0
2775 , 0
48 , 0
16 , 0
167 , 0
4 , 0
442 , 0
7 , 0
6 , 0
2 , 0
40 , 0
664 , 585
54 , 0
642 , 0
4269 , 0
76 , 0
17 , 0
8867 , 0
222 , 0
39 , 0
1082 , 0
14 , 0
2260 , 0
1364 , 0
5189 , 0
239 , 0
2 , 0
12 , 0
218 , 0
80 , 0
334 , 0
17 , 0
209 , 0
12 , 0
6399 , 0
4502 , 0
1036 , 0
13 , 0
1 , 0
605 , 0
209 , 0
2231 , 0
1141 , 0
203 , 0
11 , 0
1 , 0
2 , 0
1 , 0
17 , 0
4995 , 0
10 , 0
569 , 496
1 , 0
307 , 0
44 , 0
5 , 0
1 , 0
352 , 0
31 , 0
7006 , 0
1 , 0
20 , 0
330 , 0
712 , 0
64 , 0
1 , 0
2 , 0
3 , 0
1003 , 0
9483 , 0
733 , 0
1 , 0
7073 , 0
3667 , 0
1875 , 0
4848 , 0
126 , 0
6 , 0
68 , 0
3158 , 0
58 , 0
1 , 0
7075 , 0
437 , 0
5 , 0
5866 , 0
13 , 0
6787 , 0
2633 , 0
717 , 0
3667 , 0
2 , 0
4124 , 0
1 , 0
249 , 0
6 , 0
4 , 0
1 , 0
2 , 0
5 , 0
5158 , 0
8742 , 0
9 , 0
18 , 0
4 , 0
7 , 0
805 , 0
2 , 0
1639 , 0
90 , 0
398 , 0
1105 , 0
3 , 0
98 , 0
68 , 0
1 , 0
28 , 0
7550 , 0
87 , 0
109 , 0
1018 , 0
3 , 0
10 , 0
1 , 0
1 , 0
249 , 0
2 , 0
3952 , 0
8 , 0
181 , 0
717 , 0
79 , 0
2 , 0
8 , 0
6122 , 0
66 , 0
1385 , 0
216 , 137
64 , 0
6465 , 0
4 , 0
3 , 0
2 , 0
16 , 0
1 , 0
2 , 0
5643 , 0
24 , 0
148 , 0
218 , 0
2042 , 0
5 , 0
104 , 0
163 , 0
48 , 0
1099 , 0
489 , 0
6 , 0
7 , 0
154 , 0
2 , 0
2037 , 0
2485 , 0
5 , 0
1258 , 0
3 , 0
316 , 0
3757 , 0
160 , 0
1 , 0
5 , 0
1318 , 0
66 , 0
134 , 0
15 , 0
163 , 0
1 , 0
6126 , 0
7782 , 0
7794 , 0
442 , 366
782 , 0
15 , 0
379 , 0
886 , 0
80 , 0
7574 , 0
120 , 0
1626 , 0
3 , 0
1357 , 0
126 , 0
17 , 0
4176 , 0
1678 , 0
20 , 0
14 , 0
4571 , 0
130 , 0
3551 , 0
59 , 0
1 , 0
1484 , 0
145 , 0
26 , 0
1 , 0
761 , 0
7741 , 0
6 , 0
2938 , 0
969 , 0
798 , 0
8 , 0
9 , 0
3478 , 0
28 , 0
76 , 0
4 , 0
57 , 0
9 , 0
4 , 0
1 , 0
1 , 0
29 , 0
4 , 0
367 , 0
43 , 0
158 , 95
799 , 0
7461 , 0
6 , 0
1 , 0
26 , 0
1 , 0
74 , 0
294 , 0
5274 , 0
1033 , 0
8 , 0
572 , 0
1052 , 0
9786 , 0
11 , 0
5535 , 0
32 , 0
1 , 0
9 , 0
1 , 0
1 , 0
34 , 0
2629 , 0
2 , 0
45 , 0
8 , 0
531 , 0
22 , 0
6503 , 0
29 , 0
19 , 0
723 , 0
201 , 0
3 , 0
5 , 0
8 , 0
254 , 0
391 , 0
17 , 0
4 , 0
1228 , 0
7 , 0
52 , 0
740 , 0
4581 , 0
1005 , 0
84 , 0
4 , 0
1343 , 0
2 , 0
8879 , 0
2 , 0
23 , 0
23 , 0
132 , 0
13 , 0
2 , 0
2 , 0
312 , 0
2 , 0
23 , 0
2 , 0
452 , 0
102 , 0
30 , 0
111 , 0
2 , 0
219 , 0
1010 , 0
1 , 0
12 , 0
826 , 0
562 , 0
1 , 0
9 , 0
1015 , 0
6504 , 0
2 , 0
5 , 0
445 , 0
988 , 0
78 , 0
167 , 0
1558 , 0
33 , 0
4 , 0
18 , 0
5 , 0
205 , 0
4136 , 0
3 , 0
84 , 0
1 , 0
5 , 0
1561 , 0
371 , 0
147 , 0
5146 , 0
14 , 0
23 , 0
353 , 0
3830 , 0
38 , 0
1002 , 0
1917 , 0
6 , 0
44 , 0
9 , 0
1 , 0
1300 , 0
20 , 0
7983 , 0
3603 , 0
7010 , 0
18 , 0
2986 , 0
112 , 0
2901 , 0
2 , 0
4 , 0
4 , 0
3275 , 0
1 , 0
2442 , 0
2600 , 0
1449 , 0
659 , 0
59 , 0
9 , 0
231 , 149
4 , 0
1 , 0
1447 , 0
2031 , 0
1 , 0
2580 , 0
1 , 0
1664 , 0
8128 , 0
3 , 0
984 , 0
1 , 0
2 , 0
1574 , 0
115 , 0
4 , 0
234 , 0
1 , 0
2942 , 0
5228 , 0
2 , 0
507 , 0
1654 , 0
2 , 0
4 , 0
1078 , 0
3578 , 0
156 , 0
3854 , 0
1 , 0
92 , 0
7457 , 0
1 , 0
66 , 0
188 , 0
16 , 0
3 , 0
1 , 0
5568 , 0
70 , 0
1462 , 0
671 , 0
3569 , 0
5735 , 0
39 , 0
2 , 0
1019 , 0
4 , 0
12 , 0
403 , 40
3 , 0
369 , 0
201 , 0
17 , 0
70 , 0
77 , 0
4 , 0
408 , 0
312 , 0
7 , 0
7211 , 0
74 , 0
4318 , 4245
6143 , 0
333 , 0
1320 , 0
1 , 0
275 , 0
5 , 0
4 , 0
1 , 0
132 , 0
2 , 0
24 , 0
2 , 0
28 , 0
1420 , 0
2884 , 0
505 , 0
1 , 0
1 , 0
526 , 0
7 , 0
5 , 0
2138 , 0
2483 , 0
21 , 0
347 , 0
9428 , 0
1 , 0
2 , 0
76 , 0
32 , 0
477 , 0
97 , 0
11 , 0
1553 , 0
5811 , 0
10 , 0
299 , 2
1 , 0
2 , 0
8132 , 0
2 , 0
344 , 0
263 , 0
115 , 0
5 , 0
5 , 0
1 , 0
539 , 0
15 , 0
8075 , 0
160 , 0
6 , 0
8 , 0
6 , 0
451 , 0
2 , 0
1341 , 0
36 , 0
29 , 0
292 , 0
2 , 0
1 , 0
86 , 0
2 , 0
38 , 0
2419 , 0
1801 , 0
179 , 0
2444 , 2149
167 , 0
1 , 0
1 , 0
2860 , 0
647 , 0
2 , 0
156 , 0
5 , 0
12 , 0
2 , 0
41 , 0
3765 , 0
26 , 0
1407 , 0
94 , 0
1994 , 0
43 , 0
7 , 0
1 , 0
2 , 0
2022 , 0
72 , 0
5 , 0
362 , 0
71 , 0
2392 , 0
1 , 0
2 , 0
64 , 0
2 , 0
20 , 0
26 , 0
79 , 0
2206 , 0
889 , 0
4788 , 4521
154 , 0
22 , 0
119 , 0
1 , 0
2 , 0
3539 , 0
62 , 0
8 , 0
7060 , 0
775 , 0
745 , 0
8 , 0
9182 , 0
12 , 0
8742 , 0
191 , 0
912 , 0
52 , 0
1 , 0
1 , 0
2010 , 1691
16 , 0
23 , 0
2705 , 0
2 , 0
39 , 0
715 , 0
4 , 0
1222 , 911
1 , 0
27 , 0
116 , 0
1 , 0
197 , 0
7 , 0
1 , 0
597 , 0
8629 , 0
1 , 0
5714 , 0
1 , 0
5713 , 0
513 , 0
919 , 0
2 , 0
1129 , 0
2 , 0
3 , 0
2 , 0
1039 , 0
289 , 0
1 , 0
1825 , 0
383 , 0
1 , 0
5 , 0
9600 , 0
440 , 0
8024 , 0
413 , 0
3 , 0
9 , 0
68 , 0
4539 , 0
16 , 0
4 , 0
5 , 0
26 , 0
1 , 0
4374 , 0
3204 , 0
1057 , 738
44 , 0
1 , 0
1 , 0
3518 , 0
314 , 0
245 , 0
842 , 0
14 , 0
9 , 0
130 , 0
1 , 0
1 , 0
30 , 0
18 , 0
637 , 0
23 , 0
83 , 0
1 , 0
1 , 0
1 , 0
1 , 0
16 , 0
1155 , 0
751 , 0
48 , 0
1131 , 0
32 , 0
5015 , 0
131 , 0
929 , 0
2 , 0
4 , 0
3243 , 0
2736 , 0
195 , 0
863 , 551
192 , 0
4 , 0
171 , 0
22 , 0
5224 , 0
318 , 0
26 , 0
213 , 0
4 , 0
57 , 0
84 , 0
9096 , 0
56 , 0
2092 , 0
3176 , 0
1 , 0
2101 , 0
2360 , 0
983 , 0
1 , 0
10 , 0
15 , 0
42 , 0
2774 , 0
4 , 0
1679 , 0
1086 , 0
97 , 0
38 , 0
2584 , 0
2 , 0
110 , 0
914 , 0
7379 , 0
1206 , 1000
12 , 0
44 , 0
532 , 0
1 , 0
19 , 0
6323 , 0
3 , 0
99 , 0
8273 , 0
8 , 0
35 , 0
50 , 0
625 , 0
2924 , 0
2 , 0
21 , 0
1 , 0
2 , 0
72 , 0
47 , 0
7 , 0
915 , 0
617 , 0
3 , 0
2 , 0
2926 , 0
2629 , 2373
3 , 0
16 , 0
16 , 0
7647 , 0
6 , 0
77 , 0
1 , 0
146 , 0
150 , 0
2 , 0
908 , 0
29 , 0
2 , 0
2 , 0
1501 , 0
50 , 0
207 , 0
1233 , 0
19 , 0
1 , 0
333 , 0
13 , 0
68 , 0
1 , 0
40 , 0
7 , 0
88 , 0
94 , 0
133 , 0
718 , 0
105 , 0
8352 , 0
65 , 0
1 , 0
9695 , 0
3 , 0
293 , 0
10 , 0
4 , 0
6512 , 0
360 , 0
11 , 0
108 , 0
5 , 0
8 , 0
538 , 0
17 , 0
14 , 0
48 , 0
10 , 0
2 , 0
23 , 0
924 , 0
1684 , 0
4 , 0
2384 , 0
2402 , 0
6 , 0
108 , 0
7890 , 0
8707 , 0
104 , 0
1 , 0
2087 , 0
212 , 0
1087 , 0
4468 , 0
1 , 0
2 , 0
248 , 0
1714 , 0
12 , 0
197 , 0
29 , 0
27 , 0
17 , 0
1216 , 0
7 , 0
1743 , 0
737 , 0
4164 , 0
4 , 0
1 , 0
7 , 0
241 , 0
3 , 0
5 , 0
386 , 0
3052 , 0
2 , 0
14 , 0
27 , 0
909 , 0
4 , 0
7479 , 0
2 , 0
10 , 0
519 , 0
254 , 0
78 , 0
1204 , 0
10 , 0
4 , 0
1943 , 0
60 , 0
1417 , 0
1178 , 0
18 , 0
35 , 0
2653 , 0
1 , 0
189 , 0
34 , 0
1467 , 0
1 , 0
1381 , 0
54 , 0
841 , 0
5 , 0
47 , 0
120 , 0
6 , 0
3 , 0
8573 , 0
10 , 0
35 , 0
130 , 0
25 , 0
39 , 0
8 , 0
1 , 0
1 , 0
281 , 0
13 , 0
6124 , 6064
243 , 0
8853 , 0
6 , 0
1229 , 0
1701 , 0
22 , 0
2840 , 0
6 , 0
1 , 0
1 , 0
749 , 0
7957 , 0
6197 , 0
2 , 0
3 , 0
362 , 0
122 , 0
60 , 0
3 , 0
6500 , 0
104 , 0
2 , 0
5 , 0
111 , 0
1 , 0
6 , 0
27 , 0
4603 , 0
2 , 0
1626 , 0
8377 , 0
6716 , 0
2 , 0
2396 , 0
44 , 0
1560 , 0
5 , 0
6845 , 0
29 , 0
1 , 0
424 , 0
1 , 0
3 , 0
4135 , 0
132 , 0
44 , 0
210 , 0
6 , 0
7 , 0
216 , 0
75 , 0
219 , 0
52 , 0
19 , 0
33 , 0
82 , 0
1065 , 0
506 , 230
724 , 0
156 , 0
8057 , 0
6170 , 0
1 , 0
4 , 0
1 , 0
1115 , 0
2890 , 0
1 , 0
538 , 0
20 , 0
38 , 0
178 , 0
1 , 0
1 , 0
9 , 0
99 , 0
5870 , 0
11 , 0
8424 , 0
216 , 0
292 , 0
3 , 0
361 , 0
116 , 0
12 , 0
21 , 0
73 , 0
803 , 0
41 , 0
5328 , 0
1 , 0
106 , 0
5 , 0
1834 , 0
1 , 0
687 , 0
4212 , 0
7119 , 6840
1671 , 0
1179 , 0
153 , 0
81 , 0
110 , 0
3675 , 0
3 , 0
4243 , 0
105 , 0
21 , 0
1 , 0
3322 , 0
140 , 0
53 , 0
601 , 0
2 , 0
5334 , 0
1778 , 0
10 , 0
121 , 0
3280 , 0
648 , 0
9 , 0
2 , 0
357 , 0
1010 , 0
13 , 0
3563 , 0
19 , 0
6 , 0
9223 , 0
125 , 0
236 , 0
8247 , 0
68 , 0
4 , 0
1 , 0
2 , 0
232 , 0
981 , 0
20 , 0
29 , 0
2052 , 0
2 , 0
359 , 0
123 , 0
21 , 0
155 , 0
1766 , 0
2 , 0
3439 , 0
9 , 0
40 , 0
20 , 0
1 , 0
1 , 0
77 , 0
42 , 0
2273 , 0
1086 , 0
155 , 0
9 , 0
127 , 0
9 , 0
23 , 0
100 , 0
8 , 0
170 , 0
7849 , 0
84 , 0
1 , 0
1480 , 0
4 , 0
98 , 0
3 , 0
65 , 0
3158 , 0
2 , 0
56 , 0
2 , 0
27 , 0
859 , 0
1 , 0
7 , 0
19 , 0
607 , 548
2 , 0
7 , 0
3800 , 0
26 , 0
522 , 0
187 , 0
9 , 0
2137 , 0
4 , 0
1 , 0
2251 , 0
126 , 0
865 , 0
2 , 0
9 , 0
1259 , 0
198 , 0
12 , 0
1 , 0
1 , 0
1 , 0
4098 , 0
3 , 0
189 , 0
5 , 0
17 , 0
7528 , 0
781 , 0
23 , 0
1803 , 0
4 , 0
11 , 0
4899 , 0
372 , 0
32 , 0
1 , 0
447 , 0
168 , 110
1612 , 0
71 , 0
93 , 0
20 , 0
15 , 0
1 , 0
287 , 0
14 , 0
29 , 0
16 , 0
1875 , 0
211 , 0
2 , 0
961 , 0
6 , 0
8 , 0
306 , 0
4 , 0
1 , 0
11 , 0
3 , 0
17 , 0
249 , 0
114 , 0
52 , 0
20 , 0
2808 , 0
118 , 0
257 , 0
1 , 0
630 , 359
7 , 0
2 , 0
1 , 0
73 , 0
94 , 0
140 , 0
553 , 0
149 , 0
1 , 0
6589 , 0
3258 , 0
6092 , 0
269 , 0
4168 , 0
1090 , 0
415 , 0
47 , 0
1 , 0
343 , 0
1 , 0
4 , 0
5640 , 0
22 , 0
29 , 0
54 , 0
2852 , 0
8183 , 0
3856 , 0
7837 , 0
5 , 0
1 , 0
547 , 0
12 , 0
249 , 0
141 , 0
75 , 0
2 , 0
7 , 0
593 , 0
574 , 0
5531 , 0
288 , 0
9487 , 0
17 , 0
10 , 0
28 , 0
9243 , 0
274 , 0
479 , 0
476 , 0
34 , 0
62 , 0
7508 , 0
1 , 0
84 , 0
13 , 0
713 , 0
224 , 0
1 , 0
330 , 0
171 , 0
1435 , 0
190 , 0
2288 , 0
2717 , 0
3 , 0
278 , 221
1 , 0
17 , 0
8 , 0
112 , 0
4 , 0
18 , 0
5967 , 5751
1 , 0
146 , 0
5945 , 0
1 , 0
2 , 0
1 , 0
3085 , 0
17 , 0
5 , 0
9 , 0
1579 , 0
220 , 0
729 , 0
6 , 0
2 , 0
6 , 0
1050 , 0
93 , 0
5 , 0
1 , 0
2 , 0
2 , 0
1 , 0
2 , 0
63 , 0
2 , 0
994 , 0
8555 , 0
9 , 0
33 , 0
2 , 0
5 , 0
2 , 0
1 , 0
8676 , 0
5784 , 0
22 , 0
550 , 316
75 , 0
6967 , 0
1071 , 0
6 , 0
178 , 0
12 , 0
1 , 0
7 , 0
46 , 0
24 , 0
3654 , 0
2 , 0
78 , 0
1 , 0
6508 , 0
10 , 0
1777 , 0
5709 , 0
96 , 0
1434 , 0
115 , 0
1 , 0
11 , 0
3607 , 0
1 , 0
1377 , 1326
2 , 0
165 , 0
65 , 0
579 , 0
7 , 0
3 , 0
2678 , 0
1 , 0
1 , 0
8 , 0
9 , 0
3298 , 3246
121 , 0
737 , 0
2 , 0
5 , 0
361 , 0
23 , 0
1 , 0
3 , 0
4216 , 0
2 , 0
8 , 0
1903 , 0
4 , 0
1 , 0
34 , 0
155 , 0
3 , 0
74 , 0
355 , 0
2969 , 0
3 , 0
1294 , 1025
3 , 0
49 , 0
1073 , 0
791 , 0
2 , 0
715 , 0
6 , 0
41 , 0
9710 , 0
468 , 0
1 , 0
5390 , 0
26 , 0
1305 , 0
501 , 0
13 , 0
16 , 0
4768 , 0
1541 , 0
3072 , 0
3266 , 0
1 , 0
11 , 0
339 , 0
82 , 0
5 , 0
851 , 0
10 , 0
3992 , 0
95 , 0
220 , 0
32 , 0
589 , 0
938 , 0
139 , 0
325 , 0
48 , 0
4556 , 0
7 , 0
18 , 0
5692 , 0
58 , 0
2 , 0
176 , 0
1778 , 0
7 , 0
323 , 0
259 , 0
3101 , 0
2125 , 0
3 , 0
745 , 0
1 , 0
10 , 0
3964 , 0
3 , 0
2 , 0
2 , 0
5 , 0
3727 , 0
8403 , 0
6032 , 0
102 , 0
58 , 0
1 , 0
189 , 0
5 , 0
281 , 0
5 , 0
1 , 0
2646 , 0
35 , 0
377 , 0
47 , 0
5397 , 0
32 , 0
3031 , 0
634 , 0
1908 , 0
6 , 0
151 , 0
2 , 0
31 , 0
1 , 0
20 , 0
2949 , 0
16 , 0
32 , 0
2368 , 0
29 , 0
74 , 0
15 , 0
471 , 0
19 , 0
22 , 0
9437 , 0
5662 , 0
354 , 0
83 , 0
5 , 0
1 , 0
1 , 0
28 , 0
2012 , 1959
8029 , 0
751 , 0
1 , 0
230 , 0
19 , 0
70 , 0
9 , 0
39 , 0
9 , 0
8710 , 0
14 , 0
2555 , 2315
109 , 0
54 , 0
2 , 0
4 , 0
6 , 0
1594 , 0
1188 , 0
1823 , 0
117 , 0
98 , 0
737 , 0
11 , 0
1 , 0
5719 , 0
56 , 0
5 , 0
4 , 0
203 , 0
4 , 0
132 , 0
670 , 0
155 , 0
1 , 0
271 , 0
1490 , 0
716 , 0
1 , 0
19 , 0
2 , 0
1 , 0
1 , 0
541 , 0
1 , 0
86 , 0
49 , 0
58 , 0
125 , 0
11 , 0
8157 , 0
5 , 0
5 , 0
151 , 0
10 , 0
46 , 0
1 , 0
1002 , 0
107 , 0
33 , 0
1 , 0
1 , 0
5 , 0
458 , 0
1125 , 0
1050 , 0
2 , 0
7001 , 0
23 , 0
58 , 0
27 , 0
90 , 0
938 , 0
35 , 0
563 , 0
62 , 0
61 , 0
1 , 0
8 , 0
141 , 0
66 , 0
9575 , 0
383 , 0
3754 , 0
249 , 0
8606 , 0
14 , 0
2 , 0
9 , 0
287 , 0
266 , 0
1 , 0
4 , 0
287 , 0
15 , 0
1 , 0
2083 , 0
20 , 0
4809 , 0
7 , 0
22 , 0
70 , 0
1 , 0
1 , 0
4209 , 0
51 , 0
54 , 0
1540 , 0
2688 , 0
1552 , 0
7560 , 0
7481 , 0
70 , 0
7589 , 0
5046 , 4842
1 , 0
27 , 0
14 , 0
1 , 0
1308 , 0
43 , 0
8622 , 0
435 , 0
812 , 0
2196 , 0
18 , 0
13 , 0
2 , 0
1 , 0
323 , 0
298 , 0
2 , 0
2 , 0
1 , 0
4 , 0
9433 , 0
3819 , 0
178 , 0
8919 , 0
3 , 0
90 , 0
88 , 0
9 , 0
58 , 0
379 , 0
356 , 0
119 , 0
5 , 0
570 , 0
11 , 0
360 , 0
86 , 0
11 , 0
2 , 0
1701 , 0
26 , 0
1603 , 0
17 , 0
5 , 0
129 , 0
2 , 0
16 , 0
655 , 0
5 , 0
3 , 0
2485 , 0
2640 , 0
64 , 0
1209 , 0
5350 , 0
2 , 0
1525 , 0
15 , 0
3737 , 0
8 , 0
4909 , 0
524 , 0
4 , 0
1 , 0
3 , 0
1537 , 0
2 , 0
32 , 0
1155 , 0
8975 , 0
2 , 0
1574 , 0
7705 , 7473
4 , 0
1354 , 0
3 , 0
124 , 0
18 , 0
39 , 0
1 , 0
3 , 0
1348 , 0
1 , 0
11 , 0
1527 , 0
1348 , 0
1 , 0
41 , 0
1065 , 0
3 , 0
2360 , 0
3 , 0
29 , 0
2524 , 0
3465 , 0
497 , 0
215 , 0
8 , 0
1 , 0
840 , 0
1 , 0
5131 , 5078
5671 , 0
5 , 0
1 , 0
1 , 0
3427 , 0
10 , 0
8932 , 0
909 , 0
156 , 111
47 , 0
3923 , 0
2860 , 0
1 , 0
2 , 0
265 , 0
3746 , 0
8 , 0
26 , 0
830 , 0
374 , 0
302 , 0
196 , 0
2 , 0
6111 , 0
30 , 0
2 , 0
10 , 0
2 , 0
154 , 0
9 , 0
12 , 0
462 , 0
9466 , 0
6 , 0
2377 , 0
2131 , 0
7 , 0
967 , 0
3933 , 0
1036 , 0
46 , 0
1 , 0
212 , 0
28 , 0
8 , 0
102 , 0
942 , 0
951 , 0
1 , 0
573 , 0
1 , 0
346 , 0
1 , 0
21 , 0
10 , 0
16 , 0
1 , 0
1 , 0
291 , 0
1122 , 0
9674 , 0
3281 , 0
3 , 0
10 , 0
2 , 0
5 , 0
3022 , 0
2528 , 0
9 , 0
1244 , 0
283 , 0
81 , 0
65 , 0
8008 , 0
5 , 0
258 , 0
9216 , 0
756 , 0
423 , 0
2998 , 0
18 , 0
109 , 0
1 , 0
2683 , 0
8 , 0
333 , 0
456 , 0
256 , 0
6239 , 0
82 , 0
873 , 0
3 , 0
2 , 0
2 , 0
1071 , 0
140 , 0
1981 , 0
12 , 0
7 , 0
1 , 0
336 , 0
3725 , 0
62 , 0
8 , 0
1 , 0
71 , 0
3 , 0
1 , 0
3 , 0
370 , 0
18 , 0
18 , 0
33 , 0
971 , 0
35 , 0
50 , 0
2261 , 0
12 , 0
1 , 0
68 , 0
104 , 0
7 , 0
4052 , 0
1049 , 0
1 , 0
53 , 0
24 , 0
19 , 0
4 , 0
327 , 0
1302 , 0
445 , 0
61 , 0
249 , 0
5 , 0
49 , 0
1 , 0
962 , 0
1324 , 0
1168 , 0
63 , 0
361 , 0
56 , 0
9 , 0
3 , 0
27 , 0
925 , 708
19 , 0
568 , 0
12 , 0
618 , 0
90 , 0
9 , 0
1014 , 0
91 , 0
28 , 0
9194 , 0
592 , 541
6 , 0
216 , 0
2 , 0
1591 , 0
1691 , 0
78 , 0
2840 , 0
397 , 0
2968 , 0
1311 , 0
109 , 0
7087 , 0
28 , 0
1 , 0
93 , 0
6 , 0
1 , 0
2892 , 0
1173 , 1130
240 , 0
226 , 0
296 , 0
569 , 0
1 , 0
329 , 0
3476 , 0
5294 , 0
8 , 0
27 , 0
602 , 0
2 , 0
1758 , 0
53 , 0
17 , 0
91 , 0
3 , 0
402 , 360
396 , 0
2136 , 0
7254 , 0
33 , 0
66 , 0
91 , 0
7054 , 0
1763 , 0
802 , 0
4263 , 0
263 , 0
9615 , 0
1 , 0
934 , 0
316 , 0
243 , 0
21 , 0
1 , 0
201 , 0
3806 , 0
1 , 0
3 , 0
4864 , 0
147 , 0
196 , 0
8 , 0
3 , 0
481 , 0
620 , 0
75 , 0
1 , 0
145 , 0
15 , 0
147 , 0
15 , 0
1 , 0
1617 , 0
4 , 0
2 , 0
2 , 0
806 , 0
4 , 0
4098 , 0
8154 , 8109
11 , 0
8 , 0
17 , 0
6448 , 0
48 , 0
4 , 0
1 , 0
6 , 0
4509 , 0
9 , 0
176 , 0
82 , 0
4392 , 0
28 , 0
1702 , 0
4 , 0
18 , 0
8 , 0
2 , 0
6 , 0
2509 , 0
1 , 0
353 , 0
60 , 0
34 , 0
233 , 0
1503 , 0
3 , 0
7594 , 0
62 , 0
3 , 0
3152 , 0
7 , 0
5965 , 5920
7 , 0
13 , 0
5024 , 0
4 , 0
6 , 0
86 , 0
30 , 0
1497 , 0
323 , 0
1 , 0
8363 , 0
1881 , 0
2 , 0
33 , 0
24 , 0
4405 , 4196
984 , 939
55 , 0
1 , 0
383 , 0
2 , 0
6 , 0
240 , 38
2763 , 0
106 , 0
2074 , 0
27 , 0
4653 , 0
8 , 0
41 , 0
2 , 0
560 , 0
7 , 0
7363 , 7319
2 , 0
73 , 0
9 , 0
2 , 0
1 , 0
187 , 0
1986 , 0
1 , 0
31 , 0
209 , 0
72 , 0
181 , 0
76 , 0
26 , 0
1256 , 0
1 , 0
631 , 0
482 , 0
1241 , 0
173 , 0
1835 , 0
1 , 0
543 , 0
1 , 0
404 , 0
27 , 0
2 , 0
65 , 0
100 , 0
4 , 0
4973 , 0
8 , 0
152 , 0
2 , 0
9 , 0
3233 , 0
283 , 0
228 , 0
37 , 0
76 , 0
1928 , 0
1 , 0
1991 , 0
1 , 0
21 , 0
5868 , 0
15 , 0
1 , 0
2 , 0
5 , 0
646 , 0
40 , 0
4510 , 0
400 , 0
2 , 0
2 , 0
1354 , 0
5 , 0
60 , 0
308 , 0
59 , 0
17 , 0
94 , 0
4 , 0
420 , 0
5 , 0
1 , 0
18 , 0
2 , 0
3886 , 0
34 , 0
2 , 0
7 , 0
9 , 0
899 , 0
946 , 0
3 , 0
473 , 0
476 , 0
688 , 0
1 , 0
2 , 0
18 , 0
12 , 0
69 , 0
70 , 0
19 , 0
3815 , 3653
1 , 0
3 , 0
1 , 0
33 , 0
2 , 0
1211 , 0
1 , 0
63 , 0
116 , 0
281 , 0
15 , 0
2 , 0
4939 , 4774
8518 , 0
3527 , 0
5 , 0
1424 , 0
234 , 0
3 , 0
278 , 0
4444 , 0
24 , 0
5543 , 0
2 , 0
101 , 0
871 , 0
176 , 0
20 , 0
9757 , 0
5 , 0
578 , 0
3 , 0
2600 , 2408
2 , 0
17 , 0
6287 , 0
1627 , 0
1 , 0
7257 , 0
60 , 0
7 , 0
8 , 0
5 , 0
117 , 0
17 , 0
107 , 0
1394 , 0
1 , 0
5 , 0
2 , 0
81 , 0
2943 , 0
13 , 0
670 , 0
8584 , 0
246 , 0
5 , 0
8339 , 0
3272 , 0
25 , 0
4 , 0
373 , 0
65 , 0
14 , 0
4870 , 0
3 , 0
10 , 0
1585 , 0
276 , 0
5611 , 0
33 , 0
1376 , 0
322 , 0
512 , 0
22 , 0
312 , 0
3 , 0
27 , 0
931 , 0
9415 , 0
6249 , 0
86 , 0
2 , 0
2973 , 0
563 , 0
1963 , 0
2598 , 0
2 , 0
2 , 0
703 , 663
736 , 0
1952 , 0
2 , 0
166 , 0
9 , 0
188 , 0
1235 , 0
3211 , 0
240 , 0
4 , 0
6 , 0
8791 , 0
42 , 0
9 , 0
560 , 0
590 , 0
5 , 0
252 , 0
17 , 0
15 , 0
47 , 0
1804 , 0
5 , 0
3476 , 0
39 , 0
451 , 0
92 , 0
218 , 0
254 , 0
1 , 0
10 , 0
2 , 0
437 , 0
3929 , 0
4 , 0
169 , 0
435 , 0
1 , 0
33 , 0
1180 , 0
2528 , 0
9 , 0
1107 , 0
139 , 0
840 , 0
7109 , 0
1 , 0
2671 , 0
3 , 0
9537 , 0
215 , 0
6 , 0
1288 , 0
1320 , 0
8 , 0
4078 , 0
218 , 0
5 , 0
2 , 0
193 , 0
1 , 0
3 , 0
7 , 0
97 , 0
3794 , 0
1 , 0
11 , 0
106 , 0
1 , 0
2 , 0
1 , 0
3 , 0
4 , 0
143 , 0
61 , 0
3 , 0
1 , 0
362 , 0
2 , 0
55 , 0
219 , 0
343 , 0
41 , 0
266 , 0
65 , 0
1 , 0
19 , 0
3311 , 0
265 , 0
10 , 0
7740 , 0
48 , 0
4600 , 0
1708 , 0
574 , 0
446 , 0
1 , 0
6 , 0
366 , 0
330 , 0
353 , 0
109 , 0
1337 , 0
1 , 0
7035 , 0
46 , 0
1 , 0
5 , 0
12 , 0
2 , 0
2501 , 0
6008 , 5981
1 , 0
429 , 0
8821 , 0
34 , 0
777 , 739
267 , 0
1 , 0
2216 , 0
747 , 0
34 , 0
4013 , 0
1068 , 0
2 , 0
159 , 0
6 , 0
25 , 0
2497 , 0
1371 , 0
2 , 0
1427 , 0
9908 , 0
70 , 0
1565 , 0
1 , 0
2566 , 0
26 , 0
378 , 0
1 , 0
1 , 0
2 , 0
153 , 0
93 , 0
42 , 0
1 , 0
22 , 0
6 , 0
1937 , 0
10 , 0
5738 , 0
27 , 0
4 , 0
1651 , 0
4410 , 0
6 , 0
271 , 0
1 , 0
3721 , 3572
25 , 0
4 , 0
303 , 0
20 , 0
88 , 0
7010 , 0
1 , 0
6065 , 0
175 , 0
2738 , 0
4377 , 0
131 , 0
17 , 0
7071 , 0
1 , 0
1752 , 0
197 , 0
2226 , 2191
24 , 0
14 , 0
2 , 0
4 , 0
9531 , 0
129 , 0
146 , 112
2390 , 0
850 , 0
187 , 0
3 , 0
160 , 0
151 , 0
42 , 0
2050 , 0
69 , 26
9 , 0
1787 , 0
23 , 0
1055 , 0
1 , 0
132 , 0
24 , 0
1 , 0
1241 , 0
22 , 0
4424 , 0
731 , 0
190 , 0
38 , 0
4 , 0
9427 , 9272
13 , 0
26 , 0
6 , 0
492 , 0
1117 , 0
3 , 0
5 , 0
1 , 0
1380 , 0
370 , 0
5 , 0
53 , 0
1011 , 0
1 , 0
10 , 0
59 , 0
640 , 0
2463 , 2322
464 , 0
3 , 0
42 , 0
1865 , 0
1285 , 0
1837 , 0
5964 , 0
1 , 0
33 , 0
243 , 0
293 , 0
2003 , 0
7 , 0
13 , 0
26 , 0
4 , 0
7 , 0
3 , 0
4 , 0
2 , 0
618 , 0
1 , 0
214 , 0
10 , 0
7648 , 0
26 , 0
16 , 0
4545 , 0
12 , 0
1132 , 0
1 , 0
42 , 0
1 , 0
770 , 0
819 , 0
1 , 0
126 , 0
67 , 0
203 , 0
34 , 0
825 , 0
712 , 0
1025 , 0
193 , 0
45 , 0
6890 , 0
29 , 0
3686 , 0
1 , 0
159 , 0
863 , 0
2 , 0
9 , 0
153 , 0
2 , 0
184 , 156
154 , 0
2 , 0
2439 , 0
27 , 0
64 , 0
1 , 0
747 , 0
293 , 0
112 , 0
4 , 0
1754 , 0
92 , 0
153 , 0
21 , 0
284 , 0
1058 , 0
160 , 0
1098 , 0
28 , 0
8681 , 0
14 , 0
1 , 0
2223 , 0
1 , 0
8946 , 0
44 , 0
2217 , 0
743 , 0
1 , 0
6919 , 0
3 , 0
42 , 0
193 , 0
2 , 0
45 , 0
30 , 0
277 , 247
4 , 0
5303 , 5152
628 , 0
9533 , 0
2 , 0
1 , 0
6 , 0
2 , 0
3197 , 0
13 , 0
552 , 0
5602 , 0
8160 , 0
110 , 0
80 , 0
3 , 0
3 , 0
7 , 0
139 , 0
11 , 0
2197 , 0
31 , 0
1 , 0
3 , 0
1 , 0
223 , 0
162 , 0
1 , 0
24 , 0
4757 , 0
35 , 0
4650 , 0
5 , 0
2 , 0
22 , 0
2071 , 0
452 , 0
9106 , 0
4 , 0
6486 , 0
192 , 0
2827 , 0
2 , 0
2 , 0
2 , 0
1327 , 0
1 , 0
35 , 0
334 , 0
8 , 0
42 , 0
3333 , 0
3235 , 0
2 , 0
1258 , 0
1355 , 1219
3592 , 3457
106 , 0
9488 , 0
88 , 0
59 , 0
4 , 0
935 , 0
6721 , 0
3909 , 0
1187 , 0
593 , 0
2133 , 0
3 , 0
388 , 0
67 , 0
3 , 0
1 , 0
214 , 0
552 , 0
7774 , 0
11 , 0
4576 , 0
1 , 0
4 , 0
139 , 0
3 , 0
24 , 0
2 , 0
64 , 0
104 , 0
1 , 0
2 , 0
17 , 0
159 , 60
5767 , 0
2 , 0
9598 , 0
448 , 0
61 , 0
24 , 0
2 , 0
2 , 0
5 , 0
19 , 0
1 , 0
4 , 0
7 , 0
8608 , 0
1149 , 0
8 , 0
1756 , 0
8 , 0
29 , 0
1619 , 0
69 , 0
7849 , 0
72 , 0
1253 , 0
6345 , 0
13 , 0
1836 , 0
306 , 0
59 , 0
21 , 0
826 , 0
177 , 0
70 , 0
179 , 0
673 , 0
16 , 0
3 , 0
24 , 0
2 , 0
13 , 0
2572 , 0
3 , 0
554 , 0
435 , 0
2 , 0
18 , 0
3714 , 0
28 , 0
15 , 0
4 , 0
590 , 0
950 , 0
652 , 0
105 , 0
1 , 0
7348 , 0
332 , 0
4 , 0
705 , 0
3 , 0
131 , 0
55 , 0
393 , 0
2188 , 2054
230 , 0
71 , 0
603 , 0
387 , 0
7 , 0
41 , 0
2 , 0
41 , 0
2 , 0
1 , 0
6294 , 0
15 , 0
8 , 0
1654 , 0
370 , 0
193 , 0
35 , 0
36 , 0
12 , 0
8 , 0
359 , 0
8693 , 0
2720 , 0
6655 , 0
78 , 0
916 , 0
477 , 0
6859 , 0
338 , 0
7350 , 0
976 , 0
26 , 0
67 , 0
2533 , 0
1 , 0
268 , 0
306 , 0
5 , 0
2 , 0
3657 , 0
1 , 0
8 , 0
219 , 0
291 , 0
168 , 0
871 , 0
519 , 0
2006 , 0
116 , 0
2 , 0
765 , 0
2 , 0
3 , 0
28 , 0
3 , 0
265 , 0
261 , 0
906 , 0
3 , 0
78 , 0
856 , 0
2 , 0
1226 , 0
3 , 0
13 , 0
136 , 0
2209 , 0
31 , 0
874 , 0
1 , 0
6316 , 0
4 , 0
9 , 0
32 , 0
3 , 0
25 , 0
22 , 0
5 , 0
22 , 0
897 , 0
1 , 0
2376 , 0
33 , 0
92 , 0
5 , 0
270 , 163
5 , 0
1 , 0
416 , 0
40 , 0
1 , 0
3377 , 0
1 , 0
282 , 0
2 , 0
6539 , 0
65 , 0
37 , 0
13 , 0
1 , 0
3944 , 0
9 , 0
1 , 0
84 , 0
3 , 0
118 , 0
2195 , 0
856 , 0
5 , 0
1357 , 0
7 , 0
28 , 0
23 , 0
31 , 0
44 , 0
3604 , 0
698 , 0
7 , 0
6146 , 0
478 , 0
14 , 0
934 , 0
755 , 0
12 , 0
1 , 0
1 , 0
2 , 0
327 , 0
7 , 0
4 , 0
3860 , 0
6016 , 0
4158 , 0
18 , 0
2275 , 0
1068 , 0
1036 , 0
3935 , 3836
16 , 0
456 , 0
1231 , 0
63 , 0
2421 , 0
3067 , 0
3 , 0
207 , 0
83 , 0
352 , 0
4 , 0
7 , 0
5 , 0
5 , 0
60 , 0
264 , 0
495 , 0
2 , 0
123 , 0
1054 , 0
63 , 0
2 , 0
36 , 0
4 , 0
65 , 0
1 , 0
3514 , 0
11 , 0
67 , 0
1 , 0
136 , 0
416 , 0
2 , 0
1775 , 0
4655 , 0
8 , 0
3884 , 0
2213 , 0
3857 , 0
2460 , 0
2 , 0
36 , 0
126 , 0
53 , 0
52 , 0
1 , 0
8426 , 0
440 , 0
56 , 0
9 , 0
365 , 0
539 , 0
5 , 0
9830 , 9807
35 , 0
5 , 0
7 , 0
184 , 0
9738 , 0
1955 , 0
8727 , 0
3050 , 0
2 , 0
66 , 0
1 , 0
86 , 0
2 , 0
30 , 0
11 , 0
4 , 0
681 , 0
2236 , 0
6 , 0
500 , 0
291 , 0
1 , 0
138 , 0
6703 , 0
731 , 0
59 , 0
1 , 0
4 , 0
1979 , 0
4 , 0
19 , 0
2525 , 0
48 , 0
2 , 0
28 , 0
505 , 0
1 , 0
12 , 0
2272 , 0
1 , 0
2819 , 0
7 , 0
12 , 0
1 , 0
21 , 0
6003 , 0
3260 , 0
160 , 0
23 , 0
7 , 0
130 , 0
1631 , 0
49 , 0
98 , 0
19 , 0
20 , 0
376 , 0
11 , 0
2510 , 0
93 , 0
1330 , 0
1093 , 0
1 , 0
4084 , 0
2 , 0
6 , 0
1 , 0
9615 , 0
1 , 0
209 , 0
4 , 0
32 , 0
9842 , 0
3 , 0
1773 , 0
25 , 6
829 , 0
72 , 0
184 , 0
1218 , 0
180 , 0
52 , 0
1921 , 0
158 , 0
328 , 0
119 , 0
29 , 0
4903 , 0
1049 , 0
1 , 0
1 , 0
551 , 0
47 , 0
14 , 0
8 , 0
1 , 0
4 , 0
29 , 0
5671 , 0
2 , 0
3347 , 0
3390 , 0
153 , 0
1115 , 0
1 , 0
2 , 0
1657 , 0
9 , 0
550 , 0
7723 , 0
245 , 0
3 , 0
585 , 0
1 , 0
5180 , 0
14 , 0
5688 , 0
55 , 0
7 , 0
159 , 0
1997 , 0
2 , 0
5 , 0
7520 , 0
156 , 0
77 , 0
6797 , 0
404 , 0
3743 , 0
687 , 0
3 , 0
16 , 0
126 , 0
52 , 0
3639 , 3616
531 , 0
3387 , 0
1 , 0
96 , 0
81 , 0
720 , 0
2 , 0
5 , 0
1358 , 0
32 , 0
2561 , 0
9424 , 0
23 , 0
26 , 0
5763 , 0
3 , 0
790 , 0
2 , 0
20 , 0
10 , 0
915 , 0
370 , 0
203 , 0
4 , 0
120 , 0
3 , 0
2 , 0
24 , 0
8010 , 0
1361 , 0
8 , 0
233 , 0
6 , 0
3 , 0
5 , 0
43 , 0
3301 , 0
5731 , 0
857 , 0
2211 , 0
614 , 0
4106 , 0
38 , 0
133 , 108
609 , 0
82 , 0
166 , 0
9 , 0
6495 , 0
151 , 0
40 , 0
4 , 0
4 , 0
3 , 0
2 , 0
1 , 0
9 , 0
2409 , 0
7928 , 0
14 , 0
175 , 0
771 , 0
6 , 0
9983 , 0
2 , 0
6 , 0
831 , 0
4 , 0
3 , 0
76 , 0
8 , 0
1378 , 0
27 , 0
90 , 0
163 , 0
2229 , 0
5 , 0
1 , 0
66 , 0
1 , 0
200 , 0
2687 , 0
36 , 0
30 , 0
19 , 0
1 , 0
37 , 0
1 , 0
1 , 0
4 , 0
3 , 0
1 , 0
7229 , 0
35 , 0
7 , 0
7960 , 0
369 , 0
38 , 0
35 , 0
55 , 0
985 , 0
23 , 0
2 , 0
48 , 0
11 , 0
293 , 0
1466 , 0
392 , 0
177 , 0
10 , 0
1471 , 0
6 , 0
20 , 0
5384 , 0
686 , 0
653 , 0
12 , 0
2103 , 0
296 , 0
1 , 0
1673 , 0
377 , 0
3 , 0
7095 , 7077
17 , 0
6 , 0
1907 , 0
7694 , 0
7 , 0
205 , 0
3 , 0
1443 , 0
243 , 0
1 , 0
8 , 0
5 , 0
848 , 0
7579 , 0
1 , 0
647 , 0
8 , 0
940 , 0
70 , 0
799 , 0
26 , 0
4178 , 0
375 , 0
1 , 0
510 , 0
108 , 0
376 , 0
1755 , 0
1282 , 0
20 , 0
331 , 252
1 , 0
5 , 0
2 , 0
2 , 0
1 , 0
1535 , 0
1905 , 0
31 , 0
8639 , 0
2 , 0
1 , 0
252 , 0
17 , 0
360 , 0
79 , 0
7693 , 0
16 , 0
781 , 0
4579 , 0
1186 , 0
1 , 0
3 , 0
36 , 0
153 , 0
40 , 0
150 , 0
1420 , 0
8 , 0
662 , 0
5450 , 0
19 , 0
1 , 0
7 , 0
20 , 0
3 , 0
1 , 0
190 , 0
2624 , 0
1 , 0
4212 , 0
43 , 0
17 , 0
81 , 0
270 , 0
25 , 0
9 , 0
12 , 0
21 , 0
4 , 0
141 , 0
13 , 0
1 , 0
2800 , 0
171 , 0
186 , 0
4861 , 0
1273 , 0
163 , 0
407 , 0
73 , 0
1 , 0
126 , 0
464 , 0
1 , 0
859 , 0
9053 , 0
21 , 0
8511 , 8444
63 , 0
73 , 0
23 , 0
60 , 0
568 , 0
1 , 0
15 , 0
581 , 0
373 , 0
1318 , 0
3 , 0
2 , 0
7 , 0
38 , 0
1 , 0
3 , 0
227 , 0
9 , 0
2 , 0
392 , 0
1087 , 0
7 , 0
5 , 0
1 , 0
4 , 0
105 , 0
3897 , 0
3422 , 0
371 , 0
51 , 0
3148 , 0
28 , 0
4406 , 0
14 , 0
3317 , 0
498 , 0
3 , 0
2253 , 0
22 , 0
2576 , 0
6 , 0
3197 , 0
7 , 0
9658 , 0
27 , 0
95 , 0
6 , 0
159 , 0
54 , 0
99 , 0
39 , 0
56 , 34
2252 , 0
539 , 0
4 , 0
5 , 0
9 , 0
20 , 0
9 , 0
3 , 0
2 , 0
45 , 0
1 , 0
4 , 0
4189 , 0
1203 , 0
5 , 0
4778 , 0
115 , 0
26 , 0
7568 , 0
1009 , 0
3869 , 0
9 , 0
35 , 0
3401 , 0
9021 , 0
5 , 0
241 , 0
381 , 0
10 , 0
14 , 0
35 , 0
2 , 0
1 , 0
31 , 0
125 , 0
5 , 0
2 , 0
347 , 0
32 , 0
1784 , 0
136 , 0
4 , 0
923 , 0
1388 , 0
2038 , 0
1 , 0
1 , 0
225 , 0
10 , 0
13 , 0
1 , 0
1 , 0
131 , 120
388 , 0
145 , 0
144 , 0
9 , 0
13 , 0
6 , 0
1 , 0
809 , 738
243 , 0
3060 , 0
1140 , 0
1 , 0
4184 , 0
3 , 0
75 , 0
5 , 0
1 , 0
1459 , 0
3314 , 0
8100 , 0
2 , 0
4 , 0
527 , 0
95 , 0
254 , 0
1 , 0
5060 , 0
2 , 0
1 , 0
22 , 0
7898 , 7879
10 , 0
17 , 0
161 , 0
19 , 0
2172 , 0
8655 , 0
5336 , 0
1423 , 0
33 , 0
18 , 0
1 , 0
5610 , 0
13 , 0
8101 , 0
1090 , 1024
4870 , 0
3185 , 0
173 , 0
23 , 0
8 , 0
86 , 0
2 , 0
1 , 0
31 , 0
53 , 0
2752 , 0
1 , 0
339 , 0
8 , 0
12 , 0
4620 , 0
756 , 0
6 , 0
3875 , 0
65 , 0
419 , 0
15 , 0
1666 , 0
344 , 0
6 , 0
1 , 0
1 , 0
57 , 0
247 , 0
1 , 0
7 , 0
22 , 0
117 , 0
2327 , 0
2 , 0
1 , 0
123 , 0
257 , 0
1 , 0
52 , 0
2 , 0
7 , 0
3 , 0
3592 , 0
7892 , 0
5689 , 0
9 , 0
103 , 0
2 , 0
40 , 0
16 , 0
505 , 0
35 , 0
70 , 0
1 , 0
188 , 0
1 , 0
5043 , 0
2 , 0
4 , 0
84 , 0
413 , 0
58 , 0
16 , 0
4 , 0
70 , 0
73 , 24
1457 , 0
2 , 0
7 , 0
21 , 0
2 , 0
2 , 0
42 , 0
15 , 0
35 , 0
3 , 0
4638 , 0
436 , 0
11 , 0
1417 , 0
56 , 0
20 , 0
3 , 0
660 , 0
146 , 0
6322 , 0
1 , 0
895 , 0
103 , 0
8311 , 0
244 , 0
69 , 0
4072 , 0
6172 , 0
57 , 0
1143 , 0
1839 , 0
506 , 500
63 , 0
44 , 0
61 , 0
26 , 0
2109 , 0
1 , 0
6 , 0
121 , 0
8256 , 0
3 , 0
413 , 0
38 , 0
2 , 0
6 , 0
1915 , 0
26 , 0
1 , 0
11 , 0
9 , 0
242 , 0
272 , 0
111 , 0
44 , 0
1 , 0
220 , 0
9 , 0
864 , 859
241 , 0
6 , 0
68 , 0
2659 , 0
309 , 0
15 , 0
5 , 0
4 , 0
2507 , 0
13 , 0
1 , 0
97 , 0
2 , 0
67 , 0
1 , 0
7658 , 0
3606 , 0
1 , 0
1 , 0
2016 , 0
21 , 0
358 , 0
88 , 0
4111 , 0
3 , 0
68 , 0
4 , 0
1 , 0
5665 , 0
9985 , 0
37 , 0
1165 , 0
133 , 0
12 , 0
231 , 0
12 , 0
68 , 0
10 , 0
1 , 0
1 , 0
4497 , 0
1 , 0
7637 , 0
1 , 0
6908 , 6865
1168 , 0
3 , 0
2 , 0
225 , 0
145 , 0
122 , 0
7498 , 0
81 , 0
44 , 0
23 , 0
6715 , 0
652 , 0
166 , 0
524 , 0
3 , 0
2 , 0
3 , 0
7 , 0
2511 , 0
3520 , 0
10 , 0
7302 , 0
1490 , 0
2879 , 0
571 , 0
63 , 0
208 , 0
1 , 0
1 , 0
4483 , 0
13 , 0
469 , 0
45 , 0
5951 , 0
24 , 0
13 , 0
1 , 0
46 , 0
22 , 0
46 , 0
50 , 0
8 , 0
2 , 0
5349 , 5307
344 , 0
182 , 0
4095 , 0
186 , 0
2934 , 0
7046 , 0
912 , 0
1372 , 0
2 , 0
3 , 0
370 , 0
1599 , 0
19 , 0
7 , 0
3951 , 0
1 , 0
5850 , 0
4608 , 0
75 , 0
99 , 0
1 , 0
8 , 0
8 , 0
279 , 0
12 , 0
1928 , 1897
1 , 0
598 , 0
3130 , 0
31 , 0
40 , 0
1 , 0
2429 , 0
2786 , 0
5 , 0
2 , 0
155 , 0
1 , 0
3 , 0
1 , 0
3 , 0
92 , 0
154 , 0
8 , 0
9 , 0
153 , 0
6832 , 0
1651 , 0
117 , 0
10 , 0
79 , 0
108 , 0
1070 , 0
171 , 0
2928 , 0
24 , 0
12 , 0
8 , 0
9 , 0
1 , 0
4138 , 0
1 , 0
4383 , 0
558 , 0
794 , 0
284 , 0
6586 , 0
70 , 0
1 , 0
1262 , 0
83 , 0
5223 , 0
831 , 0
49 , 0
20 , 0
112 , 0
520 , 0
1 , 0
17 , 0
791 , 0
2822 , 0
6 , 0
3 , 0
184 , 0
3885 , 0
3684 , 0
7 , 0
8 , 0
9517 , 0
1949 , 0
1413 , 0
11 , 0
728 , 0
2 , 0
2 , 0
2 , 0
209 , 0
2767 , 0
100 , 0
318 , 0
232 , 0
55 , 0
1092 , 0
929 , 0
1143 , 0
151 , 0
1298 , 0
12 , 0
5 , 0
15 , 0
463 , 0
12 , 0
4752 , 0
109 , 0
3 , 0
401 , 0
2984 , 0
13 , 0
1436 , 1411
2155 , 0
23 , 0
464 , 0
73 , 0
4 , 0
8931 , 0
4 , 0
4 , 0
228 , 0
13 , 0
6 , 0
5336 , 0
1881 , 0
58 , 0
546 , 0
2 , 0
29 , 0
53 , 0
31 , 21
1612 , 1593
14 , 0
2 , 0
5575 , 0
1 , 0
363 , 0
2 , 0
66 , 0
22 , 0
4 , 0
6756 , 0
52 , 0
6 , 0
9 , 0
1 , 0
463 , 442
8 , 0
4989 , 0
7547 , 0
141 , 0
1040 , 0
144 , 0
21 , 0
3 , 0
9312 , 0
7708 , 0
28 , 0
2460 , 0
2053 , 0
5 , 0
32 , 0
1054 , 0
4 , 0
54 , 0
83 , 0
56 , 0
760 , 0
42 , 0
279 , 0
2012 , 0
1 , 0
76 , 0
2008 , 0
1 , 0
338 , 0
2538 , 0
1 , 0
340 , 0
976 , 0
1263 , 0
40 , 0
4 , 0
38 , 0
3766 , 0
297 , 0
6 , 0
6878 , 0
4984 , 0
5988 , 0
1 , 0
7 , 0
10 , 0
322 , 0
3 , 0
1173 , 1171
4 , 0
7 , 0
1119 , 0
1062 , 0
194 , 0
6091 , 0
1830 , 0
10 , 0
2 , 0
76 , 0
8 , 0
718 , 0
20 , 0
95 , 0
2 , 0
7526 , 0
810 , 0
1 , 0
1 , 0
1219 , 0
5 , 0
16 , 0
11 , 0
1826 , 0
7 , 0
81 , 0
1524 , 0
70 , 0
129 , 0
153 , 0
1075 , 1065
2354 , 0
443 , 0
5 , 0
53 , 0
208 , 0
5 , 0
3204 , 0
3 , 0
2074 , 0
219 , 0
3835 , 0
10 , 0
28 , 0
22 , 0
87 , 0
197 , 0
30 , 0
1632 , 0
2 , 0
91 , 0
4 , 0
198 , 0
21 , 0
141 , 0
2314 , 0
6083 , 0
6132 , 0
80 , 0
1 , 0
2 , 0
15 , 0
775 , 0
138 , 0
712 , 0
33 , 0
1 , 0
2 , 0
1 , 0
99 , 0
823 , 0
2529 , 0
5006 , 4993
4 , 0
3 , 0
12 , 0
1 , 0
4082 , 0
47 , 0
850 , 0
4105 , 0
29 , 0
428 , 0
45 , 0
1 , 0
158 , 0
7 , 0
12 , 0
364 , 0
228 , 0
341 , 0
8 , 0
22 , 0
1 , 0
519 , 0
8 , 0
3 , 0
736 , 0
389 , 0
6626 , 0
54 , 0
52 , 0
16 , 0
9 , 0
20 , 0
361 , 0
8 , 0
25 , 0
4 , 0
7 , 0
1510 , 0
1 , 0
73 , 0
945 , 0
3 , 0
775 , 0
344 , 0
10 , 8
82 , 0
3 , 0
3 , 0
765 , 0
59 , 0
44 , 0
2909 , 0
55 , 0
63 , 0
2382 , 2379
85 , 0
3743 , 0
2 , 0
12 , 0
6 , 0
71 , 0
9 , 0
44 , 0
1 , 0
26 , 0
1 , 0
26 , 0
12 , 0
2637 , 0
2 , 0
31 , 0
1508 , 0
229 , 0
1151 , 0
237 , 0
3603 , 0
6698 , 0
243 , 0
2888 , 0
5 , 0
86 , 0
1351 , 0
704 , 0
8874 , 0
3714 , 0
32 , 0
3548 , 0
3 , 0
32 , 0
2982 , 0
10 , 0
1 , 0
73 , 0
1419 , 0
1 , 0
60 , 0
738 , 0
440 , 0
7 , 0
4 , 0
2 , 0
2174 , 0
10 , 0
241 , 0
1 , 0
294 , 0
7 , 0
479 , 0
2679 , 0
6610 , 0
127 , 0
9 , 0
8 , 0
1 , 0
684 , 0
528 , 0
126 , 0
50 , 0
3 , 0
