365 , 365
1 , 1
735 , 735
77 , 77
9 , 9
34 , 34
1 , 1
2 , 2
1 , 1
9 , 9
4 , 4
9694 , 9693
6 , 6
244 , 244
4277 , 4277
614 , 614
319 , 319
715 , 715
4 , 4
5 , 5
19 , 19
8841 , 8683
2 , 2
59 , 59
1851 , 1851
16 , 16
2 , 2
3448 , 3448
4 , 4
6 , 6
14 , 14
291 , 291
3 , 3
9443 , 9443
157 , 157
210 , 196
4593 , 4593
17 , 17
73 , 73
3 , 3
15 , 15
26 , 26
334 , 333
1941 , 1941
40 , 40
171 , 171
54 , 54
198 , 198
423 , 340
98 , 98
9404 , 9404
25 , 25
20 , 20
2181 , 2181
12 , 12
413 , 412
3257 , 3257
7 , 7
414 , 199
5648 , 5648
12 , 12
3 , 3
4274 , 4274
2268 , 2268
6550 , 6550
143 , 143
1636 , 1636
6 , 6
1 , 1
11 , 11
1337 , 1337
11 , 11
5 , 5
1 , 1
3153 , 2998
7143 , 7142
15 , 15
12 , 12
1 , 0
6 , 6
2937 , 2937
79 , 79
5 , 5
456 , 456
7 , 7
5390 , 5390
8 , 8
15 , 15
429 , 429
3808 , 3808
645 , 645
366 , 366
405 , 405
129 , 129
2693 , 2693
3 , 3
62 , 62
1471 , 1471
2964 , 2964
2803 , 2803
1044 , 1044
5 , 5
127 , 127
21 , 21
734 , 734
495 , 495
3 , 3
14 , 14
6917 , 6917
17 , 17
16 , 16
148 , 148
5 , 5
38 , 38
1 , 1
1522 , 994
7055 , 7055
5 , 5
190 , 190
1 , 1
10 , 10
60 , 31
151 , 151
2 , 2
177 , 0
2 , 0
263 , 263
425 , 425
3 , 3
671 , 671
65 , 65
101 , 101
42 , 42
3 , 0
58 , 58
354 , 354
6202 , 6202
2207 , 2203
6214 , 6214
136 , 136
1173 , 1173
5881 , 5881
22 , 22
14 , 14
137 , 137
2 , 2
43 , 43
6 , 2
67 , 67
1 , 1
4 , 4
7 , 7
4 , 4
2439 , 2439
164 , 164
10 , 10
308 , 308
31 , 31
1171 , 1171
201 , 201
1 , 1
61 , 61
3 , 0
6 , 6
2654 , 2654
1540 , 1540
2 , 2
1 , 1
6557 , 6557
30 , 30
2454 , 2454
2 , 2
8 , 8
1 , 1
6 , 6
16 , 16
2 , 2
6 , 6
167 , 167
41 , 41
480 , 480
25 , 25
4 , 4
2 , 2
101 , 101
6 , 3
13 , 13
170 , 170
179 , 179
3 , 3
1 , 1
112 , 112
1 , 1
17 , 17
72 , 70
11 , 11
1196 , 1196
2 , 0
52 , 52
891 , 891
1 , 1
26 , 26
9 , 9
1 , 1
4 , 4
1 , 1
7744 , 7744
3 , 3
235 , 235
6 , 6
4 , 4
28 , 28
1866 , 1866
16 , 16
4178 , 4178
425 , 425
10 , 10
1 , 1
574 , 574
267 , 267
66 , 66
117 , 116
51 , 51
1095 , 1095
26 , 26
12 , 12
1 , 1
4875 , 4875
108 , 108
5362 , 5362
136 , 117
7171 , 7171
1165 , 1165
1875 , 1875
33 , 33
10 , 10
2 , 0
2 , 2
4023 , 4023
48 , 47
7 , 7
2 , 2
7242 , 7242
18 , 18
9435 , 9435
229 , 229
598 , 598
656 , 656
42 , 42
1700 , 1700
1 , 1
705 , 698
37 , 37
1963 , 1963
8 , 8
58 , 58
5063 , 5063
83 , 83
467 , 467
3282 , 3282
1 , 1
1 , 1
288 , 288
439 , 439
414 , 414
5 , 5
243 , 243
9950 , 9950
4824 , 4824
226 , 226
156 , 156
3 , 3
2 , 2
7 , 7
21 , 21
16 , 16
162 , 162
2 , 2
1161 , 1161
1158 , 1158
206 , 169
15 , 15
66 , 66
638 , 638
4740 , 4740
1934 , 1934
108 , 108
5933 , 5930
140 , 140
5743 , 5743
20 , 20
185 , 185
34 , 34
1 , 1
39 , 39
5 , 5
82 , 82
9 , 0
430 , 430
1066 , 1066
9418 , 9418
601 , 601
1359 , 1359
1837 , 1837
6 , 6
1900 , 1900
167 , 167
3 , 3
53 , 53
4750 , 4750
3590 , 3590
1751 , 1751
714 , 714
4036 , 4036
9 , 9
475 , 475
136 , 136
4507 , 4506
927 , 924
2138 , 2138
460 , 460
409 , 409
40 , 40
8401 , 8401
6 , 6
8419 , 8419
969 , 969
2 , 2
1695 , 1695
3 , 3
1947 , 1947
10 , 10
38 , 38
1 , 1
1230 , 1220
3430 , 3430
107 , 107
358 , 358
58 , 58
1 , 1
6 , 6
19 , 19
63 , 63
294 , 294
1 , 1
117 , 117
2588 , 2588
85 , 85
770 , 770
828 , 676
335 , 335
181 , 181
100 , 100
2012 , 2012
1 , 1
13 , 13
8 , 8
1618 , 1618
166 , 166
7 , 7
1 , 1
49 , 49
19 , 19
12 , 12
1 , 1
205 , 205
26 , 23
656 , 656
2 , 2
26 , 26
2 , 2
3788 , 3788
43 , 43
372 , 372
185 , 185
13 , 13
4 , 4
1362 , 1362
5251 , 5249
532 , 532
2 , 2
6 , 6
25 , 25
1 , 1
77 , 52
6 , 6
985 , 985
187 , 187
4694 , 4694
53 , 53
228 , 228
660 , 660
1 , 1
4 , 4
1 , 1
1333 , 1333
1 , 1
3 , 3
120 , 80
44 , 44
3 , 3
2 , 2
26 , 26
17 , 17
186 , 186
883 , 883
2 , 2
2690 , 2689
6 , 5
977 , 977
2 , 2
62 , 62
3082 , 3082
3118 , 3118
2 , 2
1728 , 1728
1 , 1
9 , 9
1498 , 1498
2267 , 2267
2081 , 2081
1390 , 1390
1398 , 1398
345 , 345
1141 , 1141
38 , 38
1755 , 1755
5 , 5
292 , 292
1389 , 1389
13 , 13
1 , 1
6 , 0
67 , 67
119 , 119
8250 , 8250
2447 , 2447
1 , 1
62 , 62
872 , 872
1 , 1
3660 , 3660
17 , 9
3 , 0
15 , 15
2 , 2
2141 , 2141
4 , 4
1 , 1
4 , 4
686 , 686
649 , 649
20 , 18
531 , 531
211 , 211
18 , 18
16 , 16
755 , 755
145 , 145
3 , 3
5033 , 5033
4345 , 4345
5 , 5
44 , 44
43 , 43
2 , 0
5 , 5
26 , 26
15 , 15
3 , 3
7063 , 7063
1 , 1
1466 , 1466
1 , 1
880 , 880
5685 , 5685
45 , 45
291 , 291
13 , 13
310 , 310
177 , 177
254 , 254
3 , 3
40 , 39
1 , 1
196 , 196
328 , 328
119 , 119
3190 , 3190
4 , 4
292 , 292
2 , 2
58 , 58
13 , 13
1733 , 1733
3 , 3
397 , 397
3921 , 3921
627 , 627
5 , 5
3780 , 3780
47 , 47
2637 , 2637
4162 , 4162
6 , 6
534 , 534
4431 , 4260
12 , 12
6039 , 6039
371 , 371
3997 , 3997
544 , 544
33 , 33
4697 , 4697
156 , 156
11 , 11
909 , 909
1305 , 1305
22 , 22
2192 , 2192
51 , 51
458 , 458
81 , 81
2 , 1
93 , 93
2181 , 2181
124 , 120
66 , 66
6 , 0
148 , 148
8 , 8
115 , 115
4641 , 4641
1 , 0
819 , 818
2 , 2
961 , 961
6 , 6
4 , 4
21 , 21
443 , 443
15 , 15
198 , 198
5 , 5
9 , 9
5372 , 5372
549 , 549
124 , 124
804 , 804
87 , 87
37 , 37
3046 , 2853
101 , 101
2861 , 2861
1004 , 1004
5 , 5
5788 , 5788
659 , 658
25 , 21
27 , 26
2 , 0
38 , 38
1 , 1
23 , 23
26 , 0
19 , 19
1173 , 1173
13 , 13
3 , 3
41 , 41
116 , 116
79 , 79
193 , 193
1 , 0
3 , 3
2 , 2
1 , 1
9 , 9
2438 , 2438
173 , 173
2 , 2
9958 , 9958
816 , 816
637 , 637
2 , 2
26 , 26
1 , 1
1 , 1
14 , 14
99 , 99
4 , 4
1 , 1
2561 , 2561
1416 , 1416
5 , 5
7 , 7
7 , 7
5 , 5
1865 , 1865
4743 , 4743
3 , 3
23 , 23
22 , 0
11 , 11
7533 , 7533
4629 , 4629
9 , 9
99 , 99
578 , 578
306 , 306
2 , 2
347 , 347
2704 , 2704
1457 , 1457
7 , 7
2 , 2
465 , 465
19 , 19
6 , 2
9823 , 9823
17 , 17
723 , 684
9362 , 9362
324 , 324
6 , 6
79 , 79
309 , 309
1360 , 1360
1165 , 1165
4234 , 4234
2542 , 2532
2675 , 2675
50 , 50
5140 , 4966
38 , 38
952 , 952
258 , 258
42 , 42
846 , 846
5 , 0
2 , 0
65 , 65
16 , 16
459 , 459
28 , 28
106 , 106
3 , 3
1 , 1
118 , 117
1 , 1
141 , 141
3847 , 3847
8631 , 8631
1898 , 1890
156 , 152
36 , 36
25 , 25
669 , 669
1 , 1
53 , 53
8 , 8
65 , 65
850 , 850
1366 , 1366
1204 , 1204
7 , 7
4 , 4
5261 , 5261
22 , 22
71 , 71
94 , 94
6 , 6
223 , 221
1 , 1
3306 , 3306
2637 , 2637
26 , 26
11 , 11
7 , 7
596 , 596
15 , 15
176 , 176
6 , 6
576 , 576
17 , 17
6608 , 6608
3099 , 3094
265 , 265
18 , 18
1 , 1
21 , 21
3860 , 3860
24 , 24
9 , 0
5843 , 5843
256 , 256
760 , 760
115 , 115
3814 , 3814
2 , 2
15 , 15
6 , 6
455 , 445
1 , 1
120 , 103
13 , 13
10 , 10
7530 , 7530
5742 , 5741
592 , 592
1 , 1
1 , 1
58 , 58
16 , 16
2 , 2
479 , 479
6 , 6
1 , 1
46 , 46
1823 , 1823
24 , 24
146 , 146
160 , 160
20 , 14
2 , 2
244 , 244
2576 , 2576
14 , 14
1 , 0
7 , 7
2 , 2
2236 , 2236
30 , 30
2 , 2
22 , 22
1 , 1
3864 , 3864
4 , 4
3 , 3
1 , 1
382 , 379
4116 , 4116
461 , 461
312 , 312
7683 , 7667
10 , 10
38 , 38
1 , 1
2 , 2
7 , 7
25 , 25
515 , 515
1 , 1
1 , 1
871 , 871
1054 , 1054
360 , 360
12 , 12
4973 , 4973
4923 , 4923
49 , 49
6936 , 6729
3838 , 3838
444 , 444
171 , 171
3 , 3
409 , 409
19 , 19
7515 , 7515
1 , 1
1239 , 1239
1 , 0
3084 , 3084
34 , 27
3 , 3
59 , 59
3163 , 3163
5131 , 5131
27 , 27
1913 , 1913
4 , 4
1740 , 1740
3 , 3
1608 , 1607
2859 , 2859
38 , 38
883 , 883
14 , 14
20 , 20
206 , 206
40 , 40
174 , 174
8 , 8
5 , 5
151 , 151
551 , 551
1 , 1
1 , 0
1 , 1
1245 , 1245
239 , 239
1 , 1
1 , 1
2 , 2
55 , 55
18 , 18
1669 , 1669
414 , 414
4388 , 4388
8 , 8
3332 , 3332
702 , 702
4690 , 4690
1 , 1
757 , 757
284 , 284
1224 , 1224
1 , 1
1553 , 1546
3 , 3
39 , 39
16 , 16
9280 , 9279
20 , 20
199 , 199
4 , 4
1025 , 1025
317 , 317
2277 , 2277
49 , 49
55 , 55
3042 , 3042
2810 , 2810
214 , 214
4 , 4
2 , 2
883 , 883
1 , 1
16 , 16
91 , 91
227 , 227
1 , 1
33 , 19
1 , 1
619 , 619
568 , 568
370 , 370
3 , 3
72 , 72
5316 , 5316
4503 , 4503
4493 , 4493
4 , 4
4051 , 4051
18 , 18
8 , 8
1 , 1
541 , 541
88 , 88
8 , 8
172 , 172
3 , 1
1818 , 1817
51 , 51
1530 , 1530
1 , 1
2498 , 2498
12 , 12
3243 , 3243
236 , 233
3212 , 3212
672 , 672
821 , 821
10 , 10
112 , 107
18 , 18
4905 , 4905
3874 , 3874
330 , 330
3501 , 3500
108 , 108
190 , 190
2 , 2
4283 , 4283
108 , 107
121 , 121
454 , 454
6935 , 6906
7 , 7
5383 , 5383
1 , 1
1 , 1
116 , 116
1 , 1
5279 , 5279
43 , 43
7 , 7
6443 , 6443
9 , 9
565 , 565
2276 , 2276
17 , 17
9 , 9
3056 , 3056
1 , 1
4 , 4
3 , 3
3923 , 3838
20 , 0
9673 , 9673
17 , 17
3 , 3
1 , 1
251 , 251
717 , 717
9090 , 9090
1 , 1
4245 , 4245
4699 , 4699
7 , 7
14 , 14
3602 , 3602
1 , 1
6024 , 5503
160 , 160
1968 , 1968
3 , 2
390 , 390
18 , 18
1 , 1
2 , 2
7613 , 7613
247 , 247
5841 , 5841
1 , 1
4 , 4
11 , 11
8 , 8
2588 , 2588
16 , 16
22 , 22
1158 , 1158
191 , 191
7 , 7
177 , 177
2609 , 2609
9968 , 9968
4639 , 4639
16 , 16
5808 , 5808
36 , 36
16 , 16
1 , 1
1 , 1
23 , 23
6318 , 6318
9 , 0
16 , 16
11 , 11
5 , 5
1 , 1
79 , 79
121 , 121
8 , 8
3461 , 3461
22 , 22
128 , 128
2 , 2
163 , 163
112 , 112
449 , 449
831 , 831
1 , 1
164 , 164
3184 , 3184
117 , 117
11 , 11
1469 , 1469
19 , 19
615 , 615
1974 , 1974
7 , 7
13 , 13
31 , 31
403 , 403
1012 , 1012
5553 , 5553
199 , 0
140 , 140
1 , 1
3883 , 3883
7317 , 7317
7561 , 7561
308 , 308
14 , 14
2822 , 2822
5 , 5
14 , 14
20 , 20
4 , 4
11 , 11
3555 , 3555
16 , 16
1470 , 1470
7 , 7
434 , 434
9 , 9
47 , 47
2 , 2
2006 , 2006
335 , 335
63 , 63
8148 , 8148
174 , 174
24 , 24
932 , 932
3 , 3
2 , 2
195 , 195
2 , 2
40 , 37
6427 , 6427
113 , 113
67 , 5
289 , 289
613 , 611
1099 , 1099
30 , 30
7 , 7
1 , 1
12 , 12
7776 , 7776
41 , 41
2 , 2
30 , 30
5553 , 5553
4378 , 4378
91 , 91
2 , 2
9295 , 9295
60 , 60
66 , 66
51 , 51
697 , 697
41 , 41
35 , 35
8981 , 8981
24 , 24
7 , 7
149 , 149
477 , 477
1 , 1
697 , 697
6 , 6
1103 , 1103
18 , 18
18 , 18
2384 , 2365
3 , 3
118 , 116
3948 , 3948
3159 , 3159
4 , 4
2 , 0
92 , 92
431 , 431
1 , 1
1899 , 1899
3 , 3
43 , 43
2129 , 2129
367 , 365
9013 , 9013
210 , 210
320 , 320
6079 , 6079
71 , 71
1616 , 1616
1 , 1
5 , 5
683 , 678
25 , 22
2 , 2
445 , 445
13 , 13
5 , 5
6 , 6
4 , 4
22 , 22
1 , 1
176 , 176
1 , 1
18 , 18
204 , 204
1 , 1
190 , 190
9 , 9
15 , 15
4 , 4
947 , 947
22 , 22
3 , 3
4 , 4
1675 , 1669
700 , 700
1 , 1
2 , 0
2 , 2
184 , 184
1814 , 1814
2518 , 2518
110 , 110
1452 , 1452
6103 , 6103
1734 , 1734
88 , 88
762 , 762
90 , 90
1463 , 1463
10 , 10
39 , 39
2215 , 2215
49 , 49
2 , 2
2450 , 2446
1159 , 1159
12 , 12
25 , 25
89 , 89
1 , 1
365 , 365
3 , 3
213 , 213
10 , 10
2083 , 2083
144 , 144
3 , 3
14 , 14
6353 , 6353
10 , 10
2 , 0
2 , 2
212 , 212
120 , 120
4 , 4
1 , 1
7 , 6
29 , 29
1177 , 1177
151 , 151
2498 , 2498
1044 , 1044
101 , 101
4100 , 4100
14 , 14
102 , 102
544 , 544
1 , 0
6838 , 6838
6038 , 6038
630 , 630
618 , 319
209 , 209
110 , 110
3 , 3
524 , 524
5145 , 5145
84 , 84
2 , 2
7 , 7
15 , 15
31 , 31
141 , 140
80 , 80
3 , 3
11 , 11
6 , 6
4056 , 4056
5081 , 5081
1528 , 1528
92 , 92
3976 , 3976
211 , 211
5924 , 5924
4 , 4
3495 , 3495
268 , 268
520 , 520
7078 , 7078
12 , 12
2657 , 2657
1 , 1
20 , 20
1 , 1
162 , 162
29 , 29
90 , 90
1 , 1
24 , 24
72 , 72
2 , 2
848 , 848
10 , 10
98 , 98
6 , 2
46 , 46
4 , 4
1 , 1
720 , 720
1 , 1
10 , 10
1341 , 1341
2 , 2
2 , 2
37 , 37
1585 , 1585
2 , 0
352 , 352
16 , 16
8 , 8
1 , 1
6 , 6
118 , 118
1428 , 1428
25 , 25
5 , 5
1 , 1
134 , 134
4964 , 4964
1084 , 1084
1270 , 1270
3 , 3
94 , 81
40 , 40
490 , 490
1081 , 1081
224 , 223
1 , 0
578 , 578
829 , 829
472 , 472
214 , 214
7223 , 7223
5910 , 5910
1 , 1
1 , 1
6215 , 6215
5 , 5
160 , 160
1022 , 1022
10 , 9
2570 , 2570
664 , 664
2 , 2
37 , 37
3151 , 3151
4 , 4
70 , 70
2 , 2
1 , 1
30 , 30
310 , 310
1 , 1
6644 , 6644
5 , 5
2 , 2
8 , 8
616 , 616
51 , 51
342 , 342
4 , 0
1 , 1
6097 , 6097
197 , 197
169 , 169
51 , 51
8 , 8
200 , 200
1203 , 1203
13 , 13
9 , 9
1870 , 1870
8391 , 8374
3 , 3
61 , 61
4941 , 4941
46 , 46
31 , 31
1 , 1
1556 , 1556
151 , 151
2 , 2
5552 , 5552
546 , 466
15 , 15
1 , 1
85 , 85
1 , 0
626 , 626
3734 , 3734
1391 , 1391
6 , 6
887 , 887
4666 , 4666
145 , 145
7 , 7
4215 , 4215
2 , 2
101 , 101
7182 , 7182
230 , 230
201 , 201
579 , 579
1698 , 1698
680 , 680
161 , 161
370 , 370
5194 , 5160
62 , 62
11 , 11
389 , 389
2580 , 2540
572 , 572
329 , 329
1 , 0
1 , 1
1 , 1
6 , 6
7 , 7
111 , 111
6038 , 6038
7 , 5
3195 , 3195
3221 , 3221
92 , 92
1 , 0
1 , 1
1 , 1
188 , 188
5 , 4
1 , 1
14 , 14
3085 , 3085
1 , 1
4 , 4
7495 , 7495
31 , 13
2 , 2
8027 , 8027
958 , 958
23 , 23
163 , 163
99 , 99
33 , 32
5 , 5
5389 , 5389
99 , 88
1 , 1
2054 , 2054
66 , 66
3 , 3
377 , 377
2643 , 2643
9029 , 9029
1 , 1
18 , 18
629 , 577
1797 , 1797
10 , 10
440 , 440
76 , 76
206 , 97
15 , 15
7 , 7
9 , 9
16 , 16
8364 , 8364
382 , 382
49 , 49
2 , 2
393 , 0
7528 , 7528
8 , 8
75 , 75
3 , 3
21 , 0
714 , 714
55 , 55
335 , 335
171 , 171
88 , 88
7829 , 7829
5 , 1
2 , 2
1 , 1
17 , 17
52 , 52
3417 , 3417
1 , 1
2080 , 2080
7 , 7
174 , 174
1771 , 1771
10 , 10
7 , 7
1122 , 1101
6 , 6
7 , 5
2 , 2
3371 , 3371
6443 , 6443
2596 , 2596
311 , 311
678 , 678
1682 , 1682
4 , 4
27 , 27
20 , 0
1871 , 1871
322 , 322
256 , 256
6 , 6
3 , 3
607 , 602
3 , 3
98 , 98
23 , 23
5 , 5
5 , 5
5240 , 5240
3102 , 3102
1 , 1
303 , 303
234 , 230
2544 , 2485
1 , 1
2 , 2
7634 , 7634
6 , 6
24 , 24
2 , 2
54 , 54
15 , 15
995 , 995
265 , 265
337 , 337
14 , 14
73 , 73
10 , 10
2189 , 2189
6444 , 6444
1 , 1
1 , 1
22 , 22
5 , 0
1 , 1
32 , 32
2 , 2
2 , 2
721 , 721
27 , 27
1 , 1
1 , 1
4 , 4
1 , 1
2632 , 2632
5 , 5
1 , 1
2665 , 2665
745 , 745
1 , 1
35 , 35
2 , 2
44 , 44
92 , 92
3 , 3
4240 , 4240
30 , 30
1 , 1
84 , 84
4 , 4
3240 , 2656
5717 , 5717
22 , 22
8131 , 8131
1194 , 1194
1 , 1
8 , 8
29 , 29
2459 , 2459
390 , 390
1 , 1
2104 , 2104
83 , 83
9004 , 9004
2 , 2
35 , 35
2 , 2
915 , 915
1006 , 1006
39 , 39
11 , 11
272 , 272
128 , 128
1316 , 1316
102 , 102
7801 , 7801
236 , 236
2387 , 2387
1 , 0
1 , 1
1 , 1
1 , 1
243 , 243
105 , 105
83 , 83
1 , 1
391 , 391
5 , 5
5 , 5
1964 , 1964
6226 , 6225
259 , 259
1 , 1
1 , 1
1 , 1
169 , 169
226 , 226
48 , 0
29 , 29
761 , 761
1070 , 1070
330 , 39
13 , 13
1 , 1
3632 , 3631
7 , 7
25 , 25
168 , 168
45 , 39
1531 , 1531
32 , 32
32 , 32
17 , 17
1008 , 1008
364 , 364
1 , 1
5 , 1
7910 , 7910
61 , 58
1 , 1
895 , 895
4707 , 4707
101 , 101
5124 , 5124
63 , 63
412 , 412
251 , 251
67 , 66
1153 , 1153
6046 , 6045
19 , 19
3 , 3
47 , 47
13 , 13
13 , 0
18 , 18
559 , 559
114 , 114
288 , 288
7 , 3
426 , 426
1 , 1
1056 , 1056
33 , 33
35 , 35
108 , 108
9 , 9
6 , 6
29 , 29
9964 , 9964
20 , 20
286 , 286
7912 , 7912
17 , 17
8501 , 8481
2273 , 2273
2 , 2
25 , 25
189 , 189
5 , 5
266 , 266
3758 , 3758
1456 , 1456
74 , 74
44 , 44
7 , 7
6936 , 6936
1 , 1
44 , 44
11 , 11
12 , 12
424 , 424
15 , 15
5 , 5
22 , 22
384 , 384
2 , 0
2 , 2
83 , 83
5854 , 5854
27 , 27
23 , 23
1 , 1
1157 , 1157
174 , 172
677 , 677
3 , 0
2 , 2
15 , 15
56 , 56
6 , 6
13 , 13
6047 , 6047
33 , 33
261 , 261
1134 , 1134
9 , 9
8 , 8
7521 , 7521
3 , 3
156 , 156
6 , 6
1368 , 1368
1 , 1
486 , 486
460 , 460
10 , 10
901 , 901
7702 , 7702
12 , 12
510 , 510
1 , 0
2998 , 2998
323 , 323
1848 , 1848
6 , 6
1654 , 1654
1 , 1
4258 , 4258
656 , 656
1 , 1
2534 , 2534
503 , 503
7833 , 7833
1 , 1
9157 , 9157
701 , 701
4726 , 4726
189 , 189
195 , 195
24 , 24
3124 , 3046
2 , 2
16 , 16
21 , 21
2 , 1
171 , 171
8633 , 8633
1 , 1
3780 , 3775
37 , 37
38 , 38
2 , 2
1 , 1
1105 , 1102
5 , 5
42 , 42
11 , 11
177 , 177
23 , 23
6853 , 6853
7 , 7
19 , 19
6 , 6
2 , 2
614 , 614
129 , 129
1746 , 1746
1 , 1
531 , 531
6560 , 6560
22 , 22
3 , 3
22 , 22
5174 , 5174
1632 , 1632
2721 , 2721
107 , 107
9 , 9
448 , 448
375 , 375
1916 , 1916
5283 , 5283
1 , 1
10 , 10
276 , 276
713 , 713
421 , 421
4 , 4
2224 , 2205
123 , 123
37 , 37
15 , 15
5 , 5
285 , 285
2 , 2
93 , 93
3494 , 3494
6 , 6
344 , 344
180 , 180
978 , 978
6618 , 6618
25 , 25
5762 , 5762
1 , 1
8 , 8
902 , 902
1 , 1
6773 , 6773
19 , 19
3928 , 3928
1 , 1
3947 , 3947
612 , 612
2 , 2
14 , 14
17 , 17
6386 , 6386
57 , 27
8608 , 8608
3064 , 3064
246 , 246
3 , 3
2 , 2
98 , 98
1 , 1
5801 , 5801
776 , 776
1540 , 1540
10 , 0
7789 , 7789
11 , 11
250 , 250
1 , 1
3834 , 3834
2896 , 2896
118 , 118
1 , 1
6 , 6
19 , 19
7911 , 7911
182 , 182
6 , 6
67 , 67
312 , 312
31 , 31
38 , 38
76 , 76
80 , 80
1394 , 1394
3 , 3
5472 , 5472
992 , 992
400 , 400
587 , 587
2 , 2
1129 , 1129
6 , 6
33 , 33
1 , 1
14 , 14
1 , 0
8 , 8
387 , 387
24 , 24
207 , 207
28 , 28
1585 , 1585
1595 , 1595
7 , 7
1149 , 1149
9 , 9
590 , 590
2 , 2
1 , 1
9 , 9
24 , 24
493 , 493
78 , 78
2 , 2
216 , 216
43 , 43
5 , 5
1 , 1
2 , 2
1 , 1
107 , 107
6245 , 6245
24 , 24
966 , 966
1 , 1
11 , 11
333 , 333
5 , 5
1 , 1
6808 , 6804
12 , 12
152 , 152
2 , 2
1 , 1
1 , 1
240 , 240
474 , 474
6 , 3
1 , 0
3673 , 3673
5 , 5
336 , 336
367 , 367
35 , 35
946 , 946
1 , 1
747 , 747
10 , 0
29 , 29
3220 , 3220
1194 , 1194
8 , 8
123 , 114
17 , 17
1 , 0
44 , 44
37 , 37
1 , 1
3 , 0
57 , 57
256 , 256
62 , 62
1 , 0
1 , 1
7796 , 7796
1551 , 1551
178 , 178
52 , 52
2 , 2
9008 , 9008
910 , 910
8459 , 8459
9098 , 9098
5 , 5
1534 , 1534
3187 , 3187
10 , 10
6841 , 6840
1 , 1
1 , 1
152 , 152
18 , 15
1832 , 1832
2 , 2
3 , 3
1 , 1
1 , 1
924 , 924
7769 , 7769
142 , 142
4 , 4
287 , 287
1 , 1
120 , 120
8 , 8
846 , 390
158 , 158
230 , 230
45 , 45
6100 , 6100
72 , 72
8 , 8
4 , 4
33 , 33
2 , 2
1412 , 1412
8 , 8
14 , 14
110 , 110
3 , 3
3 , 3
55 , 55
1 , 1
2 , 2
3724 , 3724
8 , 8
336 , 336
4933 , 4933
2805 , 2805
4907 , 4907
1262 , 1262
1921 , 1921
67 , 67
114 , 114
1400 , 1400
2 , 2
3540 , 3540
42 , 42
5951 , 5951
1 , 1
11 , 11
415 , 415
86 , 86
1 , 1
87 , 87
11 , 11
3 , 3
32 , 32
1 , 0
23 , 9
1064 , 1064
477 , 477
5 , 5
1278 , 1278
31 , 31
662 , 662
177 , 0
5570 , 5570
323 , 323
1 , 1
1 , 0
320 , 320
820 , 820
91 , 91
3 , 3
377 , 377
1215 , 1215
314 , 314
233 , 233
1 , 1
3990 , 3990
1974 , 1974
24 , 0
61 , 61
3015 , 3015
62 , 62
6349 , 6349
9660 , 9660
277 , 277
198 , 198
2 , 2
6 , 6
4051 , 4051
69 , 69
3 , 1
1 , 1
229 , 229
521 , 521
2 , 0
1 , 1
100 , 100
6354 , 6161
1316 , 1316
5836 , 5833
7201 , 7201
353 , 353
5067 , 5067
9435 , 9435
3463 , 3463
2311 , 2311
87 , 87
91 , 91
1356 , 1356
1 , 1
57 , 52
5389 , 5389
11 , 11
777 , 777
4241 , 4241
4928 , 4927
1043 , 1043
184 , 184
11 , 11
1 , 1
3700 , 3700
2363 , 2363
791 , 791
7 , 7
20 , 20
1 , 1
1 , 1
1 , 0
85 , 85
110 , 109
62 , 62
6279 , 6279
1 , 1
42 , 41
84 , 84
5 , 5
123 , 123
6730 , 6730
2 , 2
1197 , 1197
1 , 1
170 , 170
44 , 44
3714 , 3714
1 , 1
5 , 5
1349 , 1349
2941 , 2941
1230 , 1228
4 , 4
11 , 11
5462 , 5461
316 , 316
807 , 807
1 , 1
2 , 2
4465 , 4465
430 , 430
268 , 268
1894 , 1894
1402 , 1402
37 , 37
1 , 1
7 , 7
98 , 98
90 , 90
3594 , 3594
2641 , 2633
5 , 5
497 , 497
22 , 22
1550 , 1550
66 , 29
94 , 94
7165 , 7165
12 , 12
30 , 30
2130 , 2129
5 , 5
2 , 2
8 , 8
3 , 3
11 , 11
11 , 11
5 , 5
114 , 114
11 , 11
10 , 10
26 , 0
28 , 28
11 , 11
2868 , 2868
14 , 14
8 , 8
8540 , 8540
343 , 343
158 , 158
4 , 0
21 , 21
76 , 76
13 , 13
5109 , 5109
319 , 319
1 , 1
1876 , 1876
73 , 73
47 , 34
2 , 2
1126 , 1126
723 , 720
569 , 569
1 , 1
45 , 45
65 , 65
140 , 140
250 , 250
2 , 2
534 , 534
1 , 1
8568 , 8568
5 , 5
193 , 193
56 , 56
1871 , 1871
26 , 24
78 , 78
62 , 62
4 , 4
111 , 111
12 , 12
777 , 777
5 , 5
56 , 56
713 , 713
1725 , 1725
15 , 15
99 , 99
4 , 4
60 , 60
738 , 738
1 , 1
3 , 3
93 , 93
366 , 366
486 , 486
5 , 5
36 , 36
2158 , 2158
591 , 591
19 , 19
98 , 98
2954 , 2954
3 , 0
25 , 25
9 , 9
692 , 692
51 , 51
1706 , 1706
534 , 534
13 , 13
1 , 1
6 , 0
170 , 170
54 , 54
9298 , 9298
68 , 68
209 , 209
625 , 625
379 , 379
5 , 5
1 , 1
4580 , 4580
5 , 5
10 , 10
3489 , 3489
1 , 1
1 , 1
1534 , 1534
2 , 2
3 , 3
1 , 1
286 , 286
76 , 76
3 , 3
1203 , 1203
2631 , 2631
1 , 1
1 , 1
43 , 43
1 , 1
2912 , 2912
578 , 578
80 , 80
3 , 3
620 , 620
2357 , 2357
197 , 197
1 , 1
393 , 393
4 , 4
245 , 245
578 , 578
3 , 3
63 , 63
8 , 8
213 , 213
334 , 334
2899 , 2899
71 , 71
7 , 7
331 , 331
333 , 333
443 , 442
105 , 105
6 , 6
23 , 23
774 , 774
29 , 29
448 , 448
2 , 2
40 , 40
92 , 92
8 , 8
152 , 152
18 , 18
25 , 25
32 , 32
1 , 0
156 , 156
1 , 1
39 , 33
1 , 1
2 , 0
5365 , 5365
117 , 117
21 , 15
50 , 50
1 , 1
4286 , 4286
3 , 3
4 , 4
3 , 3
179 , 179
3 , 3
42 , 42
5 , 5
1 , 1
7647 , 7647
4059 , 4059
15 , 15
2 , 2
4 , 4
22 , 22
111 , 111
997 , 997
1 , 1
39 , 39
211 , 211
2 , 2
3068 , 3068
4 , 4
169 , 169
10 , 10
48 , 48
1770 , 1770
273 , 273
85 , 85
826 , 826
9025 , 9024
2943 , 2943
4650 , 4650
645 , 645
69 , 69
79 , 79
4483 , 4483
7 , 7
5180 , 4893
1 , 1
2 , 2
2 , 2
19 , 19
42 , 42
3 , 3
6 , 6
4862 , 4862
6 , 6
316 , 316
197 , 197
3 , 3
44 , 44
5350 , 5350
2382 , 2382
3453 , 3453
1 , 1
8456 , 8455
262 , 262
3120 , 3120
2 , 2
20 , 20
1550 , 1358
574 , 574
9 , 9
8474 , 8474
1 , 1
32 , 32
27 , 27
545 , 545
2718 , 2718
248 , 248
80 , 80
3 , 0
17 , 17
59 , 59
9416 , 9416
91 , 91
896 , 896
35 , 35
1 , 1
99 , 96
171 , 171
8629 , 8629
4345 , 4345
153 , 153
115 , 108
5501 , 5034
1 , 1
1867 , 1867
49 , 49
94 , 94
10 , 10
22 , 22
1395 , 1395
675 , 675
13 , 13
36 , 34
1 , 1
49 , 49
2 , 2
1832 , 1832
103 , 103
107 , 107
1163 , 1163
7924 , 7924
377 , 377
9 , 8
180 , 180
23 , 23
3668 , 3668
86 , 86
5 , 5
4 , 4
1762 , 1762
211 , 211
1153 , 1153
1796 , 1796
1321 , 1321
578 , 578
41 , 41
1 , 1
16 , 16
142 , 142
6 , 6
16 , 16
14 , 14
2 , 2
21 , 21
247 , 247
3 , 3
146 , 146
43 , 33
10 , 10
10 , 10
5 , 5
9608 , 9608
1 , 1
4 , 4
5483 , 5483
4071 , 4071
7 , 7
17 , 17
481 , 481
5092 , 5092
5721 , 5721
10 , 10
1 , 1
127 , 127
4 , 4
5860 , 5860
72 , 72
273 , 273
21 , 21
1 , 0
1 , 1
63 , 63
7253 , 7253
10 , 10
40 , 40
307 , 307
105 , 105
4206 , 4206
7303 , 7303
5 , 0
14 , 14
1 , 1
5189 , 5189
4287 , 4287
182 , 182
219 , 219
722 , 722
242 , 242
2409 , 2409
1419 , 1419
3 , 3
822 , 822
342 , 342
279 , 279
11 , 11
1 , 1
6 , 6
158 , 158
3 , 3
421 , 421
350 , 349
5352 , 5352
1 , 1
9 , 9
7 , 7
867 , 867
1 , 1
929 , 925
1038 , 1038
10 , 9
22 , 22
18 , 18
23 , 23
54 , 54
203 , 203
2852 , 2852
19 , 18
3 , 3
6971 , 6971
169 , 169
5 , 5
2993 , 2993
1135 , 1129
146 , 146
2149 , 2149
10 , 10
1833 , 1833
15 , 15
8862 , 8862
25 , 25
27 , 27
6642 , 6642
761 , 761
10 , 10
144 , 144
26 , 26
9680 , 9680
340 , 340
343 , 343
2101 , 2101
166 , 166
7770 , 7769
2332 , 2332
135 , 135
37 , 37
1753 , 1753
20 , 20
4 , 4
1 , 1
38 , 38
479 , 479
1 , 1
227 , 227
183 , 183
52 , 52
1169 , 1169
3 , 3
80 , 80
40 , 40
7303 , 7303
4732 , 4732
509 , 66
1049 , 1049
24 , 24
3709 , 3709
33 , 33
233 , 233
1 , 1
3707 , 3707
4 , 0
2947 , 2947
564 , 564
87 , 87
2 , 2
1 , 1
6 , 6
1 , 0
5 , 5
2 , 2
1 , 1
4886 , 4886
287 , 287
11 , 11
130 , 130
513 , 513
13 , 13
16 , 16
2 , 2
1876 , 1872
1235 , 1235
6 , 6
68 , 68
5 , 5
470 , 460
4441 , 4441
3251 , 3251
4 , 4
55 , 55
364 , 364
1 , 1
4 , 4
8 , 8
10 , 7
1776 , 1776
129 , 129
8486 , 8486
138 , 138
69 , 69
179 , 179
5 , 5
911 , 911
5603 , 5603
20 , 20
33 , 33
1 , 0
9 , 2
27 , 27
5 , 4
462 , 453
165 , 165
1 , 1
56 , 56
7 , 7
2 , 2
7783 , 7783
24 , 23
66 , 66
1848 , 1848
4 , 4
2 , 2
1 , 0
131 , 131
130 , 130
2 , 2
1631 , 1631
336 , 311
17 , 17
60 , 60
1 , 1
605 , 605
915 , 915
2395 , 2394
131 , 131
212 , 212
1 , 1
10 , 10
2 , 2
1472 , 1472
314 , 314
269 , 269
68 , 68
9215 , 9215
1194 , 1194
1 , 0
5625 , 5625
752 , 752
1 , 1
3 , 3
2282 , 2265
3 , 3
72 , 72
748 , 746
9 , 9
57 , 57
4 , 4
4 , 4
24 , 24
6 , 6
200 , 200
25 , 25
5553 , 5553
4485 , 4485
4 , 4
7642 , 7642
1801 , 1801
5 , 4
4295 , 4292
341 , 341
1 , 1
439 , 439
7 , 7
449 , 449
3 , 3
156 , 156
260 , 260
1 , 1
1094 , 1094
59 , 59
4 , 4
1 , 1
298 , 298
3 , 3
263 , 263
1892 , 1892
5 , 5
1 , 1
147 , 147
1 , 1
34 , 34
1944 , 1944
4110 , 4110
3359 , 3359
4 , 4
7 , 7
485 , 485
151 , 151
1155 , 1155
1562 , 1562
7 , 7
676 , 676
1752 , 1752
19 , 19
1 , 1
3 , 3
4174 , 4174
1603 , 1603
127 , 127
589 , 589
2182 , 2182
2 , 0
36 , 36
4115 , 4115
1 , 1
92 , 92
838 , 838
1073 , 1073
10 , 10
24 , 24
910 , 910
1473 , 1473
319 , 319
1868 , 1868
6 , 6
6 , 6
1068 , 1068
21 , 21
61 , 61
4667 , 4667
3208 , 3208
1 , 1
7 , 7
7002 , 6927
5 , 5
52 , 52
7 , 7
9 , 9
1 , 1
51 , 51
4534 , 4534
29 , 26
54 , 54
2488 , 2488
6 , 6
8 , 8
30 , 30
9989 , 9989
2097 , 2097
450 , 450
84 , 78
4521 , 4521
9 , 9
27 , 26
1 , 1
47 , 47
1 , 1
9378 , 9378
2 , 2
2275 , 2275
27 , 27
110 , 110
15 , 15
273 , 273
1837 , 1837
1270 , 1270
3100 , 3100
51 , 51
481 , 481
172 , 172
7 , 7
53 , 53
538 , 538
1897 , 1897
52 , 52
17 , 17
15 , 15
1281 , 1281
177 , 177
6895 , 6895
2099 , 2099
1070 , 1070
102 , 102
1355 , 1355
31 , 31
7097 , 7097
1088 , 1088
2713 , 2713
4080 , 4080
1027 , 1027
25 , 25
7 , 7
3 , 3
5 , 5
1 , 1
23 , 23
1 , 1
1979 , 1979
1 , 1
47 , 47
27 , 27
5960 , 5960
12 , 12
7 , 7
34 , 34
1 , 1
5 , 5
47 , 47
5250 , 5234
554 , 554
2 , 2
9 , 8
30 , 30
3 , 3
1 , 1
255 , 255
1 , 1
109 , 109
5 , 5
2588 , 2588
1 , 0
1 , 1
125 , 125
4690 , 4690
4 , 4
1 , 1
11 , 11
61 , 61
1025 , 1025
1 , 1
9 , 0
77 , 77
946 , 946
2 , 2
146 , 146
3521 , 3521
52 , 52
8 , 8
22 , 22
19 , 19
844 , 844
13 , 13
5168 , 5168
4 , 0
337 , 337
1 , 1
2495 , 2495
1 , 0
5 , 5
41 , 41
21 , 21
103 , 103
225 , 225
3 , 3
40 , 40
23 , 23
27 , 27
25 , 25
1 , 1
34 , 34
834 , 832
770 , 770
456 , 456
2331 , 2331
36 , 36
221 , 221
98 , 98
8 , 8
183 , 182
2 , 2
3 , 3
728 , 728
3 , 0
2551 , 2551
2 , 2
502 , 501
1 , 1
17 , 17
8 , 8
1 , 1
2 , 2
11 , 5
8 , 8
14 , 7
589 , 589
852 , 852
3438 , 3438
181 , 181
536 , 536
4 , 4
74 , 74
1 , 0
5 , 5
6651 , 6651
232 , 232
1 , 0
286 , 286
1 , 1
1159 , 1159
1 , 1
152 , 152
180 , 180
31 , 31
1 , 1
8 , 8
295 , 295
21 , 21
883 , 883
1 , 1
794 , 794
10 , 10
1 , 1
2 , 1
6691 , 6691
8 , 0
44 , 44
57 , 57
18 , 18
2 , 2
418 , 418
643 , 643
5441 , 5441
145 , 145
29 , 29
233 , 183
1 , 1
86 , 86
4 , 4
6 , 6
2 , 2
1 , 1
9971 , 9971
147 , 147
5 , 5
97 , 91
126 , 43
3412 , 3412
3 , 3
1 , 1
1 , 1
23 , 23
2 , 2
106 , 106
6756 , 6756
3367 , 3367
47 , 47
6534 , 6534
7 , 7
446 , 446
3 , 3
108 , 107
9 , 9
5608 , 5608
2 , 2
13 , 13
279 , 279
1 , 1
1 , 0
63 , 63
3 , 3
2 , 1
3 , 0
80 , 80
6097 , 6091
453 , 453
11 , 11
60 , 60
3478 , 3478
39 , 39
665 , 663
129 , 120
11 , 10
11 , 7
1 , 1
10 , 10
165 , 157
29 , 29
215 , 215
87 , 87
3 , 0
2 , 2
7 , 7
92 , 92
1 , 1
146 , 146
1109 , 919
1 , 1
53 , 51
3852 , 3852
3483 , 3483
102 , 102
3191 , 3191
456 , 456
2805 , 2805
5825 , 5825
4 , 4
272 , 272
174 , 174
8 , 8
180 , 180
7903 , 7903
1 , 1
1835 , 1835
6707 , 6707
229 , 229
5 , 5
8440 , 8440
2833 , 2833
1503 , 1503
806 , 805
5 , 5
32 , 32
69 , 69
13 , 13
1 , 1
2832 , 2784
314 , 314
38 , 38
23 , 23
4080 , 4080
6 , 6
1 , 1
9029 , 9029
111 , 0
4 , 4
405 , 393
244 , 244
38 , 36
2 , 2
1 , 1
6062 , 6062
1661 , 1661
14 , 14
4819 , 4819
3 , 3
1 , 1
37 , 37
137 , 137
51 , 51
15 , 14
1315 , 1315
4 , 4
353 , 353
3 , 3
361 , 361
2 , 2
26 , 26
20 , 20
1669 , 1669
1 , 1
140 , 140
4 , 4
4 , 4
21 , 21
17 , 17
7005 , 7005
1 , 1
9 , 9
1027 , 1027
5651 , 5651
222 , 222
126 , 126
833 , 833
640 , 640
1330 , 1330
33 , 33
1 , 0
144 , 144
2 , 2
8650 , 8650
43 , 43
1 , 1
7453 , 7401
1 , 0
2 , 2
1 , 1
18 , 18
1890 , 1890
3082 , 3082
1 , 1
9 , 6
7 , 7
225 , 200
1 , 1
94 , 94
853 , 853
224 , 224
7017 , 6956
159 , 159
5 , 5
9338 , 9338
2 , 2
1335 , 1335
91 , 91
678 , 678
6 , 6
42 , 18
5519 , 5519
20 , 20
6 , 6
1 , 0
1795 , 1795
5 , 5
1930 , 1930
269 , 269
61 , 61
5 , 5
3 , 2
7 , 7
10 , 10
219 , 219
6 , 6
30 , 30
497 , 497
361 , 361
18 , 18
5623 , 5623
504 , 504
4 , 4
1 , 1
1456 , 1456
2 , 2
9065 , 9065
4096 , 4066
9263 , 9263
11 , 11
10 , 10
46 , 46
13 , 13
2983 , 2983
223 , 223
33 , 33
53 , 53
279 , 279
1 , 1
49 , 49
1 , 1
1165 , 1145
34 , 34
1 , 1
89 , 89
47 , 46
595 , 595
9 , 9
228 , 228
848 , 848
746 , 746
1 , 1
2523 , 2523
21 , 21
10 , 10
838 , 215
811 , 811
13 , 13
43 , 43
4426 , 4426
1980 , 1980
13 , 13
2083 , 2083
14 , 14
4 , 4
1165 , 1165
2079 , 2079
22 , 22
455 , 455
4 , 4
1175 , 1175
1078 , 1078
339 , 339
4 , 4
14 , 14
3 , 3
8 , 8
2 , 2
98 , 96
17 , 17
30 , 30
579 , 579
10 , 10
6 , 0
144 , 144
4 , 0
182 , 182
6144 , 6144
161 , 161
2659 , 2424
401 , 401
2 , 0
4 , 4
2 , 2
248 , 248
528 , 527
5590 , 5590
1 , 1
2412 , 2412
767 , 767
226 , 226
15 , 15
193 , 115
34 , 34
7220 , 7220
6917 , 6917
44 , 44
343 , 293
1 , 1
2 , 2
57 , 57
183 , 183
1318 , 1318
1 , 1
83 , 83
2 , 0
1 , 1
191 , 191
979 , 979
9946 , 9946
4 , 4
3384 , 3384
1377 , 1377
1711 , 1675
94 , 94
288 , 288
165 , 165
103 , 103
167 , 167
275 , 275
5 , 5
3 , 3
10 , 8
1278 , 1278
767 , 767
1 , 1
2 , 2
2971 , 2971
8 , 8
208 , 208
808 , 808
5319 , 4707
4251 , 4251
42 , 42
26 , 26
1 , 1
17 , 17
1 , 0
225 , 214
72 , 72
398 , 398
16 , 16
14 , 14
2425 , 2425
120 , 120
669 , 669
109 , 107
1129 , 1129
3592 , 3592
14 , 14
24 , 24
4327 , 4327
1 , 1
30 , 30
4437 , 4437
10 , 10
10 , 10
1 , 1
18 , 3
41 , 41
1 , 1
2 , 2
13 , 13
3 , 3
7 , 5
7 , 7
7961 , 7961
18 , 18
37 , 37
43 , 41
9 , 9
62 , 62
4563 , 4563
1 , 1
6901 , 6901
2947 , 2947
2400 , 2400
43 , 43
6 , 6
1 , 1
103 , 103
15 , 15
8271 , 8271
6044 , 6044
5 , 5
1868 , 1868
2590 , 2590
81 , 81
95 , 95
2 , 2
1242 , 1242
17 , 17
835 , 835
3 , 3
64 , 64
89 , 89
1 , 1
3 , 3
197 , 197
10 , 10
841 , 841
3 , 3
17 , 17
47 , 47
1 , 0
3835 , 3817
9483 , 9483
8912 , 8911
43 , 43
1 , 1
40 , 40
2331 , 2331
970 , 970
16 , 16
4023 , 4023
429 , 429
3 , 3
21 , 21
5343 , 5343
37 , 37
26 , 26
55 , 55
1940 , 1940
13 , 13
346 , 346
5554 , 5554
737 , 737
838 , 838
204 , 204
43 , 43
2257 , 2256
453 , 453
2161 , 2161
5970 , 5970
8 , 7
17 , 17
8674 , 8674
99 , 99
4014 , 4014
13 , 13
1970 , 1970
2906 , 2906
1 , 1
63 , 63
385 , 381
5327 , 5327
173 , 173
30 , 30
8 , 8
1482 , 1482
16 , 16
351 , 351
6 , 6
3 , 3
3841 , 3841
9 , 8
17 , 17
1 , 1
1355 , 1355
1 , 1
3 , 3
6 , 0
25 , 25
9848 , 9848
4 , 4
879 , 879
1 , 0
1626 , 1625
1 , 0
131 , 131
494 , 494
306 , 306
52 , 52
233 , 233
188 , 188
90 , 80
29 , 29
17 , 0
350 , 350
650 , 650
18 , 18
14 , 14
62 , 62
1374 , 1374
1 , 1
4 , 4
46 , 46
405 , 405
1 , 0
8971 , 8971
1 , 1
6803 , 6803
730 , 695
1481 , 1481
2 , 2
174 , 174
66 , 66
1 , 1
9 , 9
4379 , 4379
4939 , 4939
1066 , 1066
15 , 12
581 , 581
2 , 2
539 , 539
4 , 4
240 , 240
159 , 159
24 , 24
2905 , 2905
9951 , 9951
20 , 20
1 , 1
845 , 845
2111 , 2111
1026 , 1026
179 , 179
3737 , 3737
1 , 1
11 , 11
15 , 15
1046 , 1046
1 , 1
130 , 130
727 , 727
4195 , 4195
351 , 351
53 , 53
1 , 0
1 , 0
15 , 15
1 , 1
800 , 800
1316 , 1316
169 , 169
9490 , 9490
1066 , 1066
459 , 457
27 , 27
9494 , 9494
1904 , 1904
1 , 1
363 , 362
2 , 2
1 , 0
187 , 187
350 , 350
1 , 0
12 , 12
1698 , 1698
3715 , 3691
3 , 0
9 , 9
227 , 227
186 , 186
1 , 1
6 , 6
2 , 1
23 , 23
1284 , 1284
108 , 108
3 , 3
148 , 148
18 , 18
106 , 106
5427 , 5427
255 , 255
9 , 9
3 , 3
2225 , 2225
9623 , 9622
3898 , 3898
76 , 76
1 , 1
57 , 57
6 , 6
2 , 2
7401 , 7401
129 , 129
2 , 2
7 , 7
200 , 200
3 , 3
4 , 4
2 , 2
3 , 3
1134 , 1134
2 , 2
4 , 4
166 , 166
835 , 834
239 , 239
11 , 11
214 , 214
49 , 49
419 , 419
97 , 97
11 , 0
163 , 145
1 , 1
7320 , 7320
22 , 22
3501 , 3501
53 , 53
1764 , 1764
9530 , 9530
377 , 377
8 , 8
2 , 2
18 , 18
3531 , 3531
9 , 9
194 , 194
6 , 6
107 , 107
5404 , 5397
1 , 1
23 , 23
5 , 5
20 , 20
3 , 1
73 , 0
1 , 1
169 , 169
1 , 1
23 , 23
197 , 197
3572 , 3572
125 , 125
1357 , 980
608 , 608
1419 , 1419
25 , 25
70 , 70
3 , 3
3045 , 3045
572 , 572
477 , 477
20 , 20
2 , 0
79 , 79
77 , 77
8806 , 8806
2241 , 2241
470 , 460
54 , 54
1 , 1
1 , 1
1 , 1
91 , 91
413 , 413
2 , 2
1 , 1
5 , 5
3881 , 3881
57 , 57
10 , 10
12 , 12
20 , 20
44 , 44
27 , 27
1054 , 1054
665 , 665
17 , 17
292 , 292
1 , 0
3383 , 3383
2 , 2
1 , 1
352 , 352
5 , 5
12 , 12
1 , 1
1 , 1
2511 , 2511
351 , 351
82 , 82
6 , 6
3606 , 3606
275 , 275
18 , 3
105 , 105
1790 , 1790
1 , 1
2 , 2
146 , 146
611 , 611
3 , 3
179 , 179
526 , 526
173 , 128
28 , 28
14 , 14
4612 , 4612
787 , 787
754 , 754
1153 , 1152
299 , 299
4 , 4
189 , 189
161 , 161
4438 , 4438
9358 , 9358
32 , 32
10 , 10
19 , 19
2 , 2
1 , 0
18 , 18
6 , 6
6882 , 6871
1 , 1
32 , 32
721 , 711
1 , 1
2581 , 2581
5891 , 5891
486 , 477
5 , 5
1 , 1
23 , 23
609 , 609
87 , 87
21 , 21
1 , 1
1915 , 1840
8845 , 8845
1 , 1
16 , 16
2 , 2
3040 , 3040
2755 , 2755
1 , 1
11 , 11
1 , 1
41 , 41
113 , 113
32 , 32
797 , 797
952 , 952
41 , 41
603 , 603
1707 , 1707
16 , 16
765 , 765
98 , 98
8605 , 8605
187 , 187
1924 , 1924
3050 , 3020
1280 , 1280
1 , 1
33 , 33
2 , 2
5 , 5
2641 , 2641
29 , 29
247 , 247
16 , 16
50 , 49
22 , 22
1 , 1
348 , 348
5 , 0
20 , 20
1 , 1
1 , 1
2 , 2
421 , 342
326 , 326
13 , 13
105 , 105
6092 , 5899
53 , 53
276 , 276
380 , 379
3567 , 3567
3 , 3
279 , 279
116 , 116
2225 , 2225
27 , 27
7 , 7
54 , 54
15 , 15
1280 , 1280
46 , 46
3381 , 3381
1 , 1
4 , 4
1 , 1
4564 , 4564
1 , 1
9 , 9
24 , 24
28 , 28
1 , 1
175 , 175
7918 , 7918
306 , 306
72 , 72
2867 , 2867
4446 , 4446
3 , 3
133 , 133
7 , 7
2 , 2
6319 , 6319
78 , 78
122 , 122
7404 , 7404
5 , 5
8857 , 8857
1343 , 1343
226 , 226
8275 , 8268
1113 , 1113
4 , 4
3753 , 3753
160 , 160
303 , 303
2 , 2
1 , 1
65 , 65
226 , 226
28 , 28
52 , 52
385 , 368
1 , 1
5 , 2
219 , 219
11 , 11
4 , 4
9096 , 9092
1 , 1
7762 , 7762
60 , 60
1 , 1
4034 , 4034
1 , 0
328 , 328
73 , 73
24 , 23
106 , 106
5 , 5
1524 , 1524
5154 , 5154
8 , 8
392 , 392
29 , 29
253 , 253
2679 , 2679
466 , 466
28 , 28
1 , 0
18 , 18
2211 , 2211
38 , 38
146 , 146
3 , 3
1322 , 1322
57 , 57
2917 , 2907
8 , 8
5580 , 5580
363 , 363
1 , 1
9737 , 9737
833 , 833
292 , 274
78 , 78
506 , 506
9 , 9
1761 , 1761
4864 , 4864
2 , 2
929 , 929
68 , 68
7 , 7
1486 , 1486
55 , 55
3 , 3
9821 , 9821
413 , 413
218 , 218
817 , 752
246 , 208
1372 , 1372
8987 , 8987
502 , 502
2 , 2
1 , 1
85 , 85
855 , 855
9 , 9
3 , 3
251 , 251
2 , 0
191 , 191
135 , 135
1095 , 1095
5293 , 5293
101 , 101
1 , 1
3781 , 3781
4998 , 4975
167 , 167
2644 , 2644
57 , 57
2455 , 2455
194 , 194
18 , 18
3 , 3
984 , 984
484 , 484
215 , 215
58 , 55
4 , 4
367 , 367
4 , 4
1 , 1
6 , 6
1 , 1
1 , 1
83 , 83
50 , 50
3 , 3
105 , 104
109 , 109
842 , 842
92 , 92
306 , 306
3587 , 3587
549 , 549
1 , 1
103 , 103
340 , 340
7306 , 7306
1092 , 1092
436 , 436
3 , 3
931 , 931
13 , 13
2 , 2
1 , 1
1087 , 1087
3013 , 3013
859 , 859
1 , 1
421 , 421
561 , 561
36 , 36
47 , 47
28 , 28
92 , 92
108 , 108
4885 , 4885
61 , 61
91 , 91
42 , 42
835 , 835
1 , 1
14 , 14
680 , 670
15 , 13
6333 , 6332
51 , 51
53 , 53
726 , 725
3 , 3
6321 , 6321
79 , 79
36 , 36
8408 , 8408
1 , 1
9 , 9
4233 , 4233
2960 , 2960
6402 , 6402
765 , 764
166 , 166
39 , 39
60 , 60
2595 , 2595
1 , 1
1 , 1
4 , 4
72 , 72
3 , 2
71 , 70
212 , 212
3 , 3
45 , 43
14 , 14
5219 , 5219
2 , 2
38 , 38
198 , 198
1373 , 1373
2 , 0
12 , 12
32 , 32
1 , 1
3774 , 3774
666 , 666
4 , 4
9792 , 9792
55 , 55
20 , 16
6 , 2
255 , 252
1 , 1
95 , 95
1188 , 1188
2542 , 2542
12 , 12
149 , 149
52 , 52
453 , 453
6 , 2
962 , 962
7011 , 7011
9 , 9
6 , 6
124 , 124
1135 , 1135
1 , 1
1 , 1
1 , 1
4516 , 4516
2309 , 2309
12 , 12
1 , 0
1565 , 1565
36 , 36
3 , 3
33 , 33
158 , 158
2 , 2
2120 , 2120
1 , 1
668 , 668
2 , 2
5769 , 5769
2765 , 2764
128 , 128
328 , 327
380 , 380
57 , 57
244 , 244
117 , 117
7343 , 7343
4371 , 4371
133 , 132
24 , 24
17 , 9
2 , 2
1151 , 1151
17 , 17
5868 , 5868
2 , 2
3903 , 3903
34 , 34
44 , 44
25 , 25
12 , 12
7658 , 7658
610 , 610
19 , 11
490 , 490
3631 , 3623
9422 , 9422
13 , 13
2136 , 2136
2 , 2
1 , 1
1944 , 1944
15 , 15
21 , 21
9683 , 9683
2 , 2
26 , 26
247 , 247
37 , 37
22 , 22
3145 , 3145
27 , 27
91 , 91
37 , 37
1 , 1
1 , 1
287 , 287
5 , 5
4 , 4
525 , 525
4 , 4
11 , 11
457 , 457
129 , 129
130 , 130
167 , 167
5374 , 5347
11 , 11
1163 , 1163
673 , 673
124 , 124
307 , 307
1 , 1
34 , 34
17 , 13
89 , 89
1334 , 1334
31 , 31
18 , 18
1695 , 1695
876 , 876
9 , 9
9272 , 9272
1 , 0
80 , 80
4345 , 4345
47 , 47
9 , 9
9 , 8
343 , 343
7 , 7
1017 , 1017
2 , 2
2 , 2
5761 , 5761
741 , 741
2 , 2
1190 , 1190
1606 , 1606
32 , 19
4 , 4
1 , 0
2125 , 2125
550 , 550
1760 , 1760
6 , 6
13 , 13
1 , 1
1 , 1
131 , 131
6 , 6
5 , 5
2952 , 2952
22 , 22
5997 , 5997
4289 , 4289
12 , 12
224 , 224
1 , 0
299 , 299
2 , 2
324 , 324
1 , 1
2 , 0
53 , 53
1216 , 1216
85 , 85
5029 , 4875
59 , 59
224 , 224
21 , 21
1 , 1
193 , 193
5430 , 5430
263 , 263
386 , 386
42 , 42
9 , 9
6 , 6
8 , 5
182 , 182
18 , 17
4 , 4
691 , 691
32 , 32
1 , 1
3444 , 3444
919 , 919
4 , 4
1 , 1
35 , 35
106 , 106
740 , 740
3 , 3
9 , 9
112 , 112
1 , 1
627 , 627
6 , 6
1 , 1
675 , 675
27 , 27
252 , 252
56 , 56
4 , 4
5 , 5
271 , 271
5438 , 5438
837 , 837
9 , 0
58 , 56
1 , 1
19 , 19
1155 , 1155
1 , 1
1116 , 1116
43 , 39
10 , 10
594 , 594
39 , 39
3531 , 3531
927 , 927
741 , 741
44 , 44
4 , 4
1956 , 1956
8 , 8
36 , 36
332 , 332
1 , 0
213 , 213
666 , 666
1 , 0
4 , 4
116 , 116
4 , 4
707 , 707
751 , 751
110 , 110
3 , 3
28 , 28
6334 , 6332
1 , 1
4361 , 4330
131 , 131
28 , 28
3 , 3
6411 , 6411
2 , 2
82 , 82
1 , 0
992 , 992
1 , 1
1485 , 1484
2 , 2
7281 , 7281
360 , 360
3 , 3
9 , 9
18 , 18
6305 , 6305
4 , 4
9 , 9
355 , 355
409 , 409
867 , 867
7642 , 7642
2 , 2
6 , 6
2418 , 2418
1 , 0
578 , 578
932 , 929
99 , 99
1 , 1
5575 , 5565
844 , 844
1700 , 1700
3379 , 3379
1256 , 1256
357 , 357
13 , 13
11 , 10
2 , 2
9191 , 9191
2152 , 2152
631 , 631
6 , 6
1 , 1
159 , 159
106 , 106
124 , 122
48 , 48
3 , 3
5 , 5
4 , 4
387 , 387
17 , 17
6 , 6
1506 , 1506
37 , 37
1 , 1
642 , 642
8 , 8
52 , 43
25 , 25
1 , 1
60 , 60
1072 , 1072
4 , 4
5 , 0
2118 , 2118
9 , 9
70 , 70
507 , 507
267 , 0
3835 , 3835
2 , 2
386 , 386
1902 , 1902
1 , 1
696 , 696
1 , 1
353 , 353
13 , 13
72 , 72
7 , 7
154 , 154
10 , 10
2076 , 2075
8 , 8
27 , 27
160 , 160
1 , 1
19 , 19
281 , 281
206 , 194
1 , 1
436 , 423
207 , 207
2022 , 2022
6 , 6
57 , 52
2653 , 2653
18 , 18
502 , 502
7 , 7
6856 , 6783
67 , 67
200 , 193
10 , 10
96 , 79
451 , 451
31 , 31
1096 , 1096
533 , 533
5721 , 5721
1 , 1
5915 , 5915
7273 , 7273
2 , 2
39 , 39
3 , 3
5164 , 5164
5105 , 5082
1775 , 1775
7 , 7
4 , 4
2 , 2
1 , 1
1 , 0
2626 , 2626
52 , 46
1 , 1
9405 , 9405
1298 , 1182
7 , 7
5 , 5
11 , 11
255 , 255
5 , 4
10 , 10
1 , 1
525 , 525
119 , 119
846 , 838
605 , 605
3 , 3
11 , 2
357 , 357
492 , 491
113 , 109
1 , 1
599 , 599
56 , 56
29 , 29
1 , 1
111 , 111
5197 , 5197
104 , 104
38 , 31
1 , 1
1863 , 1863
37 , 37
154 , 154
37 , 37
1 , 1
242 , 242
33 , 33
8441 , 8441
44 , 44
685 , 685
952 , 952
13 , 13
745 , 745
2094 , 2094
17 , 17
61 , 61
24 , 24
3 , 3
2 , 0
1 , 1
3673 , 3673
58 , 58
21 , 21
64 , 64
1064 , 1064
870 , 870
186 , 186
181 , 181
697 , 697
611 , 611
9 , 9
1035 , 1035
4 , 0
3 , 3
53 , 53
347 , 347
2 , 2
2 , 2
461 , 461
1 , 0
850 , 850
14 , 14
5 , 5
7181 , 7181
1190 , 1190
1063 , 1063
8044 , 8044
269 , 247
1 , 1
172 , 172
3 , 0
861 , 861
35 , 20
14 , 14
3 , 3
18 , 18
1 , 1
1 , 1
350 , 350
12 , 12
1 , 1
1853 , 1853
7 , 6
719 , 719
43 , 43
9202 , 9202
2 , 2
133 , 133
22 , 0
487 , 487
18 , 15
8 , 8
73 , 73
1 , 1
17 , 17
151 , 151
7 , 6
29 , 29
538 , 538
1 , 1
1081 , 1081
6916 , 6916
104 , 104
2 , 2
133 , 133
105 , 105
16 , 16
2622 , 2622
1 , 1
2 , 2
193 , 193
1 , 1
52 , 52
22 , 22
1 , 1
4590 , 4590
1 , 1
63 , 63
95 , 95
1294 , 1294
308 , 308
34 , 34
7 , 7
20 , 20
5 , 5
3400 , 3376
7 , 7
30 , 30
8344 , 8344
175 , 175
1 , 1
353 , 353
25 , 22
349 , 349
109 , 109
1 , 1
10 , 10
2 , 2
3 , 3
4059 , 4059
315 , 315
7 , 6
112 , 112
8 , 8
1 , 1
13 , 13
1468 , 1468
2 , 0
6097 , 6097
38 , 38
76 , 76
1125 , 1125
3031 , 3031
4158 , 4158
18 , 16
18 , 18
571 , 571
3 , 3
4198 , 4198
392 , 392
9 , 9
5438 , 5438
3142 , 3142
38 , 38
1 , 1
5463 , 5463
315 , 315
1475 , 1475
2000 , 1635
1 , 1
259 , 133
6693 , 6692
12 , 10
233 , 233
2 , 2
23 , 23
3050 , 3050
8992 , 8992
8 , 4
4281 , 4281
1 , 1
2 , 2
50 , 50
124 , 124
1 , 0
13 , 13
1163 , 1163
61 , 61
11 , 11
3 , 3
19 , 19
2 , 2
4 , 4
77 , 77
255 , 255
579 , 579
23 , 23
2 , 2
7 , 3
3 , 3
401 , 401
9955 , 9955
9 , 9
5967 , 5967
1456 , 1456
113 , 113
54 , 54
7 , 7
1012 , 1012
7762 , 7762
58 , 58
635 , 635
3746 , 3746
9806 , 9806
169 , 169
3 , 3
62 , 62
14 , 14
16 , 16
513 , 512
3 , 3
3 , 3
77 , 77
326 , 326
310 , 310
77 , 77
939 , 939
1522 , 1522
9164 , 9164
40 , 40
9989 , 9989
1039 , 1039
772 , 772
2 , 2
6 , 6
1 , 0
2080 , 2080
83 , 83
854 , 854
116 , 116
2356 , 2356
90 , 90
598 , 598
14 , 14
589 , 589
292 , 292
5 , 5
4 , 0
4556 , 4556
56 , 56
5 , 5
1 , 1
1006 , 1006
127 , 127
9868 , 9594
77 , 77
73 , 73
289 , 289
11 , 4
11 , 11
1203 , 1203
353 , 353
8 , 8
14 , 14
7770 , 7770
563 , 563
8225 , 8225
1239 , 1239
920 , 920
73 , 73
12 , 12
7429 , 7429
166 , 166
1418 , 1418
2178 , 2178
294 , 294
49 , 49
3 , 3
5527 , 5526
1 , 1
8 , 8
129 , 127
3340 , 3340
92 , 92
4 , 4
6034 , 6034
1 , 1
3 , 3
2 , 2
776 , 776
180 , 180
4 , 4
4 , 4
45 , 0
960 , 960
4 , 4
6 , 0
24 , 0
18 , 18
1 , 1
355 , 355
41 , 41
44 , 44
35 , 0
3 , 3
7 , 7
56 , 56
7100 , 7100
585 , 585
19 , 19
1 , 0
13 , 13
523 , 523
10 , 10
1 , 1
5 , 5
1057 , 1057
863 , 863
2 , 2
1 , 1
545 , 545
1359 , 1359
404 , 404
1 , 1
4058 , 4058
2 , 2
968 , 968
2 , 2
1 , 1
327 , 327
26 , 26
1 , 1
1740 , 1728
5275 , 5275
17 , 17
2076 , 2076
2 , 2
53 , 53
20 , 20
5983 , 5982
61 , 61
1 , 1
58 , 58
914 , 914
492 , 492
8 , 8
77 , 77
4238 , 4238
36 , 36
103 , 103
35 , 35
73 , 73
7 , 7
14 , 14
11 , 11
2610 , 2610
1011 , 1011
37 , 35
87 , 87
1 , 1
73 , 70
15 , 15
4810 , 4810
1 , 1
7199 , 7199
7617 , 7617
76 , 76
992 , 992
6043 , 6043
3 , 3
2 , 2
11 , 11
24 , 24
3 , 3
119 , 119
375 , 375
13 , 13
4425 , 4425
14 , 14
297 , 297
222 , 222
2283 , 2283
581 , 581
80 , 80
5 , 5
3568 , 3568
1657 , 0
70 , 70
274 , 274
64 , 64
1 , 1
435 , 435
6173 , 6173
14 , 14
46 , 46
2 , 2
2 , 2
32 , 32
1270 , 1270
646 , 646
1016 , 1016
777 , 777
7014 , 6988
6 , 6
32 , 32
2 , 2
2 , 2
1 , 1
1162 , 1162
288 , 288
112 , 112
2285 , 2284
2 , 2
2915 , 2915
38 , 0
321 , 321
261 , 261
34 , 34
1945 , 1815
1 , 1
3 , 3
1 , 1
2 , 2
53 , 53
2 , 2
41 , 41
18 , 10
1 , 1
688 , 688
30 , 30
124 , 121
4055 , 4055
2 , 2
209 , 209
2922 , 2922
2857 , 2857
3255 , 3255
55 , 54
1 , 1
2 , 2
1158 , 1158
743 , 743
606 , 606
9512 , 9512
5780 , 5780
5 , 5
157 , 157
1 , 1
3657 , 3657
1425 , 1425
86 , 86
506 , 506
167 , 167
629 , 626
140 , 140
947 , 947
215 , 215
75 , 75
2 , 2
7778 , 7778
994 , 994
1 , 1
18 , 18
22 , 22
1 , 1
275 , 275
656 , 656
74 , 74
9977 , 9976
131 , 131
987 , 987
3 , 0
13 , 13
673 , 673
10 , 10
35 , 35
10 , 10
2 , 2
91 , 87
3282 , 3282
2631 , 2631
8 , 8
3 , 3
4826 , 4826
3469 , 3449
2450 , 2450
14 , 14
31 , 31
1 , 1
2 , 2
7 , 7
24 , 24
16 , 16
2 , 2
16 , 1
652 , 652
23 , 23
16 , 16
4087 , 4087
12 , 12
77 , 77
1 , 1
1 , 1
16 , 16
1 , 1
18 , 18
21 , 21
2476 , 2476
36 , 36
2 , 2
54 , 51
56 , 56
8223 , 8223
6 , 0
2 , 2
66 , 66
3746 , 3746
38 , 38
63 , 0
5 , 5
11 , 11
12 , 0
50 , 50
3235 , 3235
10 , 10
23 , 17
1708 , 1708
4 , 2
23 , 23
150 , 150
1 , 1
6378 , 6378
5 , 0
4 , 4
24 , 24
1244 , 1244
4 , 4
1703 , 1703
3343 , 3343
107 , 107
65 , 65
55 , 55
8611 , 8610
3689 , 3689
324 , 324
1322 , 1322
30 , 30
1 , 1
1 , 1
2486 , 2486
1741 , 1738
6072 , 6072
2476 , 2475
430 , 430
1 , 1
4 , 4
238 , 238
4 , 4
1 , 1
357 , 357
107 , 107
3 , 3
60 , 60
2408 , 2407
1 , 1
84 , 84
6 , 6
1066 , 1066
2548 , 2548
13 , 13
9 , 9
1 , 1
113 , 113
5899 , 5899
820 , 820
2047 , 2047
14 , 14
135 , 134
6 , 6
75 , 75
7645 , 7645
671 , 669
4 , 4
93 , 93
862 , 862
1 , 1
1 , 1
121 , 121
4 , 4
4 , 4
3 , 3
1 , 1
1076 , 1076
5 , 5
9984 , 9984
13 , 13
9191 , 9191
2 , 2
1384 , 1384
2 , 2
122 , 0
279 , 258
6 , 6
458 , 458
152 , 152
792 , 792
30 , 29
4199 , 4199
5251 , 5251
3 , 1
2658 , 2658
1 , 1
6568 , 6568
119 , 119
467 , 467
1592 , 1592
7407 , 7407
6457 , 6457
2 , 2
1 , 1
33 , 33
499 , 499
144 , 144
389 , 389
3 , 3
8 , 8
11 , 11
12 , 0
5908 , 5907
36 , 36
2227 , 2227
4 , 0
976 , 976
1 , 1
6107 , 6107
15 , 15
67 , 67
84 , 84
6137 , 6137
1 , 1
464 , 464
3 , 3
231 , 226
1 , 1
14 , 14
2 , 2
1 , 1
5 , 5
113 , 113
4 , 0
17 , 16
1 , 1
1 , 1
1297 , 1297
665 , 665
2450 , 2450
1 , 1
144 , 144
100 , 100
10 , 10
39 , 39
1 , 1
7107 , 7107
82 , 82
13 , 13
388 , 388
10 , 10
2536 , 2536
195 , 170
17 , 17
13 , 13
50 , 50
1 , 1
1 , 0
13 , 13
5 , 5
1 , 1
99 , 99
16 , 16
1 , 1
5 , 5
1 , 1
1071 , 1071
942 , 942
1 , 1
1565 , 1565
3 , 3
7521 , 7521
22 , 22
1 , 1
8 , 0
4662 , 4662
8352 , 8349
343 , 343
158 , 158
185 , 185
5 , 5
2 , 2
633 , 633
357 , 355
1634 , 1634
4 , 4
261 , 260
4 , 4
2649 , 2649
3500 , 3474
1 , 1
4982 , 4982
56 , 56
70 , 70
1135 , 1135
109 , 109
5 , 5
65 , 65
1 , 0
17 , 17
13 , 0
4 , 4
40 , 40
82 , 82
73 , 73
14 , 14
65 , 65
78 , 78
1 , 1
29 , 29
59 , 59
17 , 17
91 , 91
696 , 696
1 , 1
7682 , 7682
1569 , 1569
442 , 438
5 , 5
1 , 1
49 , 49
162 , 162
3557 , 3249
3 , 3
1157 , 1157
6 , 6
75 , 71
3112 , 3112
12 , 12
729 , 729
510 , 510
72 , 72
175 , 160
5 , 5
8 , 8
1 , 1
395 , 355
4 , 4
3 , 3
68 , 68
563 , 563
2 , 2
2 , 2
52 , 52
33 , 33
441 , 441
31 , 31
811 , 811
64 , 64
1477 , 1477
697 , 697
116 , 116
7 , 7
1 , 1
3528 , 3528
811 , 811
12 , 12
7 , 7
710 , 710
7 , 7
1806 , 1806
209 , 209
4 , 4
16 , 12
559 , 559
8250 , 8250
988 , 988
10 , 10
49 , 49
9581 , 9581
11 , 0
203 , 170
90 , 90
780 , 780
14 , 14
15 , 6
52 , 52
38 , 37
1000 , 1000
1 , 1
1971 , 1971
922 , 922
27 , 27
84 , 84
1 , 0
2 , 2
6 , 6
124 , 124
15 , 15
98 , 95
539 , 539
33 , 33
61 , 61
4085 , 4085
376 , 376
1 , 0
5271 , 5271
1054 , 1054
932 , 932
40 , 40
4462 , 4456
2 , 2
9 , 9
67 , 67
76 , 76
2 , 2
1 , 1
89 , 89
567 , 567
136 , 136
9 , 9
3111 , 3111
68 , 68
270 , 270
34 , 34
1 , 1
4 , 4
426 , 426
16 , 16
127 , 127
792 , 792
4 , 4
6794 , 6793
5049 , 5049
10 , 10
3329 , 3329
2 , 2
220 , 220
1 , 1
5 , 5
28 , 28
497 , 497
411 , 411
14 , 14
3 , 0
641 , 641
56 , 43
4071 , 4071
1 , 1
3053 , 3053
2 , 2
661 , 661
2186 , 2186
1076 , 1056
6 , 6
1734 , 1734
4839 , 4830
2255 , 2255
67 , 67
192 , 190
3509 , 3509
7 , 7
38 , 33
4 , 4
507 , 507
560 , 560
3 , 3
18 , 18
4 , 4
228 , 228
1 , 1
33 , 33
43 , 43
62 , 44
3 , 0
175 , 173
4 , 4
3 , 3
46 , 46
535 , 535
196 , 196
11 , 11
388 , 388
52 , 52
37 , 34
1 , 1
20 , 20
4 , 0
449 , 449
58 , 58
6879 , 6879
8 , 8
2 , 2
61 , 61
15 , 15
2 , 2
7 , 7
56 , 56
276 , 276
59 , 59
141 , 141
2 , 2
607 , 607
27 , 27
2975 , 2975
581 , 581
9 , 9
20 , 0
219 , 219
361 , 361
229 , 229
999 , 999
28 , 28
1251 , 1251
9763 , 9763
186 , 186
179 , 179
7277 , 7277
1098 , 1098
423 , 423
15 , 15
7176 , 7176
407 , 401
655 , 655
332 , 332
694 , 694
10 , 10
7014 , 7014
2 , 2
1 , 1
13 , 13
758 , 758
99 , 99
7795 , 7795
2 , 2
64 , 64
174 , 174
8 , 8
173 , 173
644 , 644
772 , 772
1 , 1
162 , 162
1 , 0
2514 , 2514
4 , 4
3017 , 3017
15 , 15
62 , 56
791 , 791
125 , 125
10 , 10
511 , 511
6518 , 6518
2 , 2
197 , 169
42 , 42
9266 , 9266
814 , 814
2 , 2
33 , 33
12 , 12
5 , 5
177 , 177
15 , 15
3020 , 3020
6 , 6
35 , 35
331 , 331
85 , 85
1 , 1
12 , 12
24 , 24
1 , 1
5480 , 5480
15 , 14
25 , 25
327 , 327
2605 , 2605
48 , 48
2299 , 2299
6767 , 6767
63 , 63
30 , 30
56 , 56
1 , 1
1 , 1
151 , 20
2035 , 2035
108 , 108
1 , 1
188 , 188
99 , 99
40 , 40
11 , 11
35 , 18
1210 , 1208
9167 , 9050
456 , 456
8324 , 8324
6798 , 6798
48 , 0
447 , 447
7286 , 7286
741 , 741
6 , 6
4337 , 4337
300 , 265
1 , 1
1434 , 1434
4 , 0
1291 , 1291
2 , 2
9 , 9
10 , 10
48 , 48
1962 , 1962
1604 , 1604
2 , 2
12 , 3
2037 , 2037
376 , 376
174 , 174
2 , 2
56 , 56
32 , 29
1261 , 1261
5824 , 5824
863 , 863
88 , 85
124 , 124
27 , 27
7179 , 7179
3130 , 3130
71 , 71
27 , 27
9 , 9
87 , 87
400 , 400
6 , 6
2 , 2
28 , 28
127 , 127
1 , 1
14 , 14
7 , 7
53 , 51
6 , 0
2 , 0
2298 , 2298
178 , 178
7545 , 7545
2894 , 2894
22 , 22
2 , 2
10 , 10
2760 , 2760
145 , 145
73 , 73
13 , 13
44 , 44
7447 , 7447
3475 , 3464
76 , 76
6 , 6
1641 , 1641
1799 , 1799
6 , 6
1336 , 1336
3890 , 3890
3 , 3
13 , 1
2 , 2
3176 , 3176
4 , 4
41 , 41
2 , 0
122 , 122
1268 , 1259
5 , 5
6015 , 6015
121 , 121
1509 , 1509
3756 , 3756
4947 , 4947
164 , 164
94 , 94
187 , 187
766 , 766
4 , 4
98 , 98
585 , 585
1 , 1
17 , 17
1262 , 1244
2 , 0
80 , 80
1 , 1
1226 , 1226
83 , 83
37 , 37
5 , 5
44 , 44
6 , 6
405 , 405
8 , 8
1884 , 1884
9115 , 9115
3 , 3
557 , 557
3 , 0
13 , 13
1147 , 1147
9 , 9
22 , 22
3679 , 3679
3 , 3
9251 , 9251
153 , 153
396 , 396
10 , 8
5 , 5
83 , 83
191 , 191
22 , 22
54 , 54
11 , 11
1308 , 1308
1 , 1
1 , 1
5161 , 5161
1 , 1
998 , 998
9 , 9
1301 , 1301
725 , 725
2 , 2
152 , 152
5 , 5
353 , 353
872 , 872
103 , 103
35 , 35
1 , 1
1 , 1
4 , 4
5097 , 5097
785 , 785
7912 , 7912
3430 , 3430
8109 , 8109
86 , 86
61 , 56
2 , 1
5 , 5
4 , 4
559 , 559
2298 , 2298
2490 , 2490
4 , 4
7412 , 7412
1 , 1
3622 , 3622
2 , 2
1079 , 1079
2 , 2
127 , 127
75 , 70
66 , 66
300 , 300
1340 , 1340
182 , 182
998 , 996
4347 , 4347
4537 , 4537
955 , 953
1565 , 1565
61 , 61
167 , 167
3 , 3
107 , 107
135 , 135
1653 , 1653
4 , 4
1 , 1
34 , 34
161 , 161
322 , 322
1 , 1
191 , 191
1 , 0
7 , 7
610 , 610
1 , 1
476 , 475
605 , 605
284 , 284
11 , 0
7 , 7
3288 , 3288
341 , 341
38 , 38
7 , 7
15 , 15
1 , 1
25 , 25
865 , 865
141 , 141
4 , 4
50 , 50
24 , 24
5 , 5
8 , 8
481 , 481
391 , 391
31 , 31
5 , 0
494 , 493
1 , 1
18 , 18
121 , 121
3939 , 3939
41 , 41
3432 , 3430
231 , 231
112 , 112
2987 , 2987
802 , 802
5 , 0
4 , 4
2 , 2
78 , 78
5 , 5
509 , 509
85 , 85
2 , 2
11 , 11
63 , 63
2 , 2
491 , 491
388 , 388
1 , 1
47 , 47
206 , 206
4 , 4
1408 , 1408
8705 , 8692
1 , 1
18 , 18
9 , 9
69 , 0
5755 , 5755
8 , 8
3969 , 3969
15 , 15
866 , 866
9241 , 9241
20 , 20
642 , 642
128 , 128
84 , 83
1 , 0
15 , 15
9117 , 9117
15 , 15
3138 , 3138
1 , 1
151 , 151
3 , 3
140 , 140
1 , 1
781 , 781
172 , 172
16 , 16
465 , 465
107 , 58
47 , 47
2009 , 2009
438 , 438
1640 , 1622
129 , 129
2356 , 2356
25 , 25
5900 , 5900
606 , 604
3 , 3
5 , 5
12 , 12
19 , 19
983 , 983
2 , 2
5798 , 5742
975 , 975
126 , 126
3 , 3
360 , 360
413 , 413
52 , 52
8 , 8
14 , 14
1291 , 1291
32 , 32
2241 , 2241
1277 , 1277
3 , 2
889 , 869
19 , 19
5045 , 5045
5 , 5
1430 , 1430
10 , 10
3 , 3
447 , 447
3918 , 3918
9937 , 9937
355 , 355
240 , 221
26 , 26
8 , 8
3 , 3
326 , 326
512 , 512
5 , 5
32 , 32
46 , 46
3 , 3
8017 , 8017
1 , 1
3 , 3
1 , 1
2581 , 2581
9078 , 9078
144 , 144
18 , 18
1 , 1
2 , 2
1 , 1
198 , 198
1033 , 1033
6813 , 6812
1748 , 1748
11 , 11
1 , 1
131 , 129
53 , 53
6582 , 6559
7 , 7
2488 , 2488
127 , 127
93 , 91
1 , 1
9 , 0
3 , 2
2 , 0
431 , 431
1 , 1
4 , 4
39 , 39
16 , 16
1 , 1
1109 , 1109
14 , 14
1041 , 1041
4 , 4
5539 , 5539
11 , 11
180 , 180
14 , 14
3084 , 3084
2490 , 2490
338 , 338
1 , 1
254 , 254
12 , 12
14 , 14
17 , 17
205 , 205
345 , 345
6070 , 6070
70 , 70
3602 , 3602
2 , 2
61 , 61
293 , 293
8617 , 8617
164 , 164
1484 , 1484
46 , 46
407 , 407
5037 , 5037
5590 , 5590
152 , 152
7 , 7
845 , 845
3 , 3
72 , 72
103 , 103
3780 , 3778
237 , 237
3 , 3
21 , 21
5094 , 4643
8067 , 8067
508 , 508
2756 , 2756
1 , 1
348 , 348
2769 , 2745
1212 , 1212
14 , 14
69 , 67
116 , 116
64 , 64
2211 , 2126
2 , 2
344 , 344
2259 , 2259
2 , 2
4 , 4
19 , 19
77 , 77
2 , 2
352 , 352
6124 , 6124
4456 , 4456
1 , 0
954 , 954
3007 , 3007
2 , 0
2014 , 1981
1653 , 1653
542 , 542
1 , 1
1301 , 1301
2 , 2
7070 , 7070
2 , 2
1195 , 1195
1062 , 1062
6982 , 6982
4718 , 4718
5361 , 5361
382 , 382
16 , 16
41 , 41
27 , 27
1 , 0
32 , 32
249 , 249
100 , 100
317 , 284
29 , 29
493 , 493
7 , 7
340 , 340
5 , 5
8 , 8
1 , 1
1140 , 1140
1238 , 1238
7 , 7
1157 , 1157
770 , 770
6019 , 6019
86 , 86
1275 , 1272
80 , 80
493 , 493
648 , 648
3 , 3
86 , 86
1 , 1
19 , 19
6 , 6
40 , 37
143 , 143
57 , 57
12 , 12
84 , 84
93 , 93
9424 , 9424
17 , 0
7 , 7
202 , 202
4 , 4
32 , 32
1 , 1
1163 , 1163
2 , 0
3609 , 3609
488 , 488
2 , 2
1 , 1
8582 , 8582
540 , 540
2 , 0
4 , 4
634 , 634
1874 , 1874
321 , 321
3374 , 3374
27 , 5
499 , 499
52 , 52
1 , 1
168 , 168
1 , 1
45 , 32
1748 , 1747
1 , 1
929 , 929
6629 , 6629
88 , 88
7 , 7
1313 , 1313
4386 , 4386
96 , 96
2 , 1
947 , 947
1 , 1
1160 , 1160
688 , 688
129 , 129
1797 , 1797
55 , 55
28 , 28
1 , 1
22 , 22
114 , 114
10 , 10
21 , 21
901 , 894
65 , 65
2617 , 2617
275 , 275
197 , 197
332 , 332
1307 , 1307
173 , 173
213 , 213
21 , 21
137 , 137
6653 , 6653
1 , 1
2 , 2
736 , 736
193 , 193
852 , 852
4 , 4
1231 , 1226
239 , 239
1 , 1
6696 , 6696
698 , 698
2769 , 2768
3 , 3
2087 , 2086
2776 , 2776
9393 , 9393
230 , 230
93 , 93
395 , 395
3932 , 3930
100 , 100
647 , 647
1 , 1
57 , 57
336 , 335
251 , 251
4 , 4
7 , 7
733 , 733
124 , 124
2 , 0
726 , 726
5 , 5
1034 , 1034
80 , 80
462 , 462
750 , 750
1470 , 1470
12 , 12
3 , 3
928 , 928
412 , 412
11 , 11
1346 , 1346
937 , 937
9454 , 9454
56 , 56
942 , 942
1196 , 1196
1392 , 1392
7545 , 7545
1 , 0
525 , 524
350 , 350
37 , 31
14 , 5
2 , 2
7 , 7
5748 , 5748
2 , 1
9780 , 9780
93 , 93
3262 , 3262
83 , 83
1506 , 1506
9620 , 9620
328 , 328
27 , 27
15 , 15
3 , 3
7 , 7
1563 , 1563
4 , 4
66 , 66
2 , 2
2418 , 2418
32 , 0
4 , 4
606 , 606
356 , 356
3 , 3
40 , 40
62 , 42
5267 , 5267
164 , 164
1 , 1
1 , 1
136 , 136
15 , 15
3 , 3
123 , 123
58 , 58
2557 , 2557
3 , 0
3 , 3
6 , 6
1263 , 1263
1365 , 1365
8938 , 8938
974 , 974
16 , 16
1 , 1
36 , 36
199 , 199
111 , 111
3 , 3
2927 , 2920
4 , 4
82 , 82
155 , 155
4352 , 4352
4925 , 4925
120 , 120
9 , 9
7547 , 7547
138 , 138
1 , 1
6194 , 6194
5047 , 5047
775 , 775
6952 , 6952
1 , 1
1 , 1
3 , 3
275 , 275
1214 , 1214
6111 , 6111
1 , 1
11 , 11
4255 , 4255
1 , 1
235 , 235
5 , 5
6223 , 6223
12 , 12
1 , 1
1 , 1
3112 , 3112
27 , 24
34 , 34
4 , 4
1747 , 1747
1 , 1
999 , 999
7 , 7
249 , 247
4828 , 4828
158 , 158
5 , 5
249 , 249
4 , 4
2039 , 2039
2705 , 2705
6 , 6
1402 , 1402
7 , 7
1 , 1
8 , 8
7241 , 7241
915 , 915
4 , 4
2337 , 2337
4101 , 3879
194 , 194
81 , 81
10 , 10
575 , 575
193 , 190
7343 , 7343
3535 , 3535
125 , 125
3 , 3
131 , 131
83 , 83
117 , 117
2 , 0
1 , 1
10 , 10
3464 , 3464
1 , 1
2515 , 2515
22 , 22
1513 , 1513
436 , 436
642 , 642
5 , 5
871 , 871
7433 , 7433
2 , 2
1 , 0
1 , 1
781 , 781
4297 , 4297
291 , 291
4 , 4
16 , 16
4259 , 4259
48 , 48
7 , 7
7115 , 7115
4330 , 4330
14 , 14
216 , 216
13 , 13
1 , 1
1 , 1
9 , 9
18 , 18
554 , 554
352 , 352
5 , 5
710 , 710
23 , 23
6550 , 6550
3639 , 3639
2047 , 2047
1 , 1
5 , 5
3018 , 3018
9 , 9
119 , 119
773 , 773
43 , 42
3972 , 3972
2024 , 2024
1602 , 1595
6 , 0
4493 , 4493
11 , 11
4 , 4
5 , 5
174 , 174
1 , 1
4869 , 4869
1 , 1
100 , 100
1005 , 1005
65 , 65
219 , 219
469 , 463
6015 , 5977
27 , 27
8 , 8
71 , 71
2290 , 2290
14 , 14
19 , 19
6562 , 6562
799 , 799
21 , 0
10 , 10
453 , 453
158 , 158
8024 , 8024
34 , 0
3 , 3
3240 , 3240
543 , 543
65 , 65
7 , 7
1219 , 1219
20 , 20
1 , 1
76 , 76
38 , 37
261 , 261
508 , 508
47 , 47
2565 , 2565
20 , 19
1 , 1
134 , 134
241 , 241
4 , 4
14 , 14
2 , 2
58 , 58
6136 , 6136
1 , 1
82 , 82
47 , 47
10 , 10
3 , 3
5183 , 5183
3988 , 3988
116 , 116
1 , 1
1 , 1
82 , 82
4559 , 4559
310 , 310
1 , 1
9942 , 9942
18 , 18
3846 , 3846
173 , 172
16 , 16
996 , 996
1 , 1
5 , 5
272 , 272
4072 , 4035
1 , 0
22 , 22
10 , 0
768 , 768
1 , 1
24 , 24
314 , 314
8 , 8
545 , 545
5282 , 5282
313 , 313
7893 , 7893
1485 , 1485
71 , 71
3 , 3
2 , 2
190 , 190
3254 , 3254
236 , 236
292 , 292
5765 , 5765
5627 , 5627
657 , 657
1 , 1
135 , 135
8 , 8
9 , 9
828 , 828
1553 , 1553
579 , 579
3268 , 3268
1976 , 1976
3031 , 2976
115 , 115
4 , 4
1431 , 1431
282 , 282
3 , 3
62 , 55
253 , 253
31 , 31
6 , 6
5 , 5
587 , 587
33 , 33
1 , 0
119 , 119
30 , 30
28 , 28
5 , 5
3 , 0
3 , 3
209 , 209
9301 , 9301
7064 , 7064
3 , 2
336 , 336
9 , 9
3 , 3
1379 , 1379
1 , 1
3792 , 3792
49 , 49
9427 , 9427
1 , 1
1584 , 1584
1 , 1
7 , 7
11 , 11
24 , 24
64 , 64
37 , 37
30 , 30
9356 , 9356
5 , 5
533 , 533
673 , 673
1 , 1
186 , 186
107 , 107
644 , 644
3095 , 3095
17 , 17
175 , 175
110 , 110
567 , 567
5 , 4
3259 , 3259
163 , 163
1 , 1
2 , 2
17 , 17
9128 , 9128
447 , 447
97 , 97
82 , 82
1249 , 1249
5 , 5
363 , 363
210 , 210
4836 , 4836
9 , 1
2 , 2
1 , 0
775 , 775
808 , 808
1092 , 1092
223 , 223
991 , 991
7 , 7
38 , 0
300 , 300
505 , 505
298 , 298
1 , 1
5 , 5
128 , 128
2775 , 2775
48 , 48
16 , 16
167 , 167
4 , 2
442 , 442
7 , 7
6 , 6
2 , 2
40 , 40
664 , 664
54 , 54
642 , 642
4269 , 4269
76 , 76
17 , 13
8867 , 8867
222 , 222
39 , 39
1082 , 1082
14 , 14
2260 , 2260
1364 , 1364
5189 , 5189
239 , 239
2 , 2
12 , 12
218 , 218
80 , 80
334 , 334
17 , 15
209 , 209
12 , 11
6399 , 6399
4502 , 4500
1036 , 1036
13 , 0
1 , 1
605 , 605
209 , 209
2231 , 2231
1141 , 1141
203 , 203
11 , 10
1 , 1
2 , 2
1 , 1
17 , 11
4995 , 4989
10 , 10
569 , 569
1 , 1
307 , 307
44 , 44
5 , 5
1 , 0
352 , 352
31 , 31
7006 , 7006
1 , 1
20 , 20
330 , 330
712 , 712
64 , 64
1 , 0
2 , 2
3 , 3
1003 , 1003
9483 , 9483
733 , 733
1 , 1
7073 , 7073
3667 , 3667
1875 , 1875
4848 , 4848
126 , 126
6 , 6
68 , 68
3158 , 3158
58 , 58
1 , 1
7075 , 7075
437 , 437
5 , 5
5866 , 5866
13 , 13
6787 , 6787
2633 , 2633
717 , 717
3667 , 3667
2 , 0
4124 , 4120
1 , 1
249 , 249
6 , 6
4 , 4
1 , 1
2 , 2
5 , 5
5158 , 5158
8742 , 8739
9 , 9
18 , 18
4 , 4
7 , 7
805 , 805
2 , 0
1639 , 1636
90 , 90
398 , 398
1105 , 1103
3 , 3
98 , 0
68 , 68
1 , 1
28 , 28
7550 , 7550
87 , 85
109 , 109
1018 , 1018
3 , 3
10 , 10
1 , 0
1 , 1
249 , 0
2 , 1
3952 , 3952
8 , 5
181 , 181
717 , 717
79 , 79
2 , 2
8 , 8
6122 , 6109
66 , 66
1385 , 1385
216 , 216
64 , 64
6465 , 6465
4 , 4
3 , 2
2 , 2
16 , 16
1 , 1
2 , 2
5643 , 5643
24 , 24
148 , 148
218 , 218
2042 , 2042
5 , 5
104 , 104
163 , 163
48 , 48
1099 , 1099
489 , 489
6 , 6
7 , 6
154 , 154
2 , 2
2037 , 2037
2485 , 2485
5 , 5
1258 , 1258
3 , 3
316 , 316
3757 , 3757
160 , 160
1 , 1
5 , 0
1318 , 1318
66 , 66
134 , 134
15 , 15
163 , 163
1 , 1
6126 , 6126
7782 , 7782
7794 , 7794
442 , 442
782 , 782
15 , 15
379 , 379
886 , 886
80 , 80
7574 , 7574
120 , 120
1626 , 1626
3 , 3
1357 , 1357
126 , 126
17 , 14
4176 , 4176
1678 , 1678
20 , 20
14 , 14
4571 , 4571
130 , 130
3551 , 3551
59 , 59
1 , 1
1484 , 1484
145 , 145
26 , 26
1 , 1
761 , 761
7741 , 7741
6 , 6
2938 , 2938
969 , 969
798 , 798
8 , 8
9 , 9
3478 , 3478
28 , 0
76 , 76
4 , 4
57 , 57
9 , 9
4 , 1
1 , 1
1 , 1
29 , 28
4 , 4
367 , 366
43 , 43
158 , 158
799 , 799
7461 , 7461
6 , 6
1 , 1
26 , 26
1 , 1
74 , 74
294 , 294
5274 , 5274
1033 , 1033
8 , 8
572 , 572
1052 , 1052
9786 , 9786
11 , 11
5535 , 5535
32 , 32
1 , 1
9 , 9
1 , 1
1 , 1
34 , 31
2629 , 2629
2 , 2
45 , 36
8 , 8
531 , 531
22 , 9
6503 , 6503
29 , 29
19 , 19
723 , 723
201 , 201
3 , 3
5 , 0
8 , 8
254 , 254
391 , 391
17 , 17
4 , 4
1228 , 1228
7 , 7
52 , 43
740 , 740
4581 , 4581
1005 , 1005
84 , 84
4 , 4
1343 , 1335
2 , 0
8879 , 8879
2 , 2
23 , 23
23 , 23
132 , 132
13 , 13
2 , 2
2 , 2
312 , 312
2 , 2
23 , 1
2 , 2
452 , 452
102 , 102
30 , 30
111 , 111
2 , 2
219 , 219
1010 , 997
1 , 1
12 , 12
826 , 822
562 , 562
1 , 0
9 , 9
1015 , 1015
6504 , 6504
2 , 2
5 , 5
445 , 445
988 , 988
78 , 78
167 , 167
1558 , 1558
33 , 33
4 , 4
18 , 18
5 , 5
205 , 195
4136 , 4136
3 , 3
84 , 84
1 , 1
5 , 5
1561 , 1561
371 , 371
147 , 147
5146 , 5146
14 , 14
23 , 23
353 , 353
3830 , 3830
38 , 38
1002 , 988
1917 , 1917
6 , 4
44 , 44
9 , 9
1 , 1
1300 , 1300
20 , 20
7983 , 7983
3603 , 3603
7010 , 7010
18 , 18
2986 , 2986
112 , 88
2901 , 2901
2 , 2
4 , 4
4 , 3
3275 , 3275
1 , 1
2442 , 2442
2600 , 2600
1449 , 1448
659 , 659
59 , 59
9 , 9
231 , 231
4 , 4
1 , 1
1447 , 1447
2031 , 2031
1 , 1
2580 , 2580
1 , 1
1664 , 1664
8128 , 8128
3 , 3
984 , 984
1 , 1
2 , 2
1574 , 1574
115 , 115
4 , 4
234 , 234
1 , 1
2942 , 2942
5228 , 5228
2 , 2
507 , 507
1654 , 1654
2 , 1
4 , 4
1078 , 1078
3578 , 3578
156 , 156
3854 , 3854
1 , 1
92 , 92
7457 , 7457
1 , 1
66 , 66
188 , 188
16 , 16
3 , 3
1 , 1
5568 , 5568
70 , 70
1462 , 1462
671 , 671
3569 , 3569
5735 , 5735
39 , 39
2 , 2
1019 , 1019
4 , 4
12 , 12
403 , 403
3 , 0
369 , 369
201 , 201
17 , 17
70 , 70
77 , 77
4 , 4
408 , 408
312 , 312
7 , 7
7211 , 7210
74 , 74
4318 , 4318
6143 , 6143
333 , 326
1320 , 1320
1 , 1
275 , 275
5 , 5
4 , 4
1 , 1
132 , 101
2 , 2
24 , 24
2 , 2
28 , 28
1420 , 1417
2884 , 2884
505 , 505
1 , 0
1 , 1
526 , 524
7 , 0
5 , 5
2138 , 2137
2483 , 2483
21 , 21
347 , 346
9428 , 8431
1 , 1
2 , 2
76 , 76
32 , 32
477 , 477
97 , 97
11 , 11
1553 , 1553
5811 , 5810
10 , 10
299 , 299
1 , 1
2 , 2
8132 , 8132
2 , 2
344 , 344
263 , 263
115 , 115
5 , 0
5 , 5
1 , 0
539 , 499
15 , 15
8075 , 8075
160 , 160
6 , 6
8 , 0
6 , 6
451 , 449
2 , 2
1341 , 1341
36 , 36
29 , 29
292 , 292
2 , 0
1 , 1
86 , 86
2 , 2
38 , 38
2419 , 2419
1801 , 1801
179 , 176
2444 , 2444
167 , 167
1 , 1
1 , 1
2860 , 2860
647 , 647
2 , 2
156 , 137
5 , 5
12 , 12
2 , 2
41 , 41
3765 , 3765
26 , 26
1407 , 1407
94 , 94
1994 , 1994
43 , 43
7 , 7
1 , 1
2 , 2
2022 , 2022
72 , 72
5 , 5
362 , 362
71 , 71
2392 , 2371
1 , 1
2 , 1
64 , 64
2 , 2
20 , 20
26 , 26
79 , 79
2206 , 2206
889 , 889
4788 , 4520
154 , 154
22 , 22
119 , 119
1 , 1
2 , 2
3539 , 3539
62 , 62
8 , 0
7060 , 7060
775 , 775
745 , 745
8 , 8
9182 , 9182
12 , 12
8742 , 8742
191 , 191
912 , 912
52 , 0
1 , 1
1 , 1
2010 , 2010
16 , 15
23 , 23
2705 , 2705
2 , 2
39 , 0
715 , 715
4 , 4
1222 , 1214
1 , 1
27 , 23
116 , 116
1 , 1
197 , 197
7 , 7
1 , 0
597 , 597
8629 , 8629
1 , 1
5714 , 5714
1 , 1
5713 , 5713
513 , 513
919 , 919
2 , 2
1129 , 1129
2 , 2
3 , 3
2 , 2
1039 , 1039
289 , 289
1 , 1
1825 , 1824
383 , 383
1 , 1
5 , 4
9600 , 9600
440 , 440
8024 , 8024
413 , 413
3 , 3
9 , 9
68 , 68
4539 , 4539
16 , 16
4 , 4
5 , 5
26 , 26
1 , 0
4374 , 4374
3204 , 3204
1057 , 1057
44 , 44
1 , 1
1 , 1
3518 , 3518
314 , 314
245 , 244
842 , 842
14 , 14
9 , 9
130 , 130
1 , 1
1 , 1
30 , 17
18 , 18
637 , 637
23 , 23
83 , 83
1 , 1
1 , 1
1 , 1
1 , 1
16 , 16
1155 , 1155
751 , 751
48 , 47
1131 , 1131
32 , 32
5015 , 5015
131 , 131
929 , 929
2 , 2
4 , 4
3243 , 3243
2736 , 2736
195 , 195
863 , 863
192 , 192
4 , 4
171 , 171
22 , 22
5224 , 5127
318 , 318
26 , 26
213 , 213
4 , 4
57 , 57
84 , 84
9096 , 9096
56 , 56
2092 , 2092
3176 , 3176
1 , 1
2101 , 2101
2360 , 2360
983 , 983
1 , 1
10 , 8
15 , 15
42 , 42
2774 , 2774
4 , 4
1679 , 1679
1086 , 1086
97 , 97
38 , 33
2584 , 2584
2 , 2
110 , 110
914 , 912
7379 , 7379
1206 , 1206
12 , 12
44 , 44
532 , 532
1 , 1
19 , 19
6323 , 6323
3 , 3
99 , 99
8273 , 8273
8 , 8
35 , 35
50 , 50
625 , 624
2924 , 2871
2 , 1
21 , 21
1 , 1
2 , 2
72 , 72
47 , 47
7 , 7
915 , 915
617 , 616
3 , 3
2 , 2
2926 , 2926
2629 , 2629
3 , 0
16 , 11
16 , 16
7647 , 7647
6 , 6
77 , 77
1 , 1
146 , 126
150 , 150
2 , 2
908 , 908
29 , 29
2 , 2
2 , 2
1501 , 1500
50 , 50
207 , 207
1233 , 1233
19 , 15
1 , 1
333 , 333
13 , 11
68 , 68
1 , 1
40 , 40
7 , 7
88 , 88
94 , 94
133 , 118
718 , 718
105 , 105
8352 , 8352
65 , 65
1 , 1
9695 , 9695
3 , 3
293 , 293
10 , 10
4 , 4
6512 , 6512
360 , 360
11 , 11
108 , 108
5 , 5
8 , 8
538 , 538
17 , 17
14 , 14
48 , 48
10 , 8
2 , 2
23 , 23
924 , 924
1684 , 1684
4 , 4
2384 , 2384
2402 , 2402
6 , 6
108 , 108
7890 , 7890
8707 , 8514
104 , 104
1 , 1
2087 , 2087
212 , 212
1087 , 1087
4468 , 4468
1 , 1
2 , 2
248 , 248
1714 , 1701
12 , 12
197 , 197
29 , 29
27 , 27
17 , 17
1216 , 1216
7 , 7
1743 , 1743
737 , 737
4164 , 4164
4 , 4
1 , 0
7 , 7
241 , 241
3 , 3
5 , 5
386 , 386
3052 , 3052
2 , 2
14 , 14
27 , 27
909 , 909
4 , 4
7479 , 7479
2 , 2
10 , 10
519 , 519
254 , 254
78 , 78
1204 , 1204
10 , 10
4 , 4
1943 , 1943
60 , 60
1417 , 1417
1178 , 1178
18 , 18
35 , 35
2653 , 2653
1 , 1
189 , 111
34 , 34
1467 , 1467
1 , 1
1381 , 1381
54 , 54
841 , 841
5 , 0
47 , 47
120 , 120
6 , 6
3 , 3
8573 , 8573
10 , 10
35 , 35
130 , 130
25 , 25
39 , 39
8 , 8
1 , 1
1 , 1
281 , 281
13 , 13
6124 , 6124
243 , 243
8853 , 8834
6 , 6
1229 , 1229
1701 , 1701
22 , 22
2840 , 2840
6 , 6
1 , 1
1 , 1
749 , 749
7957 , 7957
6197 , 6197
2 , 2
3 , 3
362 , 362
122 , 122
60 , 60
3 , 3
6500 , 6500
104 , 104
2 , 2
5 , 5
111 , 111
1 , 1
6 , 6
27 , 27
4603 , 4603
2 , 2
1626 , 1626
8377 , 8377
6716 , 6716
2 , 2
2396 , 2388
44 , 44
1560 , 1560
5 , 5
6845 , 6845
29 , 29
1 , 1
424 , 424
1 , 1
3 , 3
4135 , 4135
132 , 122
44 , 44
210 , 210
6 , 6
7 , 7
216 , 216
75 , 75
219 , 219
52 , 52
19 , 19
33 , 33
82 , 82
1065 , 1060
506 , 506
724 , 724
156 , 156
8057 , 8057
6170 , 6170
1 , 1
4 , 4
1 , 1
1115 , 1115
2890 , 2890
1 , 1
538 , 538
20 , 20
38 , 38
178 , 178
1 , 1
1 , 1
9 , 9
99 , 99
5870 , 5870
11 , 11
8424 , 8424
216 , 216
292 , 292
3 , 3
361 , 361
116 , 116
12 , 12
21 , 21
73 , 73
803 , 803
41 , 41
5328 , 5328
1 , 1
106 , 106
5 , 2
1834 , 1825
1 , 1
687 , 687
4212 , 4212
7119 , 7119
1671 , 1669
1179 , 1179
153 , 153
81 , 80
110 , 110
3675 , 3675
3 , 3
4243 , 4243
105 , 105
21 , 21
1 , 1
3322 , 3322
140 , 140
53 , 53
601 , 601
2 , 2
5334 , 5334
1778 , 1778
10 , 10
121 , 121
3280 , 3275
648 , 648
9 , 9
2 , 2
357 , 357
1010 , 1010
13 , 1
3563 , 3563
19 , 19
6 , 6
9223 , 9223
125 , 125
236 , 236
8247 , 8247
68 , 68
4 , 4
1 , 1
2 , 2
232 , 228
981 , 981
20 , 20
29 , 29
2052 , 2052
2 , 0
359 , 359
123 , 123
21 , 21
155 , 153
1766 , 1766
2 , 2
3439 , 3439
9 , 9
40 , 40
20 , 20
1 , 1
1 , 1
77 , 77
42 , 42
2273 , 2266
1086 , 1086
155 , 155
9 , 9
127 , 127
9 , 9
23 , 23
100 , 100
8 , 8
170 , 49
7849 , 7849
84 , 78
1 , 1
1480 , 1480
4 , 4
98 , 98
3 , 3
65 , 65
3158 , 3158
2 , 2
56 , 56
2 , 2
27 , 27
859 , 859
1 , 1
7 , 7
19 , 19
607 , 607
2 , 2
7 , 0
3800 , 3800
26 , 26
522 , 522
187 , 187
9 , 9
2137 , 2137
4 , 2
1 , 1
2251 , 2251
126 , 69
865 , 865
2 , 2
9 , 9
1259 , 1259
198 , 198
12 , 12
1 , 0
1 , 1
1 , 1
4098 , 4098
3 , 3
189 , 189
5 , 5
17 , 17
7528 , 7528
781 , 781
23 , 23
1803 , 1803
4 , 4
11 , 11
4899 , 4899
372 , 372
32 , 0
1 , 1
447 , 440
168 , 168
1612 , 1612
71 , 71
93 , 93
20 , 20
15 , 15
1 , 1
287 , 285
14 , 14
29 , 29
16 , 16
1875 , 1865
211 , 211
2 , 2
961 , 961
6 , 0
8 , 8
306 , 306
4 , 4
1 , 1
11 , 11
3 , 3
17 , 17
249 , 249
114 , 96
52 , 52
20 , 0
2808 , 2808
118 , 118
257 , 257
1 , 1
630 , 629
7 , 7
2 , 1
1 , 1
73 , 71
94 , 94
140 , 140
553 , 553
149 , 149
1 , 1
6589 , 6589
3258 , 3258
6092 , 6092
269 , 264
4168 , 4168
1090 , 1090
415 , 415
47 , 47
1 , 1
343 , 343
1 , 0
4 , 4
5640 , 5639
22 , 22
29 , 28
54 , 46
2852 , 2852
8183 , 8183
3856 , 3856
7837 , 7837
5 , 5
1 , 1
547 , 547
12 , 12
249 , 249
141 , 141
75 , 67
2 , 2
7 , 6
593 , 592
574 , 574
5531 , 5531
288 , 288
9487 , 9486
17 , 17
10 , 10
28 , 28
9243 , 9243
274 , 274
479 , 479
476 , 476
34 , 34
62 , 62
7508 , 7508
1 , 1
84 , 84
13 , 13
713 , 713
224 , 224
1 , 1
330 , 262
171 , 171
1435 , 1435
190 , 190
2288 , 2288
2717 , 2717
3 , 3
278 , 278
1 , 1
17 , 17
8 , 8
112 , 111
4 , 4
18 , 18
5967 , 5967
1 , 1
146 , 146
5945 , 5945
1 , 1
2 , 0
1 , 1
3085 , 3085
17 , 17
5 , 5
9 , 9
1579 , 1579
220 , 220
729 , 729
6 , 6
2 , 2
6 , 6
1050 , 1050
93 , 93
5 , 5
1 , 1
2 , 2
2 , 2
1 , 1
2 , 2
63 , 63
2 , 2
994 , 994
8555 , 8555
9 , 9
33 , 33
2 , 2
5 , 5
2 , 2
1 , 1
8676 , 8676
5784 , 5784
22 , 22
550 , 549
75 , 75
6967 , 6967
1071 , 1071
6 , 6
178 , 0
12 , 12
1 , 1
7 , 7
46 , 46
24 , 24
3654 , 3654
2 , 0
78 , 78
1 , 1
6508 , 6508
10 , 10
1777 , 1777
5709 , 5709
96 , 96
1434 , 1434
115 , 114
1 , 1
11 , 9
3607 , 3607
1 , 1
1377 , 1377
2 , 2
165 , 165
65 , 65
579 , 579
7 , 0
3 , 3
2678 , 2678
1 , 1
1 , 1
8 , 8
9 , 9
3298 , 3298
121 , 121
737 , 731
2 , 2
5 , 5
361 , 361
23 , 23
1 , 0
3 , 3
4216 , 4216
2 , 2
8 , 8
1903 , 1903
4 , 4
1 , 1
34 , 34
155 , 155
3 , 3
74 , 74
355 , 355
2969 , 2969
3 , 3
1294 , 1294
3 , 3
49 , 49
1073 , 1073
791 , 791
2 , 2
715 , 715
6 , 6
41 , 41
9710 , 7168
468 , 468
1 , 1
5390 , 5383
26 , 26
1305 , 1305
501 , 499
13 , 13
16 , 16
4768 , 4767
1541 , 1541
3072 , 3072
3266 , 3254
1 , 1
11 , 11
339 , 339
82 , 82
5 , 5
851 , 851
10 , 10
3992 , 3992
95 , 95
220 , 220
32 , 32
589 , 586
938 , 938
139 , 139
325 , 320
48 , 48
4556 , 4556
7 , 7
18 , 18
5692 , 5692
58 , 58
2 , 2
176 , 176
1778 , 1778
7 , 7
323 , 323
259 , 259
3101 , 3101
2125 , 2090
3 , 3
745 , 745
1 , 0
10 , 10
3964 , 3964
3 , 3
2 , 2
2 , 2
5 , 5
3727 , 3727
8403 , 8403
6032 , 5934
102 , 102
58 , 58
1 , 1
189 , 189
5 , 5
281 , 281
5 , 5
1 , 1
2646 , 2646
35 , 35
377 , 377
47 , 47
5397 , 5397
32 , 32
3031 , 3031
634 , 634
1908 , 1908
6 , 6
151 , 151
2 , 2
31 , 31
1 , 1
20 , 19
2949 , 2948
16 , 13
32 , 32
2368 , 2368
29 , 29
74 , 74
15 , 15
471 , 408
19 , 19
22 , 22
9437 , 9386
5662 , 5660
354 , 354
83 , 83
5 , 1
1 , 1
1 , 1
28 , 28
2012 , 2012
8029 , 8029
751 , 751
1 , 1
230 , 230
19 , 19
70 , 70
9 , 9
39 , 39
9 , 9
8710 , 8710
14 , 0
2555 , 2555
109 , 109
54 , 54
2 , 2
4 , 4
6 , 6
1594 , 1594
1188 , 1188
1823 , 1823
117 , 117
98 , 98
737 , 737
11 , 11
1 , 1
5719 , 5719
56 , 56
5 , 5
4 , 4
203 , 203
4 , 4
132 , 132
670 , 670
155 , 155
1 , 1
271 , 271
1490 , 1490
716 , 715
1 , 1
19 , 19
2 , 2
1 , 1
1 , 1
541 , 541
1 , 1
86 , 86
49 , 49
58 , 58
125 , 125
11 , 10
8157 , 8157
5 , 5
5 , 0
151 , 151
10 , 10
46 , 46
1 , 1
1002 , 1002
107 , 107
33 , 33
1 , 1
1 , 0
5 , 5
458 , 458
1125 , 1125
1050 , 1050
2 , 2
7001 , 7001
23 , 11
58 , 58
27 , 27
90 , 90
938 , 938
35 , 35
563 , 563
62 , 62
61 , 61
1 , 1
8 , 8
141 , 141
66 , 64
9575 , 9575
383 , 383
3754 , 3754
249 , 249
8606 , 8606
14 , 14
2 , 2
9 , 6
287 , 287
266 , 266
1 , 1
4 , 4
287 , 286
15 , 15
1 , 0
2083 , 2083
20 , 20
4809 , 4809
7 , 7
22 , 22
70 , 70
1 , 1
1 , 1
4209 , 4160
51 , 50
54 , 54
1540 , 1536
2688 , 2688
1552 , 1552
7560 , 7560
7481 , 7481
70 , 70
7589 , 7589
5046 , 5046
1 , 1
27 , 27
14 , 1
1 , 1
1308 , 1308
43 , 43
8622 , 8622
435 , 435
812 , 812
2196 , 2196
18 , 18
13 , 13
2 , 2
1 , 1
323 , 323
298 , 298
2 , 1
2 , 2
1 , 1
4 , 4
9433 , 9433
3819 , 3819
178 , 160
8919 , 8919
3 , 3
90 , 90
88 , 88
9 , 9
58 , 58
379 , 379
356 , 356
119 , 117
5 , 5
570 , 570
11 , 11
360 , 360
86 , 86
11 , 11
2 , 2
1701 , 1701
26 , 26
1603 , 1599
17 , 0
5 , 0
129 , 129
2 , 2
16 , 16
655 , 655
5 , 5
3 , 3
2485 , 2485
2640 , 2640
64 , 64
1209 , 1209
5350 , 5350
2 , 2
1525 , 1525
15 , 15
3737 , 3737
8 , 7
4909 , 4909
524 , 524
4 , 1
1 , 1
3 , 3
1537 , 1537
2 , 1
32 , 16
1155 , 1155
8975 , 8975
2 , 2
1574 , 1574
7705 , 7704
4 , 4
1354 , 1354
3 , 3
124 , 124
18 , 18
39 , 39
1 , 1
3 , 3
1348 , 1343
1 , 1
11 , 11
1527 , 1520
1348 , 1348
1 , 1
41 , 41
1065 , 1065
3 , 3
2360 , 2360
3 , 3
29 , 29
2524 , 2524
3465 , 3276
497 , 497
215 , 213
8 , 8
1 , 1
840 , 840
1 , 1
5131 , 5131
5671 , 5671
5 , 5
1 , 1
1 , 1
3427 , 3427
10 , 10
8932 , 8932
909 , 909
156 , 156
47 , 47
3923 , 3923
2860 , 2860
1 , 1
2 , 2
265 , 265
3746 , 3746
8 , 8
26 , 26
830 , 830
374 , 374
302 , 302
196 , 196
2 , 2
6111 , 6111
30 , 30
2 , 2
10 , 9
2 , 2
154 , 151
9 , 9
12 , 12
462 , 462
9466 , 9466
6 , 6
2377 , 2377
2131 , 2131
7 , 7
967 , 967
3933 , 3933
1036 , 1036
46 , 46
1 , 1
212 , 212
28 , 28
8 , 8
102 , 96
942 , 942
951 , 951
1 , 1
573 , 573
1 , 1
346 , 326
1 , 1
21 , 21
10 , 10
16 , 16
1 , 1
1 , 1
291 , 291
1122 , 1122
9674 , 9619
3281 , 3281
3 , 3
10 , 10
2 , 2
5 , 5
3022 , 3022
2528 , 2528
9 , 9
1244 , 1244
283 , 283
81 , 81
65 , 65
8008 , 8008
5 , 5
258 , 258
9216 , 9216
756 , 756
423 , 421
2998 , 2998
18 , 0
109 , 0
1 , 1
2683 , 2683
8 , 8
333 , 333
456 , 456
256 , 256
6239 , 6239
82 , 82
873 , 873
3 , 3
2 , 2
2 , 2
1071 , 1071
140 , 140
1981 , 1807
12 , 12
7 , 7
1 , 1
336 , 336
3725 , 3725
62 , 62
8 , 8
1 , 1
71 , 71
3 , 3
1 , 1
3 , 3
370 , 370
18 , 16
18 , 18
33 , 31
971 , 971
35 , 0
50 , 50
2261 , 2261
12 , 12
1 , 1
68 , 68
104 , 104
7 , 7
4052 , 4052
1049 , 1049
1 , 1
53 , 53
24 , 23
19 , 17
4 , 4
327 , 327
1302 , 1300
445 , 438
61 , 0
249 , 248
5 , 5
49 , 49
1 , 1
962 , 962
1324 , 1323
1168 , 1168
63 , 63
361 , 361
56 , 56
9 , 9
3 , 3
27 , 27
925 , 924
19 , 19
568 , 494
12 , 12
618 , 618
90 , 90
9 , 5
1014 , 1014
91 , 91
28 , 28
9194 , 9194
592 , 592
6 , 6
216 , 216
2 , 2
1591 , 1591
1691 , 1691
78 , 78
2840 , 2840
397 , 397
2968 , 2968
1311 , 1304
109 , 109
7087 , 7087
28 , 28
1 , 1
93 , 93
6 , 6
1 , 1
2892 , 2892
1173 , 1173
240 , 240
226 , 226
296 , 296
569 , 569
1 , 1
329 , 329
3476 , 3476
5294 , 5294
8 , 8
27 , 27
602 , 602
2 , 2
1758 , 1742
53 , 53
17 , 17
91 , 91
3 , 3
402 , 402
396 , 396
2136 , 2136
7254 , 7254
33 , 33
66 , 66
91 , 91
7054 , 7054
1763 , 1763
802 , 802
4263 , 4263
263 , 260
9615 , 9615
1 , 1
934 , 928
316 , 316
243 , 243
21 , 21
1 , 1
201 , 201
3806 , 3805
1 , 1
3 , 3
4864 , 4864
147 , 147
196 , 196
8 , 6
3 , 3
481 , 481
620 , 617
75 , 0
1 , 1
145 , 145
15 , 15
147 , 147
15 , 15
1 , 1
1617 , 1617
4 , 4
2 , 2
2 , 2
806 , 806
4 , 4
4098 , 4098
8154 , 8154
11 , 11
8 , 8
17 , 17
6448 , 6448
48 , 48
4 , 4
1 , 1
6 , 6
4509 , 4509
9 , 9
176 , 173
82 , 76
4392 , 4392
28 , 28
1702 , 1702
4 , 4
18 , 18
8 , 8
2 , 2
6 , 6
2509 , 2509
1 , 1
353 , 269
60 , 60
34 , 34
233 , 233
1503 , 1503
3 , 3
7594 , 7594
62 , 62
3 , 3
3152 , 3152
7 , 7
5965 , 5965
7 , 7
13 , 13
5024 , 5024
4 , 4
6 , 6
86 , 86
30 , 30
1497 , 1497
323 , 323
1 , 1
8363 , 8363
1881 , 1881
2 , 2
33 , 33
24 , 24
4405 , 4405
984 , 984
55 , 55
1 , 1
383 , 383
2 , 2
6 , 6
240 , 240
2763 , 2763
106 , 106
2074 , 2074
27 , 27
4653 , 4653
8 , 8
41 , 41
2 , 2
560 , 560
7 , 7
7363 , 7363
2 , 2
73 , 73
9 , 9
2 , 2
1 , 1
187 , 187
1986 , 1986
1 , 1
31 , 27
209 , 209
72 , 71
181 , 181
76 , 76
26 , 26
1256 , 1256
1 , 1
631 , 631
482 , 482
1241 , 1241
173 , 173
1835 , 1819
1 , 1
543 , 543
1 , 1
404 , 404
27 , 27
2 , 2
65 , 65
100 , 100
4 , 4
4973 , 4973
8 , 8
152 , 152
2 , 2
9 , 9
3233 , 3233
283 , 276
228 , 228
37 , 37
76 , 76
1928 , 1928
1 , 1
1991 , 1991
1 , 1
21 , 21
5868 , 5868
15 , 15
1 , 0
2 , 2
5 , 5
646 , 644
40 , 40
4510 , 4510
400 , 400
2 , 2
2 , 2
1354 , 1354
5 , 5
60 , 60
308 , 308
59 , 59
17 , 17
94 , 94
4 , 4
420 , 420
5 , 5
1 , 1
18 , 18
2 , 2
3886 , 3886
34 , 0
2 , 2
7 , 7
9 , 9
899 , 899
946 , 946
3 , 3
473 , 473
476 , 476
688 , 688
1 , 1
2 , 2
18 , 18
12 , 12
69 , 69
70 , 70
19 , 18
3815 , 3815
1 , 1
3 , 3
1 , 1
33 , 33
2 , 0
1211 , 1211
1 , 1
63 , 63
116 , 116
281 , 281
15 , 15
2 , 2
4939 , 4939
8518 , 8518
3527 , 3527
5 , 5
1424 , 1424
234 , 234
3 , 3
278 , 278
4444 , 4444
24 , 24
5543 , 5543
2 , 2
101 , 101
871 , 871
176 , 176
20 , 19
9757 , 9757
5 , 5
578 , 578
3 , 1
2600 , 2600
2 , 2
17 , 17
6287 , 6287
1627 , 1627
1 , 1
7257 , 7257
60 , 60
7 , 7
8 , 8
5 , 5
117 , 117
17 , 17
107 , 107
1394 , 1394
1 , 1
5 , 5
2 , 1
81 , 81
2943 , 2943
13 , 0
670 , 670
8584 , 8584
246 , 231
5 , 5
8339 , 8339
3272 , 3272
25 , 25
4 , 4
373 , 373
65 , 65
14 , 14
4870 , 4840
3 , 3
10 , 10
1585 , 1585
276 , 276
5611 , 5611
33 , 33
1376 , 1376
322 , 322
512 , 512
22 , 22
312 , 312
3 , 3
27 , 27
931 , 931
9415 , 9415
6249 , 6249
86 , 86
2 , 2
2973 , 2973
563 , 563
1963 , 1963
2598 , 2598
2 , 0
2 , 1
703 , 703
736 , 735
1952 , 1952
2 , 2
166 , 166
9 , 9
188 , 188
1235 , 1235
3211 , 3211
240 , 240
4 , 4
6 , 6
8791 , 8791
42 , 42
9 , 9
560 , 560
590 , 590
5 , 5
252 , 252
17 , 17
15 , 14
47 , 47
1804 , 1804
5 , 5
3476 , 3476
39 , 39
451 , 451
92 , 92
218 , 218
254 , 254
1 , 1
10 , 9
2 , 2
437 , 437
3929 , 3929
4 , 4
169 , 169
435 , 435
1 , 1
33 , 33
1180 , 1180
2528 , 2527
9 , 9
1107 , 1107
139 , 139
840 , 840
7109 , 7109
1 , 1
2671 , 2671
3 , 3
9537 , 9537
215 , 215
6 , 6
1288 , 1288
1320 , 1320
8 , 8
4078 , 4072
218 , 216
5 , 4
2 , 2
193 , 193
1 , 1
3 , 0
7 , 7
97 , 97
3794 , 3781
1 , 0
11 , 11
106 , 106
1 , 1
2 , 2
1 , 1
3 , 3
4 , 4
143 , 143
61 , 61
3 , 3
1 , 1
362 , 362
2 , 2
55 , 55
219 , 219
343 , 343
41 , 41
266 , 266
65 , 65
1 , 1
19 , 19
3311 , 3311
265 , 265
10 , 10
7740 , 7740
48 , 48
4600 , 4600
1708 , 1708
574 , 574
446 , 446
1 , 1
6 , 6
366 , 366
330 , 330
353 , 353
109 , 98
1337 , 1337
1 , 1
7035 , 7035
46 , 46
1 , 1
5 , 5
12 , 12
2 , 2
2501 , 2408
6008 , 6008
1 , 1
429 , 429
8821 , 8821
34 , 34
777 , 777
267 , 267
1 , 1
2216 , 2216
747 , 747
34 , 24
4013 , 4013
1068 , 1068
2 , 2
159 , 159
6 , 6
25 , 25
2497 , 2485
1371 , 1371
2 , 2
1427 , 1427
9908 , 9908
70 , 70
1565 , 1565
1 , 1
2566 , 2566
26 , 26
378 , 378
1 , 1
1 , 1
2 , 2
153 , 153
93 , 93
42 , 42
1 , 1
22 , 22
6 , 6
1937 , 1937
10 , 10
5738 , 5738
27 , 27
4 , 4
1651 , 1651
4410 , 4410
6 , 6
271 , 166
1 , 1
3721 , 3720
25 , 25
4 , 4
303 , 303
20 , 20
88 , 88
7010 , 7010
1 , 1
6065 , 6064
175 , 175
2738 , 2738
4377 , 4377
131 , 131
17 , 17
7071 , 7071
1 , 1
1752 , 1752
197 , 197
2226 , 2226
24 , 24
14 , 14
2 , 0
4 , 4
9531 , 9531
129 , 129
146 , 146
2390 , 2390
850 , 850
187 , 187
3 , 0
160 , 160
151 , 151
42 , 42
2050 , 2050
69 , 69
9 , 9
1787 , 1787
23 , 23
1055 , 1055
1 , 1
132 , 132
24 , 24
1 , 1
1241 , 1241
22 , 22
4424 , 4424
731 , 731
190 , 190
38 , 38
4 , 4
9427 , 9427
13 , 13
26 , 26
6 , 6
492 , 492
1117 , 1117
3 , 0
5 , 5
1 , 1
1380 , 1380
370 , 370
5 , 5
53 , 53
1011 , 1011
1 , 1
10 , 10
59 , 46
640 , 640
2463 , 2463
464 , 461
3 , 0
42 , 42
1865 , 1865
1285 , 1285
1837 , 1836
5964 , 5961
1 , 1
33 , 33
243 , 243
293 , 293
2003 , 2003
7 , 7
13 , 13
26 , 26
4 , 4
7 , 7
3 , 3
4 , 4
2 , 0
618 , 618
1 , 1
214 , 214
10 , 10
7648 , 7648
26 , 26
16 , 16
4545 , 4539
12 , 12
1132 , 1132
1 , 1
42 , 42
1 , 1
770 , 770
819 , 819
1 , 1
126 , 126
67 , 67
203 , 203
34 , 34
825 , 825
712 , 712
1025 , 1025
193 , 193
45 , 45
6890 , 6890
29 , 29
3686 , 3686
1 , 1
159 , 159
863 , 863
2 , 2
9 , 0
153 , 153
2 , 2
184 , 184
154 , 154
2 , 0
2439 , 2439
27 , 27
64 , 64
1 , 1
747 , 747
293 , 293
112 , 112
4 , 0
1754 , 1754
92 , 92
153 , 153
21 , 21
284 , 284
1058 , 1058
160 , 160
1098 , 1098
28 , 28
8681 , 8681
14 , 14
1 , 1
2223 , 2223
1 , 1
8946 , 8946
44 , 44
2217 , 2217
743 , 743
1 , 0
6919 , 6919
3 , 3
42 , 42
193 , 193
2 , 2
45 , 42
30 , 30
277 , 277
4 , 0
5303 , 5303
628 , 628
9533 , 9533
2 , 0
1 , 1
6 , 0
2 , 1
3197 , 3197
13 , 13
552 , 552
5602 , 5602
8160 , 8160
110 , 110
80 , 80
3 , 3
3 , 3
7 , 7
139 , 139
11 , 11
2197 , 1940
31 , 31
1 , 1
3 , 3
1 , 1
223 , 223
162 , 162
1 , 1
24 , 24
4757 , 4757
35 , 35
4650 , 4650
5 , 5
2 , 2
22 , 22
2071 , 2071
452 , 452
9106 , 9106
4 , 4
6486 , 6486
192 , 192
2827 , 2827
2 , 2
2 , 2
2 , 2
1327 , 1327
1 , 1
35 , 35
334 , 334
8 , 8
42 , 42
3333 , 3332
3235 , 3229
2 , 0
1258 , 1258
1355 , 1355
3592 , 3592
106 , 106
9488 , 9488
88 , 88
59 , 59
4 , 4
935 , 933
6721 , 6721
3909 , 3909
1187 , 1187
593 , 593
2133 , 2133
3 , 3
388 , 388
67 , 67
3 , 3
1 , 1
214 , 211
552 , 552
7774 , 7774
11 , 11
4576 , 4576
1 , 1
4 , 0
139 , 139
3 , 3
24 , 24
2 , 2
64 , 64
104 , 104
1 , 1
2 , 2
17 , 17
159 , 159
5767 , 5767
2 , 2
9598 , 9597
448 , 448
61 , 61
24 , 24
2 , 2
2 , 2
5 , 5
19 , 19
1 , 1
4 , 4
7 , 7
8608 , 8608
1149 , 1149
8 , 8
1756 , 1756
8 , 8
29 , 29
1619 , 1619
69 , 69
7849 , 7844
72 , 72
1253 , 1253
6345 , 6345
13 , 13
1836 , 1836
306 , 306
59 , 59
21 , 0
826 , 826
177 , 0
70 , 70
179 , 179
673 , 673
16 , 16
3 , 3
24 , 24
2 , 2
13 , 13
2572 , 2572
3 , 3
554 , 554
435 , 435
2 , 2
18 , 18
3714 , 3714
28 , 28
15 , 15
4 , 4
590 , 590
950 , 949
652 , 652
105 , 105
1 , 1
7348 , 7348
332 , 332
4 , 4
705 , 705
3 , 3
131 , 131
55 , 55
393 , 393
2188 , 2188
230 , 230
71 , 71
603 , 603
387 , 386
7 , 7
41 , 41
2 , 1
41 , 41
2 , 2
1 , 1
6294 , 6294
15 , 15
8 , 8
1654 , 1654
370 , 370
193 , 193
35 , 35
36 , 36
12 , 12
8 , 8
359 , 359
8693 , 8693
2720 , 2720
6655 , 6628
78 , 68
916 , 887
477 , 477
6859 , 6859
338 , 338
7350 , 7350
976 , 976
26 , 26
67 , 67
2533 , 2533
1 , 1
268 , 268
306 , 306
5 , 5
2 , 2
3657 , 3657
1 , 1
8 , 8
219 , 219
291 , 291
168 , 168
871 , 871
519 , 519
2006 , 2006
116 , 116
2 , 0
765 , 765
2 , 2
3 , 3
28 , 28
3 , 3
265 , 265
261 , 261
906 , 906
3 , 3
78 , 78
856 , 856
2 , 0
1226 , 1226
3 , 3
13 , 13
136 , 136
2209 , 2209
31 , 31
874 , 874
1 , 1
6316 , 6316
4 , 4
9 , 9
32 , 32
3 , 3
25 , 25
22 , 22
5 , 5
22 , 22
897 , 897
1 , 1
2376 , 2376
33 , 33
92 , 92
5 , 0
270 , 246
5 , 5
1 , 0
416 , 416
40 , 40
1 , 1
3377 , 3377
1 , 1
282 , 282
2 , 2
6539 , 6539
65 , 65
37 , 37
13 , 13
1 , 0
3944 , 3944
9 , 9
1 , 1
84 , 84
3 , 3
118 , 114
2195 , 2195
856 , 856
5 , 5
1357 , 1357
7 , 7
28 , 28
23 , 23
31 , 0
44 , 44
3604 , 3604
698 , 698
7 , 3
6146 , 6146
478 , 477
14 , 14
934 , 934
755 , 755
12 , 0
1 , 1
1 , 1
2 , 2
327 , 327
7 , 7
4 , 4
3860 , 3860
6016 , 6016
4158 , 4157
18 , 18
2275 , 2274
1068 , 1068
1036 , 1036
3935 , 3935
16 , 16
456 , 456
1231 , 1231
63 , 63
2421 , 2421
3067 , 3067
3 , 3
207 , 207
83 , 83
352 , 352
4 , 4
7 , 7
5 , 4
5 , 5
60 , 60
264 , 264
495 , 495
2 , 2
123 , 123
1054 , 1054
63 , 63
2 , 0
36 , 36
4 , 4
65 , 65
1 , 1
3514 , 3514
11 , 11
67 , 67
1 , 1
136 , 136
416 , 416
2 , 0
1775 , 1775
4655 , 4655
8 , 8
3884 , 3884
2213 , 2213
3857 , 3857
2460 , 2460
2 , 2
36 , 36
126 , 126
53 , 53
52 , 52
1 , 1
8426 , 8426
440 , 440
56 , 56
9 , 9
365 , 365
539 , 539
5 , 5
9830 , 9830
35 , 35
5 , 5
7 , 7
184 , 184
9738 , 9738
1955 , 1955
8727 , 8727
3050 , 3050
2 , 2
66 , 66
1 , 1
86 , 86
2 , 2
30 , 30
11 , 11
4 , 4
681 , 681
2236 , 2236
6 , 6
500 , 500
291 , 291
1 , 1
138 , 138
6703 , 6703
731 , 731
59 , 59
1 , 1
4 , 4
1979 , 1979
4 , 4
19 , 19
2525 , 2525
48 , 48
2 , 2
28 , 28
505 , 505
1 , 1
12 , 12
2272 , 2272
1 , 1
2819 , 2819
7 , 7
12 , 12
1 , 1
21 , 10
6003 , 6003
3260 , 3260
160 , 160
23 , 23
7 , 7
130 , 130
1631 , 1631
49 , 49
98 , 98
19 , 19
20 , 2
376 , 376
11 , 11
2510 , 2510
93 , 79
1330 , 1330
1093 , 1093
1 , 1
4084 , 4084
2 , 2
6 , 6
1 , 1
9615 , 9615
1 , 1
209 , 209
4 , 0
32 , 32
9842 , 9842
3 , 3
1773 , 1773
25 , 25
829 , 829
72 , 72
184 , 184
1218 , 1218
180 , 180
52 , 52
1921 , 1921
158 , 158
328 , 327
119 , 118
29 , 28
4903 , 4886
1049 , 1049
1 , 1
1 , 1
551 , 551
47 , 43
14 , 14
8 , 4
1 , 0
4 , 4
29 , 29
5671 , 5671
2 , 2
3347 , 3347
3390 , 3390
153 , 153
1115 , 1115
1 , 1
2 , 2
1657 , 1657
9 , 9
550 , 550
7723 , 7723
245 , 245
3 , 3
585 , 585
1 , 1
5180 , 5180
14 , 14
5688 , 5688
55 , 55
7 , 7
159 , 159
1997 , 1997
2 , 2
5 , 5
7520 , 7520
156 , 156
77 , 77
6797 , 6767
404 , 404
3743 , 3743
687 , 687
3 , 3
16 , 14
126 , 126
52 , 52
3639 , 3639
531 , 531
3387 , 3387
1 , 1
96 , 96
81 , 81
720 , 720
2 , 2
5 , 5
1358 , 1358
32 , 32
2561 , 2561
9424 , 9424
23 , 23
26 , 26
5763 , 5763
3 , 0
790 , 790
2 , 2
20 , 20
10 , 10
915 , 915
370 , 370
203 , 203
4 , 4
120 , 120
3 , 3
2 , 2
24 , 24
8010 , 8010
1361 , 1361
8 , 8
233 , 233
6 , 6
3 , 3
5 , 5
43 , 43
3301 , 3301
5731 , 5731
857 , 857
2211 , 2211
614 , 614
4106 , 4106
38 , 38
133 , 133
609 , 609
82 , 82
166 , 166
9 , 9
6495 , 6495
151 , 150
40 , 40
4 , 4
4 , 4
3 , 3
2 , 2
1 , 1
9 , 9
2409 , 2409
7928 , 7928
14 , 14
175 , 175
771 , 758
6 , 6
9983 , 9978
2 , 2
6 , 6
831 , 831
4 , 0
3 , 3
76 , 76
8 , 8
1378 , 1378
27 , 27
90 , 90
163 , 163
2229 , 2229
5 , 5
1 , 1
66 , 66
1 , 1
200 , 200
2687 , 2687
36 , 36
30 , 30
19 , 19
1 , 1
37 , 37
1 , 0
1 , 1
4 , 4
3 , 3
1 , 1
7229 , 7227
35 , 35
7 , 7
7960 , 7960
369 , 369
38 , 36
35 , 35
55 , 55
985 , 985
23 , 21
2 , 2
48 , 48
11 , 11
293 , 293
1466 , 1466
392 , 391
177 , 177
10 , 10
1471 , 1471
6 , 6
20 , 20
5384 , 5384
686 , 686
653 , 648
12 , 12
2103 , 2103
296 , 296
1 , 1
1673 , 1673
377 , 377
3 , 3
7095 , 7095
17 , 17
6 , 6
1907 , 1907
7694 , 7694
7 , 7
205 , 205
3 , 3
1443 , 1443
243 , 243
1 , 1
8 , 8
5 , 5
848 , 848
7579 , 7579
1 , 1
647 , 645
8 , 8
940 , 940
70 , 70
799 , 799
26 , 26
4178 , 4177
375 , 375
1 , 1
510 , 510
108 , 108
376 , 376
1755 , 1755
1282 , 1282
20 , 20
331 , 226
1 , 1
5 , 5
2 , 0
2 , 2
1 , 1
1535 , 1535
1905 , 1905
31 , 31
8639 , 8639
2 , 0
1 , 0
252 , 252
17 , 17
360 , 360
79 , 79
7693 , 7693
16 , 16
781 , 773
4579 , 4579
1186 , 1186
1 , 1
3 , 3
36 , 36
153 , 153
40 , 40
150 , 150
1420 , 1420
8 , 0
662 , 661
5450 , 5450
19 , 0
1 , 0
7 , 7
20 , 20
3 , 3
1 , 1
190 , 190
2624 , 2624
1 , 1
4212 , 4212
43 , 43
17 , 17
81 , 81
270 , 265
25 , 25
9 , 9
12 , 12
21 , 21
4 , 4
141 , 141
13 , 13
1 , 0
2800 , 2800
171 , 171
186 , 186
4861 , 4861
1273 , 1262
163 , 163
407 , 407
73 , 0
1 , 1
126 , 126
464 , 464
1 , 1
859 , 859
9053 , 9053
21 , 21
8511 , 8511
63 , 63
73 , 73
23 , 0
60 , 60
568 , 568
1 , 1
15 , 15
581 , 581
373 , 373
1318 , 1318
3 , 3
2 , 2
7 , 7
38 , 38
1 , 1
3 , 3
227 , 227
9 , 9
2 , 2
392 , 392
1087 , 1087
7 , 7
5 , 5
1 , 0
4 , 4
105 , 105
3897 , 3897
3422 , 3422
371 , 371
51 , 51
3148 , 3148
28 , 0
4406 , 4406
14 , 14
3317 , 3317
498 , 498
3 , 3
2253 , 2253
22 , 22
2576 , 2576
6 , 6
3197 , 3197
7 , 7
9658 , 9658
27 , 27
95 , 94
6 , 6
159 , 136
54 , 54
99 , 99
39 , 13
56 , 56
2252 , 2252
539 , 539
4 , 4
5 , 3
9 , 9
20 , 20
9 , 9
3 , 3
2 , 2
45 , 45
1 , 1
4 , 4
4189 , 4189
1203 , 1203
5 , 5
4778 , 4778
115 , 115
26 , 26
7568 , 7568
1009 , 1009
3869 , 3869
9 , 9
35 , 35
3401 , 3401
9021 , 9021
5 , 5
241 , 232
381 , 381
10 , 10
14 , 14
35 , 35
2 , 0
1 , 1
31 , 31
125 , 125
5 , 5
2 , 2
347 , 347
32 , 32
1784 , 1784
136 , 136
4 , 4
923 , 923
1388 , 1388
2038 , 2038
1 , 1
1 , 0
225 , 225
10 , 7
13 , 13
1 , 1
1 , 1
131 , 131
388 , 388
145 , 145
144 , 144
9 , 8
13 , 13
6 , 5
1 , 1
809 , 809
243 , 243
3060 , 3060
1140 , 999
1 , 1
4184 , 4184
3 , 3
75 , 75
5 , 5
1 , 1
1459 , 1459
3314 , 3314
8100 , 8100
2 , 2
4 , 4
527 , 526
95 , 95
254 , 254
1 , 1
5060 , 5060
2 , 0
1 , 0
22 , 22
7898 , 7898
10 , 10
17 , 17
161 , 161
19 , 19
2172 , 2055
8655 , 8655
5336 , 5325
1423 , 1423
33 , 33
18 , 18
1 , 1
5610 , 5610
13 , 13
8101 , 8101
1090 , 1090
4870 , 4870
3185 , 3185
173 , 173
23 , 23
8 , 8
86 , 86
2 , 2
1 , 1
31 , 31
53 , 53
2752 , 2752
1 , 1
339 , 339
8 , 8
12 , 12
4620 , 4454
756 , 756
6 , 6
3875 , 3875
65 , 65
419 , 419
15 , 14
1666 , 1666
344 , 344
6 , 6
1 , 1
1 , 1
57 , 57
247 , 247
1 , 0
7 , 7
22 , 22
117 , 73
2327 , 2327
2 , 2
1 , 1
123 , 123
257 , 257
1 , 1
52 , 52
2 , 2
7 , 7
3 , 3
3592 , 3592
7892 , 7892
5689 , 5689
9 , 8
103 , 103
2 , 2
40 , 40
16 , 15
505 , 275
35 , 35
70 , 70
1 , 1
188 , 188
1 , 1
5043 , 5042
2 , 2
4 , 4
84 , 84
413 , 413
58 , 54
16 , 16
4 , 4
70 , 70
73 , 0
1457 , 1456
2 , 0
7 , 6
21 , 19
2 , 2
2 , 1
42 , 42
15 , 15
35 , 35
3 , 3
4638 , 4638
436 , 436
11 , 10
1417 , 1417
56 , 56
20 , 17
3 , 3
660 , 660
146 , 135
6322 , 6322
1 , 0
895 , 895
103 , 103
8311 , 8311
244 , 244
69 , 69
4072 , 4072
6172 , 6172
57 , 56
1143 , 1143
1839 , 1839
506 , 506
63 , 58
44 , 34
61 , 61
26 , 26
2109 , 2109
1 , 1
6 , 6
121 , 121
8256 , 8256
3 , 3
413 , 413
38 , 38
2 , 2
6 , 6
1915 , 1915
26 , 26
1 , 1
11 , 11
9 , 9
242 , 242
272 , 272
111 , 111
44 , 44
1 , 1
220 , 215
9 , 9
864 , 864
241 , 223
6 , 6
68 , 68
2659 , 2659
309 , 309
15 , 15
5 , 5
4 , 4
2507 , 2507
13 , 13
1 , 1
97 , 97
2 , 2
67 , 67
1 , 0
7658 , 7658
3606 , 3606
1 , 1
1 , 1
2016 , 2015
21 , 21
358 , 358
88 , 88
4111 , 4111
3 , 3
68 , 68
4 , 4
1 , 1
5665 , 5665
9985 , 9985
37 , 37
1165 , 1165
133 , 133
12 , 12
231 , 231
12 , 12
68 , 65
10 , 10
1 , 1
1 , 1
4497 , 4493
1 , 0
7637 , 7637
1 , 1
6908 , 6907
1168 , 1168
3 , 2
2 , 2
225 , 225
145 , 145
122 , 122
7498 , 7498
81 , 81
44 , 41
23 , 23
6715 , 6715
652 , 652
166 , 166
524 , 524
3 , 2
2 , 2
3 , 3
7 , 7
2511 , 2511
3520 , 3520
10 , 10
7302 , 7302
1490 , 1490
2879 , 2879
571 , 571
63 , 63
208 , 208
1 , 1
1 , 1
4483 , 4483
13 , 13
469 , 461
45 , 45
5951 , 5951
24 , 24
13 , 13
1 , 1
46 , 46
22 , 22
46 , 46
50 , 50
8 , 8
2 , 1
5349 , 5347
344 , 344
182 , 182
4095 , 4095
186 , 186
2934 , 2934
7046 , 7046
912 , 912
1372 , 1372
2 , 0
3 , 3
370 , 370
1599 , 1599
19 , 19
7 , 7
3951 , 3951
1 , 1
5850 , 5850
4608 , 4608
75 , 75
99 , 99
1 , 1
8 , 8
8 , 8
279 , 279
12 , 12
1928 , 1876
1 , 1
598 , 598
3130 , 3130
31 , 31
40 , 40
1 , 1
2429 , 2337
2786 , 2786
5 , 5
2 , 0
155 , 155
1 , 1
3 , 3
1 , 1
3 , 3
92 , 80
154 , 154
8 , 8
9 , 9
153 , 153
6832 , 6832
1651 , 1651
117 , 117
10 , 0
79 , 79
108 , 108
1070 , 1070
171 , 171
2928 , 2928
24 , 13
12 , 12
8 , 8
9 , 9
1 , 1
4138 , 4138
1 , 1
4383 , 4383
558 , 558
794 , 794
284 , 284
6586 , 6586
70 , 70
1 , 1
1262 , 1262
83 , 83
5223 , 5223
831 , 831
49 , 49
20 , 20
112 , 112
520 , 520
1 , 0
17 , 0
791 , 791
2822 , 2822
6 , 6
3 , 3
184 , 184
3885 , 3885
3684 , 3684
7 , 7
8 , 8
9517 , 9517
1949 , 1949
1413 , 1413
11 , 11
728 , 728
2 , 2
2 , 2
2 , 2
209 , 209
2767 , 2767
100 , 100
318 , 318
232 , 232
55 , 55
1092 , 1092
929 , 929
1143 , 1143
151 , 151
1298 , 1298
12 , 12
5 , 5
15 , 15
463 , 443
12 , 12
4752 , 4752
109 , 109
3 , 0
401 , 401
2984 , 2982
13 , 13
1436 , 1436
2155 , 2155
23 , 23
464 , 464
73 , 73
4 , 4
8931 , 8931
4 , 3
4 , 4
228 , 228
13 , 13
6 , 6
5336 , 5336
1881 , 1881
58 , 58
546 , 546
2 , 2
29 , 29
53 , 53
31 , 31
1612 , 1612
14 , 14
2 , 2
5575 , 5575
1 , 1
363 , 361
2 , 2
66 , 66
22 , 22
4 , 1
6756 , 6756
52 , 52
6 , 6
9 , 9
1 , 1
463 , 458
8 , 8
4989 , 4989
7547 , 7547
141 , 141
1040 , 1040
144 , 144
21 , 21
3 , 3
9312 , 9312
7708 , 7708
28 , 28
2460 , 2460
2053 , 2053
5 , 5
32 , 32
1054 , 1054
4 , 4
54 , 54
83 , 83
56 , 56
760 , 760
42 , 42
279 , 279
2012 , 2011
1 , 1
76 , 76
2008 , 2008
1 , 0
338 , 338
2538 , 2538
1 , 1
340 , 340
976 , 976
1263 , 1263
40 , 21
4 , 4
38 , 0
3766 , 3766
297 , 297
6 , 6
6878 , 6878
4984 , 4984
5988 , 5988
1 , 1
7 , 7
10 , 10
322 , 322
3 , 3
1173 , 1173
4 , 4
7 , 7
1119 , 1119
1062 , 1062
194 , 194
6091 , 6091
1830 , 1830
10 , 10
2 , 2
76 , 51
8 , 8
718 , 715
20 , 20
95 , 95
2 , 2
7526 , 7526
810 , 809
1 , 1
1 , 0
1219 , 1219
5 , 5
16 , 16
11 , 11
1826 , 1826
7 , 7
81 , 81
1524 , 1524
70 , 70
129 , 129
153 , 153
1075 , 1075
2354 , 2354
443 , 443
5 , 5
53 , 53
208 , 208
5 , 5
3204 , 3204
3 , 1
2074 , 2074
219 , 219
3835 , 3835
10 , 10
28 , 28
22 , 0
87 , 87
197 , 197
30 , 30
1632 , 1632
2 , 2
91 , 90
4 , 4
198 , 198
21 , 21
141 , 141
2314 , 2215
6083 , 6079
6132 , 6132
80 , 80
1 , 1
2 , 2
15 , 15
775 , 772
138 , 138
712 , 712
33 , 33
1 , 1
2 , 2
1 , 1
99 , 0
823 , 823
2529 , 2518
5006 , 5006
4 , 4
3 , 0
12 , 12
1 , 1
4082 , 4082
47 , 47
850 , 850
4105 , 4105
29 , 29
428 , 428
45 , 45
1 , 1
158 , 158
7 , 7
12 , 12
364 , 364
228 , 228
341 , 341
8 , 8
22 , 22
1 , 1
519 , 519
8 , 8
3 , 3
736 , 736
389 , 389
6626 , 6626
54 , 51
52 , 52
16 , 16
9 , 9
20 , 20
361 , 360
8 , 8
25 , 25
4 , 4
7 , 7
1510 , 1503
1 , 1
73 , 73
945 , 945
3 , 3
775 , 775
344 , 344
10 , 10
82 , 82
3 , 3
3 , 3
765 , 765
59 , 59
44 , 43
2909 , 2909
55 , 55
63 , 61
2382 , 2382
85 , 85
3743 , 3742
2 , 2
12 , 12
6 , 6
71 , 71
9 , 9
44 , 44
1 , 1
26 , 26
1 , 1
26 , 26
12 , 12
2637 , 2637
2 , 2
31 , 31
1508 , 1508
229 , 229
1151 , 1151
237 , 237
3603 , 3603
6698 , 6698
243 , 243
2888 , 2888
5 , 5
86 , 86
1351 , 1351
704 , 697
8874 , 8874
3714 , 3714
32 , 32
3548 , 3548
3 , 2
32 , 32
2982 , 2982
10 , 10
1 , 1
73 , 73
1419 , 1419
1 , 1
60 , 60
738 , 738
440 , 440
7 , 7
4 , 4
2 , 2
2174 , 2172
10 , 10
241 , 241
1 , 1
294 , 294
7 , 7
479 , 479
2679 , 2679
6610 , 6610
127 , 127
9 , 9
8 , 8
1 , 1
684 , 684
528 , 528
126 , 126
50 , 50
3 , 3
