CountMax ,fattree8 ,50000 , 100 ,  0.99 , 0.433658090813474 , 0 , 1 , 326
CountMax ,fattree8 ,50000 , 100 ,  0.98 , 0.436480285038219 , 0 , 1 , 656
CountMax ,fattree8 ,50000 , 100 ,  0.95 , 0.384984106067461 , 0 , 1 , 1454
SketchVisor ,fattree8 ,50000 , 100 ,  0.99 , 0.0962841956773258 , 0 , 1.02399948937257 , 48
SketchVisor ,fattree8 ,50000 , 100 ,  0.98 , 0.0833143698675653 , 0 , 1.04487982126636 , 83
SketchVisor ,fattree8 ,50000 , 100 ,  0.95 , 0.0831042542987777 , 0 , 1.05947523800046 , 207
CountMax ,fattree8 ,50000 , 200 ,  0.99 , 0.658798905720042 , 0 , 1 , 448
CountMax ,fattree8 ,50000 , 200 ,  0.98 , 0.664798508445531 , 0 , 1 , 890
CountMax ,fattree8 ,50000 , 200 ,  0.95 , 0.618541848218581 , 0 , 1 , 2139
SketchVisor ,fattree8 ,50000 , 200 ,  0.99 , 0.192476012589723 , 0 , 1.02539838597354 , 96
SketchVisor ,fattree8 ,50000 , 200 ,  0.98 , 0.18077413080121 , 0 , 1.10751595367525 , 180
SketchVisor ,fattree8 ,50000 , 200 ,  0.95 , 0.199030062674429 , 0 , 1.17387747396243 , 495
CountMax ,fattree8 ,50000 , 400 ,  0.99 , 0.879224738644894 , 0 , 1 , 497
CountMax ,fattree8 ,50000 , 400 ,  0.98 , 0.878123300018885 , 0 , 1 , 994
CountMax ,fattree8 ,50000 , 400 ,  0.95 , 0.858479908004883 , 0 , 1 , 2467
SketchVisor ,fattree8 ,50000 , 400 ,  0.99 , 0.443806933832371 , 0 , 1.16765257238075 , 221
SketchVisor ,fattree8 ,50000 , 400 ,  0.98 , 0.422753742601648 , 0 , 1.16765257238075 , 421
SketchVisor ,fattree8 ,50000 , 400 ,  0.95 , 0.447528913467498 , 0 , 1.16765257238075 , 1113
CountMax ,fattree8 ,50000 , 700 ,  0.99 , 0.960604648621915 , 0.315382485141555 , 1 , 500
CountMax ,fattree8 ,50000 , 700 ,  0.98 , 0.958834207799842 , 0 , 1 , 999
CountMax ,fattree8 ,50000 , 700 ,  0.95 , 0.946096226786016 , 0 , 1 , 2494
SketchVisor ,fattree8 ,50000 , 700 ,  0.99 , 0.702899494678174 , 0 , 1.14519208577243 , 350
SketchVisor ,fattree8 ,50000 , 700 ,  0.98 , 0.69772295436373 , 0 , 1.14519208577243 , 695
SketchVisor ,fattree8 ,50000 , 700 ,  0.95 , 0.720343458560221 , 0 , 1.28176937666763 , 1793
CountMax ,fattree8 ,50000 , 1000 ,  0.99 , 0.979832091880238 , 0.235279832211061 , 1 , 500
CountMax ,fattree8 ,50000 , 1000 ,  0.98 , 0.979220361358346 , 0.235279832211061 , 1 , 1000
CountMax ,fattree8 ,50000 , 1000 ,  0.95 , 0.976259836313846 , 0.235279832211061 , 1 , 2500
SketchVisor ,fattree8 ,50000 , 1000 ,  0.99 , 0.868319291467768 , 0 , 1.09007981755986 , 433
SketchVisor ,fattree8 ,50000 , 1000 ,  0.98 , 0.877443505960897 , 0 , 1.14394161903256 , 875
SketchVisor ,fattree8 ,50000 , 1000 ,  0.95 , 0.890233383557211 , 0 , 1.26039155174077 , 2218
CountMax ,fattree8 ,50000 , 1500 ,  0.99 , 0.992172126342497 , 0.558342012080816 , 1 , 500
CountMax ,fattree8 ,50000 , 1500 ,  0.98 , 0.991921965048402 , 0.429733526692649 , 1 , 1000
CountMax ,fattree8 ,50000 , 1500 ,  0.95 , 0.990741112695576 , 0 , 1 , 2499
SketchVisor ,fattree8 ,50000 , 1500 ,  0.99 , 0.98564703043625 , 0 , 1.11132792010239 , 492
SketchVisor ,fattree8 ,50000 , 1500 ,  0.98 , 0.986445589169689 , 0 , 1.11132792010239 , 985
SketchVisor ,fattree8 ,50000 , 1500 ,  0.95 , 0.990163219522191 , 0 , 1.2236508864212 , 2471
CountMax ,fattree8 ,50000 , 2000 ,  0.99 , 0.996367567553629 , 0.572713961335229 , 1 , 500
CountMax ,fattree8 ,50000 , 2000 ,  0.98 , 0.996352700807624 , 0.388308366824991 , 1 , 1000
CountMax ,fattree8 ,50000 , 2000 ,  0.95 , 0.99674932907876 , 0.388308366824991 , 1 , 2500
SketchVisor ,fattree8 ,50000 , 2000 ,  0.99 , 0.997106064133883 , 0 , 1.09966673609665 , 498
SketchVisor ,fattree8 ,50000 , 2000 ,  0.98 , 0.998028418044735 , 0 , 1.09966673609665 , 997
SketchVisor ,fattree8 ,50000 , 2000 ,  0.95 , 0.99950766252162 , 0 , 1.18989295013984 , 2496
CountMax ,fattree8 ,50000 , 2500 ,  0.99 , 0.998176501183716 , 0.635380098950956 , 1 , 500
CountMax ,fattree8 ,50000 , 2500 ,  0.98 , 0.998615929383638 , 0.635380098950956 , 1 , 1000
CountMax ,fattree8 ,50000 , 2500 ,  0.95 , 0.998189737002631 , 0.511380383166858 , 1 , 2500
SketchVisor ,fattree8 ,50000 , 2500 ,  0.99 , 1.0005563186854 , 1 , 1.07817992032891 , 500
SketchVisor ,fattree8 ,50000 , 2500 ,  0.98 , 1.00057350236972 , 1 , 1.11661786928598 , 1000
SketchVisor ,fattree8 ,50000 , 2500 ,  0.95 , 1.00066029986796 , 1 , 1.15575272446716 , 2500
CountMax ,fattree8 ,50000 , 3000 ,  0.99 , 0.999552600316006 , 0.948797844966227 , 1 , 500
CountMax ,fattree8 ,50000 , 3000 ,  0.98 , 0.999529888289418 , 0.910586984364805 , 1 , 1000
CountMax ,fattree8 ,50000 , 3000 ,  0.95 , 0.999273309792346 , 0.774671749258789 , 1 , 2500
SketchVisor ,fattree8 ,50000 , 3000 ,  0.99 , 1.00057527178691 , 1 , 1.05963340970631 , 500
SketchVisor ,fattree8 ,50000 , 3000 ,  0.98 , 1.00054328755675 , 1 , 1.08957795004307 , 1000
SketchVisor ,fattree8 ,50000 , 3000 ,  0.95 , 1.0005530353853 , 1 , 1.12338058957791 , 2500
CountMax ,fattree8 ,100000 , 100 ,  0.99 , 0.268013875181942 , 0 , 0.999945648038438 , 425
CountMax ,fattree8 ,100000 , 100 ,  0.98 , 0.257989088432619 , 0 , 0.999945648038438 , 812
CountMax ,fattree8 ,100000 , 100 ,  0.95 , 0.22309401392845 , 0 , 0.999945648038438 , 1779
SketchVisor ,fattree8 ,100000 , 100 ,  0.99 , 0.0552423666558969 , 0 , 1.13548576398713 , 55
SketchVisor ,fattree8 ,100000 , 100 ,  0.98 , 0.045137294415819 , 0 , 1.13548576398713 , 90
SketchVisor ,fattree8 ,100000 , 100 ,  0.95 , 0.0433372848667207 , 0 , 1.13548576398713 , 216
CountMax ,fattree8 ,100000 , 200 ,  0.99 , 0.437633612284686 , 0 , 0.99998992382411 , 667
CountMax ,fattree8 ,100000 , 200 ,  0.98 , 0.431205983953182 , 0 , 0.99998992382411 , 1301
CountMax ,fattree8 ,100000 , 200 ,  0.95 , 0.386685286043073 , 0 , 1 , 2952
SketchVisor ,fattree8 ,100000 , 200 ,  0.99 , 0.109276669270112 , 0 , 1.04656443996392 , 109
SketchVisor ,fattree8 ,100000 , 200 ,  0.98 , 0.105238880565702 , 0 , 1.04656443996392 , 210
SketchVisor ,fattree8 ,100000 , 200 ,  0.95 , 0.100959947234406 , 0 , 1.07963431462741 , 503
CountMax ,fattree8 ,100000 , 400 ,  0.99 , 0.685732556284115 , 0 , 1 , 916
CountMax ,fattree8 ,100000 , 400 ,  0.98 , 0.68034223154318 , 0 , 1 , 1824
CountMax ,fattree8 ,100000 , 400 ,  0.95 , 0.636032374888181 , 0 , 1 , 4344
SketchVisor ,fattree8 ,100000 , 400 ,  0.99 , 0.253734011307967 , 0 , 1.04820673087144 , 253
SketchVisor ,fattree8 ,100000 , 400 ,  0.98 , 0.248361114385743 , 0 , 1.16008051954276 , 495
SketchVisor ,fattree8 ,100000 , 400 ,  0.95 , 0.228716206805176 , 0 , 1.16008051954276 , 1139
CountMax ,fattree8 ,100000 , 700 ,  0.99 , 0.863862068234856 , 0 , 1 , 994
CountMax ,fattree8 ,100000 , 700 ,  0.98 , 0.858225102510209 , 0 , 1 , 1981
CountMax ,fattree8 ,100000 , 700 ,  0.95 , 0.82779963815178 , 0 , 1 , 4883
SketchVisor ,fattree8 ,100000 , 700 ,  0.99 , 0.431619501269533 , 0 , 1.07108682246369 , 430
SketchVisor ,fattree8 ,100000 , 700 ,  0.98 , 0.426967865319276 , 0 , 1.07108682246369 , 851
SketchVisor ,fattree8 ,100000 , 700 ,  0.95 , 0.416478529341921 , 0 , 1.25122964353373 , 2073
CountMax ,fattree8 ,100000 , 1000 ,  0.99 , 0.923358542503962 , 0 , 1 , 997
CountMax ,fattree8 ,100000 , 1000 ,  0.98 , 0.922558774494992 , 0 , 1 , 1989
CountMax ,fattree8 ,100000 , 1000 ,  0.95 , 0.905846018428864 , 0 , 1 , 4955
SketchVisor ,fattree8 ,100000 , 1000 ,  0.99 , 0.588218276999364 , 0 , 1.12130738679829 , 586
SketchVisor ,fattree8 ,100000 , 1000 ,  0.98 , 0.593270371669898 , 0 , 1.17297309559457 , 1182
SketchVisor ,fattree8 ,100000 , 1000 ,  0.95 , 0.589602777505328 , 0 , 1.24198341936493 , 2934
CountMax ,fattree8 ,100000 , 1500 ,  0.99 , 0.965961245907703 , 0.0127101525839833 , 1 , 1000
CountMax ,fattree8 ,100000 , 1500 ,  0.98 , 0.96749783229391 , 0.0127101525839833 , 1 , 2000
CountMax ,fattree8 ,100000 , 1500 ,  0.95 , 0.96015025982318 , 0 , 1 , 4995
SketchVisor ,fattree8 ,100000 , 1500 ,  0.99 , 0.798321484371104 , 0 , 1.10194364923911 , 796
SketchVisor ,fattree8 ,100000 , 1500 ,  0.98 , 0.789435433283742 , 0 , 1.16135837756908 , 1574
SketchVisor ,fattree8 ,100000 , 1500 ,  0.95 , 0.799363974273782 , 0 , 1.22481186019431 , 3981
CountMax ,fattree8 ,100000 , 2000 ,  0.99 , 0.983222688903815 , 0.218869668559356 , 1 , 1000
CountMax ,fattree8 ,100000 , 2000 ,  0.98 , 0.983217097248474 , 0.170676384189194 , 1 , 2000
CountMax ,fattree8 ,100000 , 2000 ,  0.95 , 0.981157482780489 , 0 , 1 , 4999
SketchVisor ,fattree8 ,100000 , 2000 ,  0.99 , 0.917255396807579 , 0 , 1.15977211853238 , 915
SketchVisor ,fattree8 ,100000 , 2000 ,  0.98 , 0.923996925870532 , 0 , 1.15977211853238 , 1843
SketchVisor ,fattree8 ,100000 , 2000 ,  0.95 , 0.926267687109978 , 0 , 1.21413746630728 , 4616
CountMax ,fattree8 ,100000 , 2500 ,  0.99 , 0.988844250608619 , 0.17004048582996 , 1 , 1000
CountMax ,fattree8 ,100000 , 2500 ,  0.98 , 0.989504198818029 , 0.17004048582996 , 1 , 2000
CountMax ,fattree8 ,100000 , 2500 ,  0.95 , 0.988717814377234 , 0 , 1 , 4998
SketchVisor ,fattree8 ,100000 , 2500 ,  0.99 , 0.972079337615697 , 0 , 1.14761277156583 , 970
SketchVisor ,fattree8 ,100000 , 2500 ,  0.98 , 0.972602539015924 , 0 , 1.14761277156583 , 1941
SketchVisor ,fattree8 ,100000 , 2500 ,  0.95 , 0.975571928543875 , 0 , 1.18836574725829 , 4866
CountMax ,fattree8 ,100000 , 3000 ,  0.99 , 0.993458771257484 , 0.537983903462099 , 1 , 1000
CountMax ,fattree8 ,100000 , 3000 ,  0.98 , 0.994118541759977 , 0.537983903462099 , 1 , 2000
CountMax ,fattree8 ,100000 , 3000 ,  0.95 , 0.99394851165096 , 0.382780025494652 , 1 , 5000
SketchVisor ,fattree8 ,100000 , 3000 ,  0.99 , 0.988231005473622 , 0 , 1.13475192381276 , 987
SketchVisor ,fattree8 ,100000 , 3000 ,  0.98 , 0.991348238857555 , 0 , 1.13475192381276 , 1980
SketchVisor ,fattree8 ,100000 , 3000 ,  0.95 , 0.995341123518851 , 0 , 1.18191374663073 , 4968
CountMax ,fattree8 ,200000 , 100 ,  0.99 , 0.146180066937986 , 0 , 0.999833716132653 , 508
CountMax ,fattree8 ,200000 , 100 ,  0.98 , 0.140299291174544 , 0 , 0.999833716132653 , 972
CountMax ,fattree8 ,200000 , 100 ,  0.95 , 0.124257797624095 , 0 , 0.999850041900057 , 2157
SketchVisor ,fattree8 ,200000 , 100 ,  0.99 , 0.0205576415755118 , 0 , 1.07104376538123 , 41
SketchVisor ,fattree8 ,200000 , 100 ,  0.98 , 0.0193251924178684 , 0 , 1.07104376538123 , 77
SketchVisor ,fattree8 ,200000 , 100 ,  0.95 , 0.0219930528180159 , 0 , 1.12462956595773 , 219
CountMax ,fattree8 ,200000 , 200 ,  0.99 , 0.267882515754566 , 0 , 0.999758153320503 , 841
CountMax ,fattree8 ,200000 , 200 ,  0.98 , 0.255300142110114 , 0 , 0.999975400661722 , 1633
CountMax ,fattree8 ,200000 , 200 ,  0.95 , 0.230544212886767 , 0 , 0.999975400661722 , 3722
SketchVisor ,fattree8 ,200000 , 200 ,  0.99 , 0.0472529078222602 , 0 , 1.15221084434966 , 94
SketchVisor ,fattree8 ,200000 , 200 ,  0.98 , 0.0467064967478136 , 0 , 1.15221084434966 , 186
SketchVisor ,fattree8 ,200000 , 200 ,  0.95 , 0.0475297179046465 , 0 , 1.20436045529773 , 473
CountMax ,fattree8 ,200000 , 400 ,  0.99 , 0.456571015633707 , 0 , 1 , 1377
CountMax ,fattree8 ,200000 , 400 ,  0.98 , 0.44604386695426 , 0 , 1 , 2690
CountMax ,fattree8 ,200000 , 400 ,  0.95 , 0.405775737126328 , 0 , 1 , 6149
SketchVisor ,fattree8 ,200000 , 400 ,  0.99 , 0.11082741169871 , 0 , 1.05337140833223 , 221
SketchVisor ,fattree8 ,200000 , 400 ,  0.98 , 0.108131075662947 , 0 , 1.09329382318249 , 431
SketchVisor ,fattree8 ,200000 , 400 ,  0.95 , 0.110151182874981 , 0 , 1.23473682387377 , 1097
CountMax ,fattree8 ,200000 , 700 ,  0.99 , 0.660270162834473 , 0 , 1 , 1813
CountMax ,fattree8 ,200000 , 700 ,  0.98 , 0.647726533305342 , 0 , 1 , 3533
CountMax ,fattree8 ,200000 , 700 ,  0.95 , 0.608987675697454 , 0 , 1 , 8433
SketchVisor ,fattree8 ,200000 , 700 ,  0.99 , 0.203433776507671 , 0 , 1.0412819150114 , 406
SketchVisor ,fattree8 ,200000 , 700 ,  0.98 , 0.211576351645886 , 0 , 1.07414569650988 , 844
SketchVisor ,fattree8 ,200000 , 700 ,  0.95 , 0.212523851821306 , 0 , 1.1768924481365 , 2116
CountMax ,fattree8 ,200000 , 1000 ,  0.99 , 0.78852212125907 , 0 , 1 , 1940
CountMax ,fattree8 ,200000 , 1000 ,  0.98 , 0.775141598196643 , 0 , 1 , 3848
CountMax ,fattree8 ,200000 , 1000 ,  0.95 , 0.738136335508754 , 0 , 1 , 9395
SketchVisor ,fattree8 ,200000 , 1000 ,  0.99 , 0.307146981621528 , 0 , 1.09376154765786 , 612
SketchVisor ,fattree8 ,200000 , 1000 ,  0.98 , 0.312198618589761 , 0 , 1.09376154765786 , 1244
SketchVisor ,fattree8 ,200000 , 1000 ,  0.95 , 0.313649023743189 , 0 , 1.31384215005892 , 3122
CountMax ,fattree8 ,200000 , 1500 ,  0.99 , 0.89456955308568 , 0 , 1 , 1992
CountMax ,fattree8 ,200000 , 1500 ,  0.98 , 0.881559623888638 , 0 , 1 , 3970
CountMax ,fattree8 ,200000 , 1500 ,  0.95 , 0.858812646739794 , 0 , 1 , 9835
SketchVisor ,fattree8 ,200000 , 1500 ,  0.99 , 0.478151075874197 , 0 , 1.09993172268908 , 953
SketchVisor ,fattree8 ,200000 , 1500 ,  0.98 , 0.46954121352192 , 0 , 1.11895518235621 , 1871
SketchVisor ,fattree8 ,200000 , 1500 ,  0.95 , 0.465571609026792 , 0 , 1.17058336853964 , 4634
CountMax ,fattree8 ,200000 , 2000 ,  0.99 , 0.934755007144934 , 0 , 1 , 1993
CountMax ,fattree8 ,200000 , 2000 ,  0.98 , 0.927806810845922 , 0 , 1 , 3988
CountMax ,fattree8 ,200000 , 2000 ,  0.95 , 0.914474305649443 , 0 , 1 , 9949
SketchVisor ,fattree8 ,200000 , 2000 ,  0.99 , 0.608380208010168 , 0 , 1.05458004018754 , 1213
SketchVisor ,fattree8 ,200000 , 2000 ,  0.98 , 0.613805711670789 , 0 , 1.15679189393987 , 2446
SketchVisor ,fattree8 ,200000 , 2000 ,  0.95 , 0.611286852814784 , 0 , 1.19246920214142 , 6084
CountMax ,fattree8 ,200000 , 2500 ,  0.99 , 0.961795958448911 , 0 , 1 , 1999
CountMax ,fattree8 ,200000 , 2500 ,  0.98 , 0.955396031159846 , 0 , 1 , 3996
CountMax ,fattree8 ,200000 , 2500 ,  0.95 , 0.945950348927103 , 0 , 1 , 9977
SketchVisor ,fattree8 ,200000 , 2500 ,  0.99 , 0.738457710873623 , 0 , 1.13375157470396 , 1472
SketchVisor ,fattree8 ,200000 , 2500 ,  0.98 , 0.741746504956458 , 0 , 1.13375157470396 , 2956
SketchVisor ,fattree8 ,200000 , 2500 ,  0.95 , 0.737008709886613 , 0 , 1.2884231373576 , 7337
CountMax ,fattree8 ,200000 , 3000 ,  0.99 , 0.974500829012933 , 0 , 1 , 1999
CountMax ,fattree8 ,200000 , 3000 ,  0.98 , 0.969864090351236 , 0 , 1 , 3998
CountMax ,fattree8 ,200000 , 3000 ,  0.95 , 0.964002973684899 , 0 , 1 , 9991
SketchVisor ,fattree8 ,200000 , 3000 ,  0.99 , 0.823915271742972 , 0 , 1.08493697478992 , 1643
SketchVisor ,fattree8 ,200000 , 3000 ,  0.98 , 0.822757016689482 , 0 , 1.11979767783601 , 3280
SketchVisor ,fattree8 ,200000 , 3000 ,  0.95 , 0.826326693527817 , 0 , 1.28662582950485 , 8229
CountMax ,fattree8 ,300000 , 100 ,  0.99 , 0.106128565837352 , 0 , 0.999625277795298 , 554
CountMax ,fattree8 ,300000 , 100 ,  0.98 , 0.0959089080363639 , 0 , 0.999740551392091 , 1016
CountMax ,fattree8 ,300000 , 100 ,  0.95 , 0.0858139977254547 , 0 , 0.999740551392091 , 2225
SketchVisor ,fattree8 ,300000 , 100 ,  0.99 , 0.013055184821809 , 0 , 1.04125380198465 , 39
SketchVisor ,fattree8 ,300000 , 100 ,  0.98 , 0.0132404557176227 , 0 , 1.08637580043964 , 79
SketchVisor ,fattree8 ,300000 , 100 ,  0.95 , 0.0129350162335776 , 0 , 1.08637580043964 , 193
CountMax ,fattree8 ,300000 , 200 ,  0.99 , 0.199931629176339 , 0 , 0.999512704249495 , 971
CountMax ,fattree8 ,300000 , 200 ,  0.98 , 0.185368378832829 , 0 , 0.99996135026707 , 1815
CountMax ,fattree8 ,300000 , 200 ,  0.95 , 0.165701884296217 , 0 , 0.99996135026707 , 4093
SketchVisor ,fattree8 ,300000 , 200 ,  0.99 , 0.0295159659331264 , 0 , 1.14344917924184 , 88
SketchVisor ,fattree8 ,300000 , 200 ,  0.98 , 0.0299749580614898 , 0 , 1.14344917924184 , 179
SketchVisor ,fattree8 ,300000 , 200 ,  0.95 , 0.0292790007978602 , 0 , 1.24520342478595 , 437
CountMax ,fattree8 ,300000 , 400 ,  0.99 , 0.350133869831528 , 0 , 0.99994074556888 , 1621
CountMax ,fattree8 ,300000 , 400 ,  0.98 , 0.333916047988327 , 0 , 1 , 3106
CountMax ,fattree8 ,300000 , 400 ,  0.95 , 0.300807381044601 , 0 , 1 , 7033
SketchVisor ,fattree8 ,300000 , 400 ,  0.99 , 0.0628386085891155 , 0 , 1.04119737868941 , 188
SketchVisor ,fattree8 ,300000 , 400 ,  0.98 , 0.0687412193106841 , 0 , 1.21385058083769 , 411
SketchVisor ,fattree8 ,300000 , 400 ,  0.95 , 0.0679527374688651 , 0 , 1.23086239118674 , 1014
CountMax ,fattree8 ,300000 , 700 ,  0.99 , 0.534290159548726 , 0 , 1 , 2330
CountMax ,fattree8 ,300000 , 700 ,  0.98 , 0.509321758130738 , 0 , 1 , 4490
CountMax ,fattree8 ,300000 , 700 ,  0.95 , 0.464159423490756 , 0 , 1 , 10303
SketchVisor ,fattree8 ,300000 , 700 ,  0.99 , 0.132842920161953 , 0 , 1.07184325649682 , 397
SketchVisor ,fattree8 ,300000 , 700 ,  0.98 , 0.138384619948532 , 0 , 1.07184325649682 , 827
SketchVisor ,fattree8 ,300000 , 700 ,  0.95 , 0.135719170479198 , 0 , 1.27955099899667 , 2026
CountMax ,fattree8 ,300000 , 1000 ,  0.99 , 0.65882685395727 , 0 , 1 , 2704
CountMax ,fattree8 ,300000 , 1000 ,  0.98 , 0.642642735042352 , 0 , 1 , 5312
CountMax ,fattree8 ,300000 , 1000 ,  0.95 , 0.597004762512333 , 0 , 1 , 12543
SketchVisor ,fattree8 ,300000 , 1000 ,  0.99 , 0.20172791446977 , 0 , 1.09898235571127 , 603
SketchVisor ,fattree8 ,300000 , 1000 ,  0.98 , 0.204869711730763 , 0 , 1.1406642757649 , 1225
SketchVisor ,fattree8 ,300000 , 1000 ,  0.95 , 0.206159708962132 , 0 , 1.24832598674249 , 3078
CountMax ,fattree8 ,300000 , 1500 ,  0.99 , 0.793890177442105 , 0 , 1 , 2936
CountMax ,fattree8 ,300000 , 1500 ,  0.98 , 0.777985479314402 , 0 , 1 , 5813
CountMax ,fattree8 ,300000 , 1500 ,  0.95 , 0.743148409288053 , 0 , 1 , 14148
SketchVisor ,fattree8 ,300000 , 1500 ,  0.99 , 0.306112794451294 , 0 , 1.10228503088932 , 915
SketchVisor ,fattree8 ,300000 , 1500 ,  0.98 , 0.31093866183809 , 0 , 1.10228503088932 , 1859
SketchVisor ,fattree8 ,300000 , 1500 ,  0.95 , 0.321540035502805 , 0 , 1.26560784675839 , 4799
CountMax ,fattree8 ,300000 , 2000 ,  0.99 , 0.865263988468336 , 0 , 1 , 2973
CountMax ,fattree8 ,300000 , 2000 ,  0.98 , 0.857664610639441 , 0 , 1 , 5928
CountMax ,fattree8 ,300000 , 2000 ,  0.95 , 0.830923066968422 , 0 , 1 , 14624
SketchVisor ,fattree8 ,300000 , 2000 ,  0.99 , 0.424310011983896 , 0 , 1.10485603461137 , 1268
SketchVisor ,fattree8 ,300000 , 2000 ,  0.98 , 0.427611737623077 , 0 , 1.21452020797009 , 2555
SketchVisor ,fattree8 ,300000 , 2000 ,  0.95 , 0.428072184346234 , 0 , 1.33189266521598 , 6387
CountMax ,fattree8 ,300000 , 2500 ,  0.99 , 0.913988174684325 , 0 , 1 , 2993
CountMax ,fattree8 ,300000 , 2500 ,  0.98 , 0.907140523568175 , 0 , 1 , 5976
CountMax ,fattree8 ,300000 , 2500 ,  0.95 , 0.888619929147134 , 0 , 1 , 14855
SketchVisor ,fattree8 ,300000 , 2500 ,  0.99 , 0.527984519320847 , 0 , 1.13046198536395 , 1578
SketchVisor ,fattree8 ,300000 , 2500 ,  0.98 , 0.538333509755626 , 0 , 1.19807737397421 , 3217
SketchVisor ,fattree8 ,300000 , 2500 ,  0.95 , 0.538098750468959 , 0 , 1.31491549607616 , 8030
CountMax ,fattree8 ,300000 , 3000 ,  0.99 , 0.937333300101374 , 0 , 1 , 2997
CountMax ,fattree8 ,300000 , 3000 ,  0.98 , 0.932404505192272 , 0 , 1 , 5987
CountMax ,fattree8 ,300000 , 3000 ,  0.95 , 0.919075985042435 , 0 , 1 , 14922
SketchVisor ,fattree8 ,300000 , 3000 ,  0.99 , -11237661246.0195 , -17238852179215.2 , 1.16224255520292 , 1790
SketchVisor ,fattree8 ,300000 , 3000 ,  0.98 , -8607048014.40547 , -17929304350162.8 , 1.16224255520292 , 3573
SketchVisor ,fattree8 ,300000 , 3000 ,  0.95 , -22173187703.8795 , -29626851119609 , 1.33675782689341 , 8956
CountMax ,hyperx9 ,50000 , 100 ,  0.99 , 0.580333749180294 , 0 , 1 , 411
CountMax ,hyperx9 ,50000 , 100 ,  0.98 , 0.574184438579937 , 0 , 1 , 808
CountMax ,hyperx9 ,50000 , 100 ,  0.95 , 0.540562063081954 , 0 , 1 , 1929
SketchVisor ,hyperx9 ,50000 , 100 ,  0.99 , 0.154214648967212 , 0 , 1.02268343815514 , 77
SketchVisor ,hyperx9 ,50000 , 100 ,  0.98 , 0.155383249526538 , 0 , 1.03724339506314 , 155
SketchVisor ,hyperx9 ,50000 , 100 ,  0.95 , 0.148774048826297 , 0 , 1.04499174463401 , 371
CountMax ,hyperx9 ,50000 , 200 ,  0.99 , 0.83122130726827 , 0 , 1 , 494
CountMax ,hyperx9 ,50000 , 200 ,  0.98 , 0.81846482660804 , 0 , 1 , 985
CountMax ,hyperx9 ,50000 , 200 ,  0.95 , 0.781370397302104 , 0 , 1 , 2404
SketchVisor ,hyperx9 ,50000 , 200 ,  0.99 , 0.332693628015658 , 0 , 1.02531839133189 , 166
SketchVisor ,hyperx9 ,50000 , 200 ,  0.98 , 0.313777349124715 , 0 , 1.02548403111038 , 313
SketchVisor ,hyperx9 ,50000 , 200 ,  0.95 , 0.323410932790789 , 0 , 1.04222200283016 , 806
CountMax ,hyperx9 ,50000 , 400 ,  0.99 , 0.947299445148424 , 0.352656901528921 , 1 , 500
CountMax ,hyperx9 ,50000 , 400 ,  0.98 , 0.943756587808507 , 0 , 1 , 999
CountMax ,hyperx9 ,50000 , 400 ,  0.95 , 0.935168303889037 , 0 , 1 , 2496
SketchVisor ,hyperx9 ,50000 , 400 ,  0.99 , 0.602983374519257 , 0 , 1.02260017175293 , 301
SketchVisor ,hyperx9 ,50000 , 400 ,  0.98 , 0.602345013241681 , 0 , 1.02260017175293 , 601
SketchVisor ,hyperx9 ,50000 , 400 ,  0.95 , 0.608364272352619 , 0 , 1.04149928508205 , 1517
CountMax ,hyperx9 ,50000 , 700 ,  0.99 , 0.982276637041687 , 0 , 1 , 499
CountMax ,hyperx9 ,50000 , 700 ,  0.98 , 0.983199136596177 , 0 , 1 , 999
CountMax ,hyperx9 ,50000 , 700 ,  0.95 , 0.981543031096959 , 0 , 1 , 2499
SketchVisor ,hyperx9 ,50000 , 700 ,  0.99 , 0.901301285517141 , 0 , 1.01736210054956 , 450
SketchVisor ,hyperx9 ,50000 , 700 ,  0.98 , 0.909484079041046 , 0 , 1.01911264357317 , 908
SketchVisor ,hyperx9 ,50000 , 700 ,  0.95 , 0.900451944306024 , 0 , 1.02704576976422 , 2247
CountMax ,hyperx9 ,50000 , 1000 ,  0.99 , 0.994091909365513 , 0.660599835661463 , 1 , 500
CountMax ,hyperx9 ,50000 , 1000 ,  0.98 , 0.994706778218074 , 0.660599835661463 , 1 , 1000
CountMax ,hyperx9 ,50000 , 1000 ,  0.95 , 0.994089661784218 , 0.265465399676863 , 1 , 2500
SketchVisor ,hyperx9 ,50000 , 1000 ,  0.99 , 0.990668350450885 , 0 , 1.00948503969062 , 495
SketchVisor ,hyperx9 ,50000 , 1000 ,  0.98 , 0.990724251742312 , 0 , 1.01011577192702 , 990
SketchVisor ,hyperx9 ,50000 , 1000 ,  0.95 , 0.991191459737648 , 0 , 1.01547297297297 , 2476
CountMax ,hyperx9 ,50000 , 1500 ,  0.99 , 0.997725901986805 , 0.167941027374113 , 1 , 500
CountMax ,hyperx9 ,50000 , 1500 ,  0.98 , 0.997975916495523 , 0.167941027374113 , 1 , 1000
CountMax ,hyperx9 ,50000 , 1500 ,  0.95 , 0.99758807195791 , 0.167941027374113 , 1 , 2500
SketchVisor ,hyperx9 ,50000 , 1500 ,  0.99 , 1.00007098897798 , 1 , 1.00175045796865 , 500
SketchVisor ,hyperx9 ,50000 , 1500 ,  0.98 , 1.00007484128015 , 1 , 1.00213198472904 , 1000
SketchVisor ,hyperx9 ,50000 , 1500 ,  0.95 , 1.00008534533171 , 1 , 1.00273722627737 , 2500
CountMax ,hyperx9 ,50000 , 2000 ,  0.99 , 0.999627143863524 , 0.894280797246458 , 1 , 500
CountMax ,hyperx9 ,50000 , 2000 ,  0.98 , 0.999674144597493 , 0.894280797246458 , 1 , 1000
CountMax ,hyperx9 ,50000 , 2000 ,  0.95 , 0.999518286627951 , 0.894280797246458 , 1 , 2500
SketchVisor ,hyperx9 ,50000 , 2000 ,  0.99 , 1.00000654978569 , 1 , 1.00024424994911 , 500
SketchVisor ,hyperx9 ,50000 , 2000 ,  0.98 , 1.00000686587897 , 1 , 1.00029748624126 , 1000
SketchVisor ,hyperx9 ,50000 , 2000 ,  0.95 , 1.00000792993819 , 1 , 1.00037172208705 , 2500
CountMax ,hyperx9 ,50000 , 2500 ,  0.99 , 0.999533461744137 , 0.8828555116023 , 1 , 500
CountMax ,hyperx9 ,50000 , 2500 ,  0.98 , 0.999728478053335 , 0.8828555116023 , 1 , 1000
CountMax ,hyperx9 ,50000 , 2500 ,  0.95 , 0.999744077114916 , 0.869807510416933 , 1 , 2500
SketchVisor ,hyperx9 ,50000 , 2500 ,  0.99 , 1.0000004662605 , 1 , 1.00004070832485 , 500
SketchVisor ,hyperx9 ,50000 , 2500 ,  0.98 , 1.00000053726206 , 1 , 1.00004958104021 , 1000
SketchVisor ,hyperx9 ,50000 , 2500 ,  0.95 , 1.0000006133674 , 1 , 1.00006758583401 , 2500
CountMax ,hyperx9 ,50000 , 3000 ,  0.99 , 0.999982250595075 , 0.997972945021305 , 1 , 500
CountMax ,hyperx9 ,50000 , 3000 ,  0.98 , 0.999937081425954 , 0.969819321949789 , 1 , 1000
CountMax ,hyperx9 ,50000 , 3000 ,  0.95 , 0.999851370983069 , 0.808286582881499 , 1 , 2500
SketchVisor ,hyperx9 ,50000 , 3000 ,  0.99 , 1 , 1 , 1 , 500
SketchVisor ,hyperx9 ,50000 , 3000 ,  0.98 , 1 , 1 , 1 , 1000
SketchVisor ,hyperx9 ,50000 , 3000 ,  0.95 , 1 , 1 , 1 , 2500
CountMax ,hyperx9 ,100000 , 100 ,  0.99 , 0.389408002627782 , 0 , 1 , 608
CountMax ,hyperx9 ,100000 , 100 ,  0.98 , 0.376038441785933 , 0 , 1 , 1189
CountMax ,hyperx9 ,100000 , 100 ,  0.95 , 0.334293474252437 , 0 , 1 , 2636
SketchVisor ,hyperx9 ,100000 , 100 ,  0.99 , 0.071195706941576 , 0 , 1.02505057109581 , 71
SketchVisor ,hyperx9 ,100000 , 100 ,  0.98 , 0.071769883143178 , 0 , 1.03238169928027 , 143
SketchVisor ,hyperx9 ,100000 , 100 ,  0.95 , 0.066406608279213 , 0 , 1.03238169928027 , 331
CountMax ,hyperx9 ,100000 , 200 ,  0.99 , 0.616031623900253 , 0 , 1 , 851
CountMax ,hyperx9 ,100000 , 200 ,  0.98 , 0.603152124406223 , 0 , 1 , 1685
CountMax ,hyperx9 ,100000 , 200 ,  0.95 , 0.553059396631073 , 0 , 1 , 3959
SketchVisor ,hyperx9 ,100000 , 200 ,  0.99 , 0.145400436364445 , 0 , 1.02947023001925 , 145
SketchVisor ,hyperx9 ,100000 , 200 ,  0.98 , 0.153990579996383 , 0 , 1.03230428395983 , 307
SketchVisor ,hyperx9 ,100000 , 200 ,  0.95 , 0.147542968851752 , 0 , 1.04742477553992 , 735
CountMax ,hyperx9 ,100000 , 400 ,  0.99 , 0.833119286351549 , 0 , 1 , 988
CountMax ,hyperx9 ,100000 , 400 ,  0.98 , 0.828029877475051 , 0 , 1 , 1969
CountMax ,hyperx9 ,100000 , 400 ,  0.95 , 0.797918417738784 , 0 , 1 , 4846
SketchVisor ,hyperx9 ,100000 , 400 ,  0.99 , 0.336970515032231 , 0 , 1.03175972062519 , 336
SketchVisor ,hyperx9 ,100000 , 400 ,  0.98 , 0.34303121974946 , 0 , 1.03484479427893 , 684
SketchVisor ,hyperx9 ,100000 , 400 ,  0.95 , 0.32804794168403 , 0 , 1.04993974363656 , 1635
CountMax ,hyperx9 ,100000 , 700 ,  0.99 , 0.935098245429199 , 0 , 1 , 998
CountMax ,hyperx9 ,100000 , 700 ,  0.98 , 0.93496327005604 , 0 , 1 , 1995
CountMax ,hyperx9 ,100000 , 700 ,  0.95 , 0.922947400035497 , 0 , 1 , 4979
SketchVisor ,hyperx9 ,100000 , 700 ,  0.99 , 0.575361901407207 , 0 , 1.02666723785248 , 574
SketchVisor ,hyperx9 ,100000 , 700 ,  0.98 , 0.57886703191451 , 0 , 1.02794426320714 , 1155
SketchVisor ,hyperx9 ,100000 , 700 ,  0.95 , 0.56978321898195 , 0 , 1.03988758662536 , 2841
CountMax ,hyperx9 ,100000 , 1000 ,  0.99 , 0.969967639361786 , 0.297901370931064 , 1 , 1000
CountMax ,hyperx9 ,100000 , 1000 ,  0.98 , 0.970108717315216 , 0.161594110338261 , 1 , 2000
CountMax ,hyperx9 ,100000 , 1000 ,  0.95 , 0.962871911215815 , 0 , 1 , 4996
SketchVisor ,hyperx9 ,100000 , 1000 ,  0.99 , 0.757611139632198 , 0 , 1.02226553714671 , 756
SketchVisor ,hyperx9 ,100000 , 1000 ,  0.98 , 0.750660393970485 , 0 , 1.02622390891841 , 1498
SketchVisor ,hyperx9 ,100000 , 1000 ,  0.95 , 0.76069259305786 , 0 , 1.03288075457116 , 3794
CountMax ,hyperx9 ,100000 , 1500 ,  0.99 , 0.988761220915227 , 0.541720597117957 , 1 , 1000
CountMax ,hyperx9 ,100000 , 1500 ,  0.98 , 0.989084022203695 , 0.435539410003668 , 1 , 2000
CountMax ,hyperx9 ,100000 , 1500 ,  0.95 , 0.987064458354801 , 0.263762929223094 , 1 , 5000
SketchVisor ,hyperx9 ,100000 , 1500 ,  0.99 , 0.935236275603668 , 0 , 1.01433970186857 , 934
SketchVisor ,hyperx9 ,100000 , 1500 ,  0.98 , 0.938304419652694 , 0 , 1.01567055830864 , 1874
SketchVisor ,hyperx9 ,100000 , 1500 ,  0.95 , 0.940556895987324 , 0 , 1.02269656356133 , 4695
CountMax ,hyperx9 ,100000 , 2000 ,  0.99 , 0.995357090965669 , 0.611917261654767 , 1 , 1000
CountMax ,hyperx9 ,100000 , 2000 ,  0.98 , 0.994067863595707 , 0.358438318573032 , 1 , 2000
CountMax ,hyperx9 ,100000 , 2000 ,  0.95 , 0.993693288401084 , 0.0369272851607021 , 1 , 5000
SketchVisor ,hyperx9 ,100000 , 2000 ,  0.99 , 0.996571970805543 , 0 , 1.00832588049913 , 996
SketchVisor ,hyperx9 ,100000 , 2000 ,  0.98 , 0.997123967873541 , 0 , 1.00889310562935 , 1993
SketchVisor ,hyperx9 ,100000 , 2000 ,  0.95 , 0.996733194891139 , 0 , 1.01119307599606 , 4980
CountMax ,hyperx9 ,100000 , 2500 ,  0.99 , 0.998252049506338 , 0.731456129083145 , 1 , 1000
CountMax ,hyperx9 ,100000 , 2500 ,  0.98 , 0.997641392902129 , 0.607211157804982 , 1 , 2000
CountMax ,hyperx9 ,100000 , 2500 ,  0.95 , 0.997109122335931 , 0.530603394870524 , 1 , 5000
SketchVisor ,hyperx9 ,100000 , 2500 ,  0.99 , 1.00018319004962 , 1 , 1.00351347898301 , 1000
SketchVisor ,hyperx9 ,100000 , 2500 ,  0.98 , 1.00019137223708 , 1 , 1.00355471220746 , 2000
SketchVisor ,hyperx9 ,100000 , 2500 ,  0.95 , 1.0002249225263 , 1 , 1.00506611555133 , 5000
CountMax ,hyperx9 ,100000 , 3000 ,  0.99 , 0.997604373651443 , 0.706302299130717 , 1 , 1000
CountMax ,hyperx9 ,100000 , 3000 ,  0.98 , 0.998203397658566 , 0.706302299130717 , 1 , 2000
CountMax ,hyperx9 ,100000 , 3000 ,  0.95 , 0.998071876950283 , 0.20394541679027 , 1 , 5000
SketchVisor ,hyperx9 ,100000 , 3000 ,  0.99 , 1.00004816389908 , 1 , 1.00122439419105 , 1000
SketchVisor ,hyperx9 ,100000 , 3000 ,  0.98 , 1.00005190107925 , 1 , 1.00130297280202 , 2000
SketchVisor ,hyperx9 ,100000 , 3000 ,  0.95 , 1.00006083887437 , 1 , 1.00175576567844 , 5000
CountMax ,hyperx9 ,200000 , 100 ,  0.99 , 0.223429849607115 , 0 , 0.999989847148826 , 725
CountMax ,hyperx9 ,200000 , 100 ,  0.98 , 0.210804472410592 , 0 , 0.999989847148826 , 1388
CountMax ,hyperx9 ,200000 , 100 ,  0.95 , 0.182044523886367 , 0 , 1 , 3053
SketchVisor ,hyperx9 ,200000 , 100 ,  0.99 , 0.038116292058478 , 0 , 1.03501665657177 , 76
SketchVisor ,hyperx9 ,200000 , 100 ,  0.98 , 0.036614451827289 , 0 , 1.03501665657177 , 146
SketchVisor ,hyperx9 ,200000 , 100 ,  0.95 , 0.0380360391012881 , 0 , 1.04288011434697 , 379
CountMax ,hyperx9 ,200000 , 200 ,  0.99 , 0.387752192001642 , 0 , 0.999972535923013 , 1231
CountMax ,hyperx9 ,200000 , 200 ,  0.98 , 0.372784821852108 , 0 , 1 , 2366
CountMax ,hyperx9 ,200000 , 200 ,  0.95 , 0.336870980545371 , 0 , 1 , 5338
SketchVisor ,hyperx9 ,200000 , 200 ,  0.99 , 0.0722363269274384 , 0 , 1.0371383980826 , 144
SketchVisor ,hyperx9 ,200000 , 200 ,  0.98 , 0.0774859980762632 , 0 , 1.0371383980826 , 309
SketchVisor ,hyperx9 ,200000 , 200 ,  0.95 , 0.0767788757595705 , 0 , 1.05501261328599 , 765
CountMax ,hyperx9 ,200000 , 400 ,  0.99 , 0.625826593503791 , 0 , 1 , 1725
CountMax ,hyperx9 ,200000 , 400 ,  0.98 , 0.604765729598487 , 0 , 1 , 3395
CountMax ,hyperx9 ,200000 , 400 ,  0.95 , 0.562002086345813 , 0 , 1 , 7962
SketchVisor ,hyperx9 ,200000 , 400 ,  0.99 , 0.167456230872258 , 0 , 1.03382203912584 , 334
SketchVisor ,hyperx9 ,200000 , 400 ,  0.98 , 0.168734880666697 , 0 , 1.03382203912584 , 673
SketchVisor ,hyperx9 ,200000 , 400 ,  0.95 , 0.167682768447656 , 0 , 1.05584799437016 , 1671
CountMax ,hyperx9 ,200000 , 700 ,  0.99 , 0.822025237294047 , 0 , 1 , 1978
CountMax ,hyperx9 ,200000 , 700 ,  0.98 , 0.80464799518745 , 0 , 1 , 3924
CountMax ,hyperx9 ,200000 , 700 ,  0.95 , 0.76378283965656 , 0 , 1 , 9525
SketchVisor ,hyperx9 ,200000 , 700 ,  0.99 , 0.317826691198922 , 0 , 1.03051946604863 , 634
SketchVisor ,hyperx9 ,200000 , 700 ,  0.98 , 0.313867653201798 , 0 , 1.03221941233141 , 1252
SketchVisor ,hyperx9 ,200000 , 700 ,  0.95 , 0.312218606452693 , 0 , 1.04503383094309 , 3112
CountMax ,hyperx9 ,200000 , 1000 ,  0.99 , 0.900054553419684 , 0 , 1 , 1995
CountMax ,hyperx9 ,200000 , 1000 ,  0.98 , 0.889377068029146 , 0 , 1 , 3983
CountMax ,hyperx9 ,200000 , 1000 ,  0.95 , 0.864787734098161 , 0 , 1 , 9879
SketchVisor ,hyperx9 ,200000 , 1000 ,  0.99 , 0.439042667775203 , 0 , 1.02929425944112 , 876
SketchVisor ,hyperx9 ,200000 , 1000 ,  0.98 , 0.441543225712719 , 0 , 1.03239311127656 , 1762
SketchVisor ,hyperx9 ,200000 , 1000 ,  0.95 , 0.448326021636356 , 0 , 1.04860050890585 , 4470
CountMax ,hyperx9 ,200000 , 1500 ,  0.99 , 0.954675281152366 , 0 , 1 , 1999
CountMax ,hyperx9 ,200000 , 1500 ,  0.98 , 0.949602647740948 , 0 , 1 , 3997
CountMax ,hyperx9 ,200000 , 1500 ,  0.95 , 0.937984577417025 , 0 , 1 , 9985
SketchVisor ,hyperx9 ,200000 , 1500 ,  0.99 , 0.63835657364688 , 0 , 1.02717797224235 , 1274
SketchVisor ,hyperx9 ,200000 , 1500 ,  0.98 , 0.637711613934333 , 0 , 1.03037871710296 , 2545
SketchVisor ,hyperx9 ,200000 , 1500 ,  0.95 , 0.645114499121318 , 0 , 1.04484090929949 , 6433
CountMax ,hyperx9 ,200000 , 2000 ,  0.99 , 0.973574086826929 , 0.241084929611258 , 1 , 2000
CountMax ,hyperx9 ,200000 , 2000 ,  0.98 , 0.972051512375923 , 0.19483860668169 , 1 , 4000
CountMax ,hyperx9 ,200000 , 2000 ,  0.95 , 0.967509527755463 , 0 , 1 , 9995
SketchVisor ,hyperx9 ,200000 , 2000 ,  0.99 , 0.78139961117597 , 0 , 1.02328744217156 , 1560
SketchVisor ,hyperx9 ,200000 , 2000 ,  0.98 , 0.789305885948523 , 0 , 1.02328744217156 , 3151
SketchVisor ,hyperx9 ,200000 , 2000 ,  0.95 , 0.79100155337344 , 0 , 1.03510204081633 , 7891
CountMax ,hyperx9 ,200000 , 2500 ,  0.99 , 0.985725101906149 , 0.448384541580204 , 1 , 2000
CountMax ,hyperx9 ,200000 , 2500 ,  0.98 , 0.984637683114819 , 0 , 1 , 3999
CountMax ,hyperx9 ,200000 , 2500 ,  0.95 , 0.981535528995981 , 0 , 1 , 9999
SketchVisor ,hyperx9 ,200000 , 2500 ,  0.99 , 0.894919495627196 , 0 , 1.01912379466028 , 1787
SketchVisor ,hyperx9 ,200000 , 2500 ,  0.98 , 0.898507156696007 , 0 , 1.02051951208592 , 3588
SketchVisor ,hyperx9 ,200000 , 2500 ,  0.95 , 0.898948933420743 , 0 , 1.02923576379749 , 8971
CountMax ,hyperx9 ,200000 , 3000 ,  0.99 , 0.991663439091854 , 0.50077190682133 , 1 , 2000
CountMax ,hyperx9 ,200000 , 3000 ,  0.98 , 0.990255979737969 , 0.319189076063549 , 1 , 4000
CountMax ,hyperx9 ,200000 , 3000 ,  0.95 , 0.987320996985185 , 0 , 1 , 9997
SketchVisor ,hyperx9 ,200000 , 3000 ,  0.99 , 0.955551290215753 , 0 , 1.0147260464857 , 1909
SketchVisor ,hyperx9 ,200000 , 3000 ,  0.98 , 0.959123217031002 , 0 , 1.0147260464857 , 3832
SketchVisor ,hyperx9 ,200000 , 3000 ,  0.95 , 0.958325340005524 , 0 , 1.02284811792577 , 9569
CountMax ,hyperx9 ,300000 , 100 ,  0.99 , 0.154464180623926 , 0 , 0.999614144835687 , 800
CountMax ,hyperx9 ,300000 , 100 ,  0.98 , 0.152089385248644 , 0 , 0.999614144835687 , 1578
CountMax ,hyperx9 ,300000 , 100 ,  0.95 , 0.129198358208121 , 0 , 0.999877433456581 , 3355
SketchVisor ,hyperx9 ,300000 , 100 ,  0.99 , 0.020075708910005 , 0 , 1.03101751047518 , 60
SketchVisor ,hyperx9 ,300000 , 100 ,  0.98 , 0.0230993622522777 , 0 , 1.03625385223315 , 138
SketchVisor ,hyperx9 ,300000 , 100 ,  0.95 , 0.0235027546043986 , 0 , 1.05499142968666 , 351
CountMax ,hyperx9 ,300000 , 200 ,  0.99 , 0.287867924179528 , 0 , 1 , 1420
CountMax ,hyperx9 ,300000 , 200 ,  0.98 , 0.286790001064499 , 0 , 1 , 2789
CountMax ,hyperx9 ,300000 , 200 ,  0.95 , 0.248539315762321 , 0 , 1 , 6099
SketchVisor ,hyperx9 ,300000 , 200 ,  0.99 , 0.043148213920383 , 0 , 1.03476313753496 , 129
SketchVisor ,hyperx9 ,300000 , 200 ,  0.98 , 0.0459673351211543 , 0 , 1.03476313753496 , 275
SketchVisor ,hyperx9 ,300000 , 200 ,  0.95 , 0.0491695187139748 , 0 , 1.05042536502956 , 735
CountMax ,hyperx9 ,300000 , 400 ,  0.99 , 0.492656362296665 , 0 , 1 , 2208
CountMax ,hyperx9 ,300000 , 400 ,  0.98 , 0.482794307029711 , 0 , 1 , 4332
CountMax ,hyperx9 ,300000 , 400 ,  0.95 , 0.432926505248345 , 0 , 1 , 9812
SketchVisor ,hyperx9 ,300000 , 400 ,  0.99 , 0.0989783871586651 , 0 , 1.02811918954391 , 296
SketchVisor ,hyperx9 ,300000 , 400 ,  0.98 , 0.105476908713386 , 0 , 1.03234208312365 , 631
SketchVisor ,hyperx9 ,300000 , 400 ,  0.95 , 0.106883346556642 , 0 , 1.05416501873929 , 1598
CountMax ,hyperx9 ,300000 , 700 ,  0.99 , 0.702121354912141 , 0 , 1 , 2799
CountMax ,hyperx9 ,300000 , 700 ,  0.98 , 0.690373044071603 , 0 , 1 , 5522
CountMax ,hyperx9 ,300000 , 700 ,  0.95 , 0.64166937026185 , 0 , 1 , 13096
SketchVisor ,hyperx9 ,300000 , 700 ,  0.99 , 0.196891931522069 , 0 , 1.03204192793366 , 589
SketchVisor ,hyperx9 ,300000 , 700 ,  0.98 , 0.200061135646387 , 0 , 1.03987788752216 , 1197
SketchVisor ,hyperx9 ,300000 , 700 ,  0.95 , 0.205475542028688 , 0 , 1.05879766122439 , 3072
CountMax ,hyperx9 ,300000 , 1000 ,  0.99 , 0.81131007612664 , 0 , 1 , 2948
CountMax ,hyperx9 ,300000 , 1000 ,  0.98 , 0.805197914862916 , 0 , 1 , 5874
CountMax ,hyperx9 ,300000 , 1000 ,  0.95 , 0.764380694950983 , 0 , 1 , 14340
SketchVisor ,hyperx9 ,300000 , 1000 ,  0.99 , 0.300826912507107 , 0 , 1.03011312740197 , 900
SketchVisor ,hyperx9 ,300000 , 1000 ,  0.98 , 0.299835422286963 , 0 , 1.03500317003376 , 1794
SketchVisor ,hyperx9 ,300000 , 1000 ,  0.95 , 0.299017595931798 , 0 , 1.05016958643818 , 4471
CountMax ,hyperx9 ,300000 , 1500 ,  0.99 , 0.8998348884466 , 0 , 1 , 2994
CountMax ,hyperx9 ,300000 , 1500 ,  0.98 , 0.898221055407942 , 0 , 1 , 5976
CountMax ,hyperx9 ,300000 , 1500 ,  0.95 , 0.875824253548436 , 0 , 1 , 14863
SketchVisor ,hyperx9 ,300000 , 1500 ,  0.99 , 0.44842809757075 , 0 , 1.02794889992903 , 1342
SketchVisor ,hyperx9 ,300000 , 1500 ,  0.98 , 0.450831912821134 , 0 , 1.03332101453351 , 2698
SketchVisor ,hyperx9 ,300000 , 1500 ,  0.95 , 0.454393590529053 , 0 , 1.05180187341418 , 6795
CountMax ,hyperx9 ,300000 , 2000 ,  0.99 , 0.942956955422409 , 0 , 1 , 2997
CountMax ,hyperx9 ,300000 , 2000 ,  0.98 , 0.940069921472903 , 0 , 1 , 5991
CountMax ,hyperx9 ,300000 , 2000 ,  0.95 , 0.927065094417256 , 0 , 1 , 14957
SketchVisor ,hyperx9 ,300000 , 2000 ,  0.99 , 0.59005288049103 , 0 , 1.02812568830286 , 1766
SketchVisor ,hyperx9 ,300000 , 2000 ,  0.98 , 0.592440381349364 , 0 , 1.02990945372193 , 3546
SketchVisor ,hyperx9 ,300000 , 2000 ,  0.95 , 0.60069113695179 , 0 , 1.04245989648632 , 8984
CountMax ,hyperx9 ,300000 , 2500 ,  0.99 , 0.966129215181777 , 0.20209444318255 , 1 , 3000
CountMax ,hyperx9 ,300000 , 2500 ,  0.98 , 0.96389306914526 , 0.109139165902305 , 1 , 6000
CountMax ,hyperx9 ,300000 , 2500 ,  0.95 , 0.955237443870199 , 0 , 1 , 14992
SketchVisor ,hyperx9 ,300000 , 2500 ,  0.99 , 0.719532947395389 , 0 , 1.02257310651471 , 2154
SketchVisor ,hyperx9 ,300000 , 2500 ,  0.98 , 0.716259566001382 , 0 , 1.02864030817244 , 4288
SketchVisor ,hyperx9 ,300000 , 2500 ,  0.95 , 0.719644376378787 , 0 , 1.04240888932934 , 10766
CountMax ,hyperx9 ,300000 , 3000 ,  0.99 , 0.978220597933907 , 0.251159297584339 , 1 , 3000
CountMax ,hyperx9 ,300000 , 3000 ,  0.98 , 0.97698112249497 , 0.174574640676336 , 1 , 6000
CountMax ,hyperx9 ,300000 , 3000 ,  0.95 , 0.970920481076986 , 0 , 1 , 14994
SketchVisor ,hyperx9 ,300000 , 3000 ,  0.99 , 0.806823344564734 , 0 , 1.01911462998815 , 2416
SketchVisor ,hyperx9 ,300000 , 3000 ,  0.98 , 0.805093787102951 , 0 , 1.0252133354309 , 4821
SketchVisor ,hyperx9 ,300000 , 3000 ,  0.95 , 0.814848837066038 , 0 , 1.03740430592374 , 12193
