topo, k, flow_count, threshold, cm_avg, cm_hit, cm_time, sv_avg, sv_hit, sv_time, cs_avg, cs_hit, cs_time, cm_min, cm_max, sv_min, sv_max, cs_min, cs_max
fattree8,100,50000,0.99 ,0.57951598210262,497,57.1512,0.879147377572733,496,17400.2578,0.967156655061814,500,167.4453,0 , 1 ,0 , 1 ,8.6400552963539E-05 , 6.60638634875715 ,
fattree8,100,50000,0.98 ,0.572799129036695,996,57.1512,0.888112703131805,993,17400.2578,0.958041316408112,1000,167.4453,0 , 1 ,0 , 1 ,8.6400552963539E-05 , 6.60638634875715 ,
fattree8,100,50000,0.95 ,0.62145710734369,2494,57.1512,0.886616994641438,2476,17400.2578,1.04234927656101,2500,167.4453,0 , 1 ,0 , 1 ,8.6400552963539E-05 , 9.53046932162642 ,
fattree8,200,50000,0.99 ,0.351030400303147,486,212.5645,0.778431673788336,491,35130.3933,0.55185043278778,498,174.4635,0 , 1 ,0 , 1 ,0 , 3.74036288500032 ,
fattree8,200,50000,0.98 ,0.342276228783132,977,212.5645,0.788204782457709,982,35130.3933,0.60007306322852,998,174.4635,0 , 1 ,0 , 1 ,0 , 3.81081081081081 ,
fattree8,200,50000,0.95 ,0.387162166860285,2450,212.5645,0.771577191866559,2442,35130.3933,0.766631510549241,2498,174.4635,0 , 1 ,0 , 1 ,0 , 7.22146752128576 ,
fattree8,400,50000,0.99 ,0.130211295052364,459,80.2126,0.581741485819928,475,65597.2349,0.231808398557466,498,223.5949,0 , 1 ,0 , 1 ,0 , 1.60272595689932 ,
fattree8,400,50000,0.98 ,0.131232093252727,911,80.2126,0.595527327668628,952,65597.2349,0.269524509812273,997,223.5949,0 , 1 ,0 , 1 ,0 , 1.94784762182242 ,
fattree8,400,50000,0.95 ,0.149904084306934,2297,80.2126,0.575784404270715,2355,65597.2349,0.350122862452115,2486,223.5949,0 , 1 ,0 , 1 ,0 , 2.92490502963076 ,
fattree8,700,50000,0.99 ,0.0431129974455398,424,84.2233,0.367096602959322,440,94450.9409,0.122540164924144,490,277.7385,0 , 0.570614686108443 ,0 , 1 ,0 , 1.09283599258675 ,
fattree8,700,50000,0.98 ,0.0436848115876467,838,84.2233,0.379145009616733,898,94450.9409,0.131583590991365,978,277.7385,0 , 0.788910206305218 ,0 , 1 ,0 , 1.63905017961637 ,
fattree8,700,50000,0.95 ,0.0521048303142488,2091,84.2233,0.361272767718275,2229,94450.9409,0.166068056218658,2447,277.7385,0 , 1 ,0 , 1 ,0 , 1.76041820055956 ,
fattree8,1000,50000,0.99 ,0.0184584268735167,370,69.184,1128253750374.53,425,96988.6883,0.0881186343945527,480,309.8231,0 , 0.878719412559763 ,0 , 48129641804539.7 ,0 , 0.826866487304523 ,
fattree8,1000,50000,0.98 ,0.0182305729710122,729,69.184,1058335995694.59,868,96988.6883,0.0873057310194961,961,309.8231,0 , 0.878719412559763 ,0 , 48129641804539.7 ,0 , 0.848788543763998 ,
fattree8,1000,50000,0.95 ,0.024263901472128,1834,69.184,1204787216920.21,2149,96988.6883,0.102786095577418,2416,309.8231,0 , 1 ,0 , 77789724351046.1 ,0 , 1.81234188034188 ,
fattree8,1500,50000,0.99 ,0.00569043111610389,262,87.2648,2984180614217.03,404,76803.1449,0.0498456664272601,456,334.9262,0 , 0.274094071228325 ,0 , 46950704699741.3 ,0 , 0.678641155798516 ,
fattree8,1500,50000,0.98 ,0.00539428830498399,527,87.2648,3401076833564.99,820,76803.1449,0.0522138759800606,914,334.9262,0 , 0.278897240653233 ,0 , 56164730464345.2 ,0 , 2.17481645971177 ,
fattree8,1500,50000,0.95 ,0.00776686398093974,1313,87.2648,4091742985999.29,2032,76803.1449,0.0638718687992625,2258,334.9262,0 , 0.742221353403056 ,0 , 77079826482155.9 ,0 , 2.17481645971177 ,
fattree8,2000,50000,0.99 ,0.00258904943339833,181,162.4328,300239497684.141,357,67348.0072,0.0303910565233187,428,365.9943,0 , 0.134449549946497 ,0 , 32855893150002 ,0 , 0.552123155341801 ,
fattree8,2000,50000,0.98 ,0.00239386994412474,354,162.4328,358709072590.212,722,67348.0072,0.0322329052066887,835,365.9943,0 , 0.134449549946497 ,0 , 37955326357599.3 ,0 , 0.645102939426395 ,
fattree8,2000,50000,0.95 ,0.00364192356017611,909,162.4328,405141245274.359,1749,67348.0072,0.038825333020179,2072,365.9943,0 , 0.498768176901815 ,0 , 73168845884803.4 ,0 , 0.993097861309138 ,
fattree8,2500,50000,0.99 ,0.00107732918499746,130,111.2633,0.0349707291384741,305,54663.3197,0.0220435201955656,373,358.9539,0 , 0.152822328681525 ,0 , 0.499989835125739 ,0 , 0.599353340711325 ,
fattree8,2500,50000,0.98 ,0.00127891918429348,235,111.2633,0.0348184028134907,625,54663.3197,0.0231658903495471,744,358.9539,0 , 0.237648773378674 ,0 , 0.499989835125739 ,0 , 0.599353340711325 ,
fattree8,2500,50000,0.95 ,0.00176396032841119,572,111.2633,0.0313684874315617,1518,54663.3197,0.0271736542749777,1866,358.9539,0 , 0.288929747041903 ,0 , 0.499989835125739 ,0 , 0.802173087595292 ,
fattree8,3000,50000,0.99 ,0.00108479561459541,74,106.2829,0.0198925237978132,276,47581.4934,0.0162289139079393,350,342.9106,0 , 0.227360696718007 ,0 , 0.499979979178345 ,0 , 0.280795667569256 ,
fattree8,3000,50000,0.98 ,0.00101417963198125,138,106.2829,0.0216222784566502,561,47581.4934,0.0161631830949424,683,342.9106,0 , 0.227360696718007 ,0 , 0.499979979178345 ,0 , 0.558580468454855 ,
fattree8,3000,50000,0.95 ,0.00103164642356423,377,106.2829,0.0203659431616884,1361,47581.4934,0.0189154153935421,1662,342.9106,0 , 0.271762007979141 ,0 , 0.499979979178345 ,0 , 0.95582082205267 ,
fattree8,100,100000,0.99 ,0.726208520015875,1000,104.2779,0.926542571623577,989,35982.6908,1.01277173205267,1000,283.7215,1.04161241602E-05 , 1 ,0 , 1 ,0.00880491513582378 , 7.99200941327486 ,
fattree8,100,100000,0.98 ,0.740357266140061,2000,104.2779,0.931371325226792,1984,35982.6908,1.06318594700987,2000,283.7215,1.04161241602E-05 , 1 ,0 , 1 ,0.0030134853469275 , 7.99200941327486 ,
fattree8,100,100000,0.95 ,0.774684505972331,5000,104.2779,0.931513621031249,4956,35982.6908,1.13768184407822,5000,283.7215,1.04161241602E-05 , 1 ,0 , 1 ,0.0030134853469275 , 12.7339395039522 ,
fattree8,200,100000,0.99 ,0.558733587639998,1000,142.3785,179869213850.338,981,79801.1819,0.894118637089009,1000,369.9494,3.03253914502613E-05 , 1 ,0 , 16964395219435.9 ,0.000121927676566517 , 4.76054279526761 ,
fattree8,200,100000,0.98 ,0.567622427387057,1998,142.3785,213720274255.564,1974,79801.1819,0.926198811444669,2000,369.9494,0 , 1 ,0 , 29087736012888.9 ,0.000121927676566517 , 6.82081433386201 ,
fattree8,200,100000,0.95 ,0.612419814233971,4993,142.3785,250230258733.976,4924,79801.1819,1.03968334365036,5000,369.9494,0 , 1 ,0 , 41563945584904 ,5.41301288297066E-05 , 9.69278810408922 ,
fattree8,400,100000,0.99 ,0.303607574144542,980,135.36,0.721628434344063,962,156133.073,0.514141058722917,999,423.1249,0 , 1 ,0 , 1 ,0 , 3.13097432911775 ,
fattree8,400,100000,0.98 ,0.320323196769079,1958,135.36,0.730290044911135,1931,156133.073,0.57539122917907,1999,423.1249,0 , 1 ,0 , 1 ,0 , 3.35095158823 ,
fattree8,400,100000,0.95 ,0.365344833652525,4904,135.36,0.7431712226365,4837,156133.073,0.746816748813272,4996,423.1249,0 , 1 ,0 , 1 ,0 , 7.00101217270863 ,
fattree8,700,100000,0.99 ,0.144739823797649,928,142.3785,0.57646121775023,931,270889.8059,0.238527822459664,993,558.4852,0 , 1 ,0 , 1 ,0 , 1.81514806622716 ,
fattree8,700,100000,0.98 ,0.150053794714199,1854,142.3785,0.582840260856606,1876,270889.8059,0.277329026886043,1989,558.4852,0 , 1 ,0 , 1 ,0 , 2.42982631263725 ,
fattree8,700,100000,0.95 ,0.171797894149657,4679,142.3785,0.590597150881285,4703,270889.8059,0.405763749170088,4981,558.4852,0 , 1 ,0 , 1 ,0 , 4.83333899283507 ,
fattree8,1000,100000,0.99 ,0.0722373064111765,909,126.3359,0.455167817459724,901,357131.0744,0.171359578240775,991,630.7098,0 , 0.958368724817598 ,0 , 1 ,0 , 1.40455416749289 ,
fattree8,1000,100000,0.98 ,0.0759605329401498,1805,126.3359,0.45253867195052,1821,357131.0744,0.190205360242186,1983,630.7098,0 , 1 ,0 , 1 ,0 , 1.56508372906773 ,
fattree8,1000,100000,0.95 ,0.090472826043332,4525,126.3359,0.458732231874095,4580,357131.0744,0.253607776279731,4965,630.7098,0 , 1 ,0 , 1 ,0 , 2.81875932262876 ,
fattree8,1500,100000,0.99 ,0.0336964666690995,812,170.4528,159152253553.742,863,416091.7381,0.106170133017191,976,738.9637,0 , 1 ,0 , 25627027009277.2 ,0 , 0.914381934257557 ,
fattree8,1500,100000,0.98 ,0.0339384914226091,1619,170.4528,160184759575.444,1732,416091.7381,0.111446215625135,1950,738.9637,0 , 1 ,0 , 28222256333472.9 ,0 , 1.20241086626756 ,
fattree8,1500,100000,0.95 ,0.038236595415785,4104,170.4528,202891368607.686,4390,416091.7381,0.145640229442269,4894,738.9637,0 , 1 ,0 , 37350660228617.4 ,0 , 1.90973422644771 ,
fattree8,2000,100000,0.99 ,0.0169965150081258,735,179.4773,0.186179429988452,812,428368.7178,0.0825087371922688,963,802.1318,0 , 0.581784905197139 ,0 , 1 ,0 , 0.887995784732052 ,
fattree8,2000,100000,0.98 ,0.0175077837566386,1455,179.4773,0.182804896410898,1625,428368.7178,0.0869509870529352,1925,802.1318,0 , 0.581784905197139 ,0 , 1 ,0 , 0.934996701253524 ,
fattree8,2000,100000,0.95 ,0.0191999890616871,3635,179.4773,0.181323151873296,4151,428368.7178,0.10563599866596,4827,802.1318,0 , 1 ,0 , 1 ,0 , 1.63631696321135 ,
fattree8,100,200000,0.99 ,0.846352875305882,2000,246.6551,5319470322.10369,1991,85523.3606,1.12540000920915,2000,676.7988,3.92482282228402E-05 , 1 ,0 , 5912327013466.41 ,0.0037624379752588 , 10.7727819771125 ,
fattree8,100,200000,0.98 ,0.856357573196364,4000,246.6551,12594531000.4322,3985,85523.3606,1.14964094365654,4000,676.7988,3.92482282228402E-05 , 1 ,0 , 14300422401057.8 ,0.0037624379752588 , 11.4970339136633 ,
fattree8,100,200000,0.95 ,0.872721662802878,10000,246.6551,16602771167.5687,9958,85523.3606,1.18283024282669,10000,676.7988,3.92482282228402E-05 , 1 ,0 , 14300422401057.8 ,0.000930523198554633 , 20.9733159840084 ,
fattree8,2500,100000,0.99 ,0.00824446144222605,636,190.5068,0.115568171880472,772,395803.1766,0.0551951307248964,943,758.984,0 , 0.306887046653521 ,0 , 1 ,0 , 0.565468822920683 ,
fattree8,2500,100000,0.98 ,0.00847844687963387,1250,190.5068,0.118315788204696,1542,395803.1766,0.0588689413362979,1881,758.984,0 , 0.503166313452417 ,0 , 1 ,0 , 0.705771265400849 ,
fattree8,2500,100000,0.95 ,0.0104818087754641,3119,190.5068,0.116166187338682,3931,395803.1766,0.0683209311142184,4690,758.984,0 , 0.957209022936723 ,0 , 1 ,0 , 1.24511031038624 ,
fattree8,3000,100000,0.99 ,0.00559890114770433,536,205.5113,0.0854461194580624,738,343037.9524,0.0412638317654203,901,778.0669,0 , 0.956476134864508 ,0 , 0.745543562924224 ,0 , 0.813162746635972 ,
fattree8,3000,100000,0.98 ,0.00613765519320425,1055,205.5113,0.0829108686206358,1464,343037.9524,0.0452069984539418,1806,778.0669,0 , 0.956476134864508 ,0 , 0.745543562924224 ,0 , 0.813162746635972 ,
fattree8,3000,100000,0.95 ,0.0067627183003428,2628,205.5113,0.0784647641553779,3731,343037.9524,0.0533355038024251,4524,778.0669,0 , 0.956476134864508 ,0 , 1 ,0 , 1.24981366459627 ,
fattree8,200,200000,0.99 ,0.733405865124767,2000,250.633,24721135664.84,1984,165462.8754,1.09793229431502,2000,586.5595,0.00017046451580557 , 1 ,0 , 8351326521482.33 ,0.00119061374380203 , 10.6363716775021 ,
fattree8,200,200000,0.98 ,0.741489667841674,4000,250.633,21129127582.5554,3972,165462.8754,1.10449148930032,4000,586.5595,9.95520159283225E-05 , 1 ,0 , 9759810247287.3 ,0.00119061374380203 , 10.6363716775021 ,
fattree8,200,200000,0.95 ,0.768885890611928,10000,250.633,27165850907.034,9921,165462.8754,1.15195766841699,10000,586.5595,9.61709179144227E-05 , 1 ,0 , 14107933709083.9 ,0.00119061374380203 , 14.5345309982115 ,
fattree8,400,200000,0.99 ,0.539026125563462,1995,233.6136,0.856245039746775,1968,355846.0384,0.892151258266778,2000,865.2953,0 , 1 ,0 , 1 ,0.000209220399554417 , 6.40062140700608 ,
fattree8,400,200000,0.98 ,0.556807783583375,3991,233.6136,0.857158031591708,3939,355846.0384,0.932090892006443,4000,865.2953,0 , 1 ,0 , 1 ,0.000209220399554417 , 6.63701952151721 ,
fattree8,400,200000,0.95 ,0.592364748056066,9977,233.6136,0.856810705381874,9836,355846.0384,1.0286053858979,10000,865.2953,0 , 1 ,0 , 1 ,6.40856754274159E-05 , 10.0207523235472 ,
fattree8,700,200000,0.99 ,0.328785484178085,1974,244.6494,0.760841965266806,1942,627749.524,0.550821038656707,1999,976.5906,0 , 1 ,0 , 1 ,0 , 3.03672267274791 ,
fattree8,700,200000,0.98 ,0.348827455849302,3939,244.6494,0.761292744432873,3889,627749.524,0.616786709814807,3999,976.5906,0 , 1 ,0 , 1 ,0 , 5.06729637493864 ,
fattree8,700,200000,0.95 ,0.393071573492324,9848,244.6494,0.757822717047171,9706,627749.524,0.793753970177042,9997,976.5906,0 , 1 ,0 , 1 ,0 , 6.83186552859055 ,
fattree8,1000,200000,0.99 ,0.210197103023887,1930,264.7377,0.670455859705832,1920,898255.5999,0.352477018812876,1999,1100.9204,0 , 1 ,0 , 1 ,0 , 3.0558747928793 ,
fattree8,1000,200000,0.98 ,0.226750689362055,3855,264.7377,0.672517919089134,3841,898255.5999,0.409019219273885,3997,1100.9204,0 , 1 ,0 , 1 ,0 , 3.728786795376 ,
fattree8,1000,200000,0.95 ,0.26316991777436,9644,264.7377,0.672168142278844,9587,898255.5999,0.584528144270578,9983,1100.9204,0 , 1 ,0 , 1 ,0 , 6.75937514027921 ,
fattree8,1500,200000,0.99 ,0.111266411590429,1869,517.3726,0.546034811693082,1870,1259048.6802,0.209975412056476,1986,1402.7292,0 , 1 ,0 , 1 ,0 , 1.4896584761046 ,
fattree8,1500,200000,0.98 ,0.119704067613042,3737,517.3726,0.551378825993825,3752,1259048.6802,0.245449707920928,3975,1402.7292,0 , 1 ,0 , 1 ,0 , 2.77494958098984 ,
fattree8,1500,200000,0.95 ,0.141435191363111,9303,517.3726,0.550288123006567,9367,1259048.6802,0.366073879806455,9934,1402.7292,0 , 1 ,0 , 1 ,0 , 4.09231977093243 ,
fattree8,2000,200000,0.99 ,0.06288335741876,1805,402.0657,0.434980638051238,1831,1543887.3799,0.157015576104119,1987,1503.9986,0 , 1 ,0 , 1 ,0 , 1.58628225603093 ,
fattree8,2000,200000,0.98 ,0.0704279051021072,3610,402.0657,0.436702107089382,3672,1543887.3799,0.176553372171067,3969,1503.9986,0 , 1 ,0 , 1 ,0 , 1.84776012525336 ,
fattree8,2000,200000,0.95 ,0.084516864854254,9025,402.0657,0.438879453691379,9162,1543887.3799,0.247497272570761,9917,1503.9986,0 , 1 ,0 , 1 ,0 , 4.26938421345506 ,
fattree8,100,300000,0.99 ,0.892122706848089,3000,346.922,2688351168.9844,2991,126238.5997,1.13234264102688,3000,952.5326,0.000251291852481065 , 1 ,0 , 4040136051495.3 ,0.0308890816004412 , 12.8560324264218 ,
fattree8,100,300000,0.98 ,0.901478346130888,6000,346.922,4109200434.3581,5986,126238.5997,1.14287197665065,6000,952.5326,0.000251291852481065 , 1 ,0 , 4760400943916.05 ,0.0118051718303585 , 20.3388552471772 ,
fattree8,100,300000,0.95 ,0.915117686959941,15000,346.922,12372960101.4417,14969,126238.5997,1.17592122136055,15000,952.5326,0.000148279952550415 , 1 ,0 , 14489308281422 ,0.0068368748941296 , 26.2847431363483 ,
fattree8,200,300000,0.99 ,0.8034913121543,3000,384.0207,0.949829892480609,2986,269983.7402,1.09578432705905,3000,962.5589,1.8800738493008E-05 , 1 ,0 , 1 ,0.00134260869565217 , 11.7902524669912 ,
fattree8,200,300000,0.98 ,0.816795787957126,6000,384.0207,0.950307170504632,5968,269983.7402,1.12181816272356,6000,962.5589,1.8800738493008E-05 , 1 ,0 , 1 ,0.00134260869565217 , 12.1547496671047 ,
fattree8,200,300000,0.95 ,0.833884562878308,15000,384.0207,0.951983676187726,14926,269983.7402,1.17431697234395,15000,962.5589,1.8800738493008E-05 , 1 ,0 , 1 ,0.00134260869565217 , 21.9891430936939 ,
fattree8,2500,200000,0.99 ,0.0421862890573578,1721,392.0406,0.34477252430571,1798,1670130.741,0.119434724600535,1980,1509.0458,0 , 1 ,0 , 1 ,0 , 1.51409317183849 ,
fattree8,2500,200000,0.98 ,0.0458497720470991,3441,392.0406,0.34620477796459,3608,1670130.741,0.130566774628549,3949,1509.0458,0 , 1 ,0 , 1 ,0 , 1.51409317183849 ,
fattree8,2500,200000,0.95 ,0.0538107944654402,8617,392.0406,0.346917256702534,8983,1670130.741,0.175984747790273,9859,1509.0458,0 , 1 ,0 , 1 ,0 , 2.14867337602928 ,
fattree8,400,300000,0.99 ,0.648960502878239,2999,348.9279,0.907704047076645,2973,544294.495,1.02080005174207,3000,1075.8596,0 , 1 ,0 , 1 ,0.000366865606160317 , 5.92982536008321 ,
fattree8,400,300000,0.98 ,0.671251885032681,5999,348.9279,0.903797256215666,5939,544294.495,1.04747027028921,6000,1075.8596,0 , 1 ,0 , 1 ,0.000366865606160317 , 10.1037836677932 ,
fattree8,400,300000,0.95 ,0.698127701784235,14998,348.9279,0.902934690993019,14850,544294.495,1.1257145279127,15000,1075.8596,0 , 1 ,0 , 1 ,1.20753258828573E-05 , 12.0096964858287 ,
fattree8,3000,200000,0.99 ,0.0272124917883507,1661,384.0211,0.267623615064541,1756,1715615.5414,0.0961598348086811,1956,1618.3028,0 , 1 ,0 , 1 ,0 , 1.03819158746901 ,
fattree8,3000,200000,0.98 ,0.0296985541615841,3306,384.0211,0.270686586724753,3523,1715615.5414,0.10829307145752,3914,1618.3028,0 , 1 ,0 , 1 ,0 , 1.44970479277611 ,
fattree8,3000,200000,0.95 ,0.0348115442820655,8258,384.0211,0.270404983211519,8756,1715615.5414,0.141442373610234,9785,1618.3028,0 , 1 ,0 , 1 ,0 , 2.64805367638904 ,
fattree8,700,300000,0.99 ,0.470618167689749,2985,351.9348,0.83493947134027,2956,979144.8295,0.795858266719032,3000,1291.4335,0 , 1 ,0 , 1 ,3.70654538850155E-05 , 4.77430678584605 ,
fattree8,700,300000,0.98 ,0.49422148047667,5969,351.9348,0.830403238360861,5899,979144.8295,0.849895505417429,6000,1291.4335,0 , 1 ,0 , 1 ,3.70654538850155E-05 , 7.05260825700777 ,
fattree8,700,300000,0.95 ,0.535372115578387,14939,351.9348,0.831254539351873,14749,979144.8295,0.977573843723793,14999,1291.4335,0 , 1 ,0 , 1 ,0 , 8.92440820052124 ,
fattree8,1000,300000,0.99 ,0.344322426610704,2963,382.9836,0.766690233515719,2929,1424018.6379,0.585710669878704,2999,1540.0606,0 , 1 ,0 , 1 ,0 , 4.08259678895772 ,
fattree8,1000,300000,0.98 ,0.360192921909797,5921,382.9836,0.765573053952549,5852,1424018.6379,0.648932005659302,5998,1540.0606,0 , 1 ,0 , 1 ,0 , 4.84528969118796 ,
fattree8,1000,300000,0.95 ,0.403619613598157,14815,382.9836,0.764527731569904,14628,1424018.6379,0.8259907677403,14995,1540.0606,0 , 1 ,0 , 1 ,0 , 10.9517866410136 ,
fattree8,1500,300000,0.99 ,0.201487991710734,2880,419.1145,0.675575137137303,2881,2041306.4974,0.370813340875181,2997,1918.0867,0 , 1 ,0 , 1 ,0 , 2.83848924251976 ,
fattree8,1500,300000,0.98 ,0.216566785948868,5790,419.1145,0.67125789149567,5763,2041306.4974,0.415670594658713,5995,1918.0867,0 , 1 ,0 , 1 ,0 , 2.97604602888449 ,
fattree8,1500,300000,0.95 ,0.252692842176213,14462,419.1145,0.667126995283175,14407,2041306.4974,0.592002595779188,14987,1918.0867,0 , 1 ,0 , 1 ,0 , 8.02904410842799 ,
fattree8,2000,300000,0.99 ,0.12983442254677,2803,436.1587,0.586335194005399,2850,2651620.6362,0.246560662224595,2989,2086.5024,0 , 1 ,0 , 1 ,0 , 3.36825997594612 ,
fattree8,2000,300000,0.98 ,0.137615360895984,5642,436.1587,0.581708415042839,5685,2651620.6362,0.278090683709912,5980,2086.5024,0 , 1 ,0 , 1 ,0 , 3.36825997594612 ,
fattree8,2000,300000,0.95 ,0.165653171084169,14147,436.1587,0.579941931308695,14217,2651620.6362,0.421124403647949,14950,2086.5024,0 , 1 ,0 , 1 ,0 , 5.23648722166397 ,
hyperx9,100,50000,0.99 ,0.404545179732511,496,57.1508,0.813803202786223,480,16169.8891,0.652737309211194,500,171.4546,0 , 1 ,0 , 1 ,0.000713383066324243 , 3.14901449336334 ,
hyperx9,100,50000,0.98 ,0.420636937057004,995,57.1508,0.813834638595736,959,16169.8891,0.6976362688629,1000,171.4546,0 , 1 ,0 , 1 ,0.000586424277965108 , 3.14901449336334 ,
hyperx9,100,50000,0.95 ,0.454603895000188,2482,57.1508,0.811534609541426,2382,16169.8891,0.813855715335863,2500,171.4546,0 , 1 ,0 , 1 ,0.000375387117965402 , 4.98064581847815 ,
hyperx9,200,50000,0.99 ,0.182876703867704,484,54.1436,586333923300.115,446,29080.1316,0.320550595863153,500,188.5,0 , 1 ,0 , 34103040926638.6 ,6.06636604452713E-05 , 1.7692454794637 ,
hyperx9,200,50000,0.98 ,0.186002722844147,968,54.1436,539863337371.195,902,29080.1316,0.353823789798241,998,188.5,0 , 1 ,0 , 36312774261431 ,0 , 2.25082936319872 ,
hyperx9,200,50000,0.95 ,0.211888431189716,2400,54.1436,490007870486.075,2269,29080.1316,0.486720047430216,2496,188.5,0 , 1 ,0 , 52782195880001 ,0 , 2.71228164834424 ,
hyperx9,400,50000,0.99 ,0.0479812433148256,432,67.1784,190349638235.447,397,45737.3154,0.138961022745012,494,247.6538,0 , 0.778246491711536 ,0 , 32195967679159.7 ,0 , 1.0308002302821 ,
hyperx9,400,50000,0.98 ,0.0557150026691497,868,67.1784,199513581365.21,809,45737.3154,0.135703956969854,985,247.6538,0 , 1 ,0 , 35128625978271.4 ,0 , 1.0308002302821 ,
hyperx9,400,50000,0.95 ,0.0628634073779122,2141,67.1784,205417203612.099,2039,45737.3154,0.180233175217753,2467,247.6538,0 , 1 ,0 , 47917105851100 ,0 , 2.07509505703422 ,
hyperx9,700,50000,0.99 ,0.0141094888332523,335,88.2331,1632937797949.33,351,50113.9208,0.0730656352888146,480,271.7211,0 , 0.557031302142428 ,0 , 48956327159526.4 ,0 , 0.679028622464169 ,
hyperx9,700,50000,0.98 ,0.013660570518506,683,88.2331,1759506724715.59,710,50113.9208,0.0753706634730514,965,271.7211,0 , 0.557031302142428 ,0 , 57154546133593.4 ,0 , 0.974199815205288 ,
hyperx9,700,50000,0.95 ,0.0165131431565288,1682,88.2331,1745030386354.36,1762,50113.9208,0.0868460015584429,2405,271.7211,0 , 0.884443425427032 ,0 , 80270243306192.8 ,0 , 1.17991514231926 ,
hyperx9,1000,50000,0.99 ,0.00495575885883021,233,85.2256,1366166443639.75,294,31175.6905,0.0449814605481253,455,273.7585,0 , 0.321517995166453 ,0 , 48956327159526.4 ,0 , 0.615041146907474 ,
hyperx9,1000,50000,0.98 ,0.00549153603733146,485,85.2256,1481155784549.72,605,31175.6905,0.041646552357597,907,273.7585,0 , 0.321517995166453 ,0 , 57154546133593.4 ,0 , 0.615041146907474 ,
hyperx9,1000,50000,0.95 ,0.00746524029962268,1213,85.2256,1525833253475.1,1464,31175.6905,0.0517412368635933,2251,273.7585,0 , 1 ,0 , 80270243306192.8 ,0 , 0.880166135306678 ,
hyperx9,1500,50000,0.99 ,0.001610765794604,141,77.2383,1042018266425.14,207,5679.0296,0.0202509932257253,382,289.7691,0 , 0.163247526395486 ,0 , 48956327159526.4 ,0 , 0.304928359135874 ,
hyperx9,1500,50000,0.98 ,0.00114009087745546,275,77.2383,969739759601.933,419,5679.0296,0.0242236059777878,782,289.7691,0 , 0.163247526395486 ,0 , 55341117679011.5 ,0 , 0.658977472008633 ,
hyperx9,1500,50000,0.95 ,0.00161105173300406,660,77.2383,1035311282109.62,966,5679.0296,0.0260955945234209,1921,289.7691,0 , 0.2749453999454 ,0 , 80270243306192.8 ,0 , 0.897558704184128 ,
hyperx9,2000,50000,0.99 ,0.000154857177185315,62,92.245,330352051780.864,94,1124.9839,0.0127459829493102,325,305.811,0 , 0.0109198839347022 ,0 , 33820180687944.2 ,0 , 0.315951514629578 ,
hyperx9,2000,50000,0.98 ,0.000219197783376087,136,92.245,345185134870.487,172,1124.9839,0.0157678254103304,640,305.811,0 , 0.032778290935417 ,0 , 37787386563976.5 ,0 , 0.873888676315019 ,
hyperx9,2000,50000,0.95 ,0.000421172946586005,344,92.245,408539338793.618,388,1124.9839,0.0161971145894193,1620,305.811,0 , 0.202481858649918 ,0 , 77522962924075.2 ,0 , 0.873888676315019 ,
hyperx9,2500,50000,0.99 ,0.000317106296342909,45,81.2156,8.14166497048647E-08,1,291.7741,0.00575382185816622,260,245.6517,0 , 0.0395380293413797 ,0 , 4.07083248524323E-05 ,0 , 0.195836954448142 ,
hyperx9,2500,50000,0.98 ,0.000299544243935645,91,81.2156,1.13106868651696E-07,4,291.7741,0.00639699829342736,507,245.6517,0 , 0.0686795355657588 ,0 , 4.07083248524323E-05 ,0 , 0.336968066274871 ,
hyperx9,2500,50000,0.95 ,0.000205901200783515,213,81.2156,1.59365305773939E-07,13,291.7741,0.00917545159322295,1269,245.6517,0 , 0.0686795355657588 ,0 , 4.07083248524323E-05 ,0 , 0.572777072823497 ,
hyperx9,3000,50000,0.99 ,8.40460716951231E-05,23,76.2358,0,0,68.1471,0.00788347994230203,216,247.6567,0 , 0.0264218540080609 ,0 , 0 ,0 , 0.34784054537141 ,
hyperx9,3000,50000,0.98 ,0.000124284678952962,46,76.2358,0,0,68.1471,0.00721237869668477,420,247.6567,0 , 0.0303682116754556 ,0 , 0 ,0 , 0.421430616529872 ,
hyperx9,3000,50000,0.95 ,0.000134619695812679,121,76.2358,0,0,68.1471,0.00668802390360791,1015,247.6567,0 , 0.0704210069444444 ,0 , 0 ,0 , 0.573805825858189 ,
hyperx9,100,100000,0.99 ,0.615977109051221,1000,355.9443,0.892991703463517,974,31411.3142,0.898211608153294,1000,247.6571,3.30494750641711E-05 , 1 ,0 , 1 ,0.000346297859446356 , 3.53884643992156 ,
hyperx9,100,100000,0.98 ,0.625058135811588,2000,355.9443,0.896056416431653,1955,31411.3142,0.939039029092976,2000,247.6571,1.26433439115977E-05 , 1 ,0 , 1 ,0.000346297859446356 , 4.2256345895931 ,
hyperx9,100,100000,0.95 ,0.664638118235209,4996,355.9443,0.898700968856688,4881,31411.3142,1.02435738763148,5000,247.6571,0 , 1 ,0 , 1 ,7.19165767709457E-05 , 6.30467736074339 ,
hyperx9,200,100000,0.99 ,0.385321190090498,991,90.2394,0.810318577711217,955,69225.007,0.632570495319709,1000,404.0716,0 , 1 ,0 , 1 ,0.000375746124447116 , 2.77057541944942 ,
hyperx9,200,100000,0.98 ,0.400789527242837,1980,90.2394,0.806131616604487,1913,69225.007,0.665735996107241,2000,404.0716,0 , 1 ,0 , 1 ,3.46260387811634E-05 , 3.34167725223542 ,
hyperx9,200,100000,0.95 ,0.44582008766239,4953,90.2394,0.807786082949655,4783,69225.007,0.786058086494097,4999,404.0716,0 , 1 ,0 , 1 ,0 , 4.56060992726809 ,
hyperx9,400,100000,0.99 ,0.163410167081146,951,128.8418,0.635353054515425,918,131149.5328,0.269146540907626,1000,514.8661,0 , 1 ,0 , 1 ,5.58197691294349E-05 , 1.57744877254788 ,
hyperx9,400,100000,0.98 ,0.173088103426623,1909,128.8418,0.62968394498192,1832,131149.5328,0.309813571562144,1998,514.8661,0 , 1 ,0 , 1 ,0 , 2.1479900309226 ,
hyperx9,400,100000,0.95 ,0.203260792913938,4764,128.8418,0.633355917876858,4578,131149.5328,0.460738254210596,4987,514.8661,0 , 1 ,0 , 1 ,0 , 3.64182066454256 ,
hyperx9,700,100000,0.99 ,0.0573171358260961,872,126.3354,0.437292151861085,860,197289.763,0.14114302035813,993,654.2401,0 , 1 ,0 , 1 ,0 , 1.31144155307724 ,
hyperx9,700,100000,0.98 ,0.0617290391774452,1762,126.3354,0.434093687453049,1703,197289.763,0.158291540748223,1983,654.2401,0 , 1 ,0 , 1 ,0 , 1.31144155307724 ,
hyperx9,700,100000,0.95 ,0.0751235065901597,4425,126.3354,0.435037241647103,4270,197289.763,0.209925138196661,4960,654.2401,0 , 1 ,0 , 1 ,0 , 2.19514268366727 ,
hyperx9,1000,100000,0.99 ,0.0320828812898283,813,164.4448,0.280910481741919,795,226991.8895,0.0966736390147645,984,702.8644,0 , 0.667768922985351 ,0 , 1 ,0 , 0.759748385133079 ,
hyperx9,1000,100000,0.98 ,0.0315755012843156,1605,164.4448,0.284971728397849,1574,226991.8895,0.107694547528753,1961,702.8644,0 , 0.667768922985351 ,0 , 1 ,0 , 1.09544915412947 ,
hyperx9,1000,100000,0.95 ,0.0356373094039926,4009,164.4448,0.277584845865607,3950,226991.8895,0.129181785667467,4897,702.8644,0 , 1 ,0 , 1 ,0 , 1.50572336499692 ,
hyperx9,1500,100000,0.99 ,0.0106597394931453,655,207.5506,0.116311711794296,696,187957.8094,0.0611345317289061,959,749.9896,0 , 0.700318755837089 ,0 , 1 ,0 , 0.811310471124289 ,
hyperx9,1500,100000,0.98 ,0.0103191401922687,1295,207.5506,0.108780223212597,1375,187957.8094,0.063469667880806,1914,749.9896,0 , 0.700318755837089 ,0 , 1 ,0 , 0.879009453495664 ,
hyperx9,1500,100000,0.95 ,0.0131277099004316,3216,207.5506,0.103737338394881,3417,187957.8094,0.0737413332137944,4756,749.9896,0 , 0.976003917727718 ,0 , 1 ,0 , 1.42824341763454 ,
hyperx9,2000,100000,0.99 ,0.00403334203514472,504,236.6276,0.0233387668059798,578,114017.4143,0.0369014654850329,904,801.1652,0 , 0.281556392096812 ,0 , 0.666670372676332 ,0 , 0.474987574821185 ,
hyperx9,2000,100000,0.98 ,0.0040906599618496,1039,236.6276,0.0190045646616059,1150,114017.4143,0.0403908968347286,1795,801.1652,0 , 0.281556392096812 ,0 , 0.666670372676332 ,0 , 0.557512953367876 ,
hyperx9,2000,100000,0.95 ,0.00515808624827562,2540,236.6276,0.0183162445350993,2836,114017.4143,0.0479446893311045,4498,801.1652,0 , 0.458617620884011 ,0 , 1 ,0 , 1.07770785492664 ,
hyperx9,2500,100000,0.99 ,0.00246259003596823,367,158.425,0.000662781705375059,470,44155.0415,0.0252304263515529,855,739.9627,0 , 0.2750704623799 ,0 , 0.498901832432549 ,0 , 0.506930526845955 ,
hyperx9,2500,100000,0.98 ,0.00274317988455244,766,158.425,0.00133646816260536,925,44155.0415,0.0274534736232667,1712,739.9627,0 , 0.55974437666553 ,0 , 0.49923530441889 ,0 , 0.620720269531961 ,
hyperx9,2500,100000,0.95 ,0.00267475918850539,1880,158.425,0.00143800668413178,2274,44155.0415,0.0324619041128045,4262,739.9627,0 , 0.613427126556017 ,0 , 0.49923530441889 ,0 , 1.02451024241882 ,
hyperx9,3000,100000,0.99 ,0.00162522418910011,267,436.157,0.000375189244220081,346,17180.6625,0.0201535847352263,778,666.7687,0 , 0.307800663619859 ,0 , 0.332738322920651 ,0 , 0.621717464124726 ,
hyperx9,3000,100000,0.98 ,0.00149672711862215,551,436.157,0.000212716861622358,700,17180.6625,0.0221979151508797,1544,666.7687,0 , 0.307800663619859 ,0 , 0.332738322920651 ,0 , 0.775794874324758 ,
hyperx9,3000,100000,0.95 ,0.00179744983018704,1376,436.157,0.000256308387905124,1722,17180.6625,0.0265163271022385,3864,666.7687,0 , 0.648129108067418 ,0 , 0.333333333333333 ,0 , 1.60729145664168 ,
hyperx9,100,200000,0.99 ,0.783159208714377,2000,177.4712,8433472259.50764,1970,66949.5754,1.06523250385369,2000,554.4702,0.00101092117503455 , 1 ,0 , 8523821967946.15 ,0.00464047783138066 , 6.83537120328725 ,
hyperx9,100,200000,0.98 ,0.791014307483595,4000,177.4712,18338106612.3589,3948,66949.5754,1.0953980602991,4000,554.4702,7.94276669257522E-05 , 1 ,0 , 9869783647034.26 ,0.00464047783138066 , 7.49854006037298 ,
hyperx9,100,200000,0.95 ,0.816999440572609,10000,177.4712,16985139462.7431,9882,66949.5754,1.13472355626147,10000,554.4702,7.94276669257522E-05 , 1 ,0 , 14343967684770.8 ,0.00464047783138066 , 10.961852005724 ,
hyperx9,200,200000,0.99 ,0.608756236516464,1999,203.5397,0.891074717178504,1952,133090.0052,0.895994541781222,2000,578.5343,0 , 1 ,0 , 1 ,0.000170653161212188 , 5.0475651070346 ,
hyperx9,200,200000,0.98 ,0.627554668871018,3996,203.5397,0.887497320105902,3907,133090.0052,0.949717488391179,4000,578.5343,0 , 1 ,0 , 1 ,0.000170653161212188 , 5.0475651070346 ,
hyperx9,200,200000,0.95 ,0.661966144357415,9995,203.5397,0.890893557022642,9762,133090.0052,1.04190286907491,10000,578.5343,0 , 1 ,0 , 1 ,9.40993016487542E-05 , 6.81246135245637 ,
fattree8,2500,300000,0.99 ,0.0854834972159033,2739,490.3039,0.51012900500923,2811,3192363.1336,0.191853535381839,2980,2203.8451,0 , 1 ,0 , 1 ,0 , 1.4342622650999 ,
fattree8,2500,300000,0.98 ,0.0910973880790637,5499,490.3039,0.499668978148554,5598,3192363.1336,0.209688433165662,5963,2203.8451,0 , 1 ,0 , 1 ,0 , 2.4797577146599 ,
fattree8,2500,300000,0.95 ,0.113260441505156,13780,490.3039,0.498347568242974,14001,3192363.1336,0.31247867029202,14917,2203.8451,0 , 1 ,0 , 1 ,0 , 4.98781173503871 ,
hyperx9,400,200000,0.99 ,0.373088225668923,1977,177.4616,0.793315890254899,1910,268924.3814,0.598057125318379,2000,742.9365,0 , 1 ,0 , 1 ,1.04807520987706E-05 , 2.97753120195351 ,
hyperx9,400,200000,0.98 ,0.390287374929072,3957,177.4616,0.789477605462389,3818,268924.3814,0.644897375026252,3999,742.9365,0 , 1 ,0 , 1 ,0 , 3.23771634812567 ,
hyperx9,400,200000,0.95 ,0.435213881328654,9913,177.4616,0.789572956856126,9556,268924.3814,0.777361927605327,9999,742.9365,0 , 1 ,0 , 1 ,0 , 5.093219781124 ,
hyperx9,700,200000,0.99 ,0.177691227405989,1934,207.5507,0.647541997396617,1859,442567.9155,0.30564178764292,1997,940.4946,0 , 1 ,0 , 1 ,0 , 2.05386091369987 ,
hyperx9,700,200000,0.98 ,0.194650250948459,3887,207.5507,0.648851959894199,3705,442567.9155,0.349501976389702,3994,940.4946,0 , 1 ,0 , 1 ,0 , 2.92791985172084 ,
hyperx9,700,200000,0.95 ,0.235366125476271,9704,207.5507,0.651446920623809,9242,442567.9155,0.515146407240944,9981,940.4946,0 , 1 ,0 , 1 ,0 , 3.77486232313819 ,
hyperx9,1000,200000,0.99 ,0.102610818423427,1883,248.6589,0.540700108822879,1784,582321.771,0.199881372956245,1995,1032.7449,0 , 1 ,0 , 1 ,0 , 1.41637779678567 ,
hyperx9,1000,200000,0.98 ,0.112953652244933,3765,248.6589,0.535926895034923,3563,582321.771,0.225629598686127,3989,1032.7449,0 , 1 ,0 , 1 ,0 , 1.67006377591898 ,
hyperx9,1000,200000,0.95 ,0.134366879013359,9378,248.6589,0.533431637192384,8888,582321.771,0.336689115451095,9964,1032.7449,0 , 1 ,0 , 1 ,0 , 3.07777830758472 ,
fattree8,3000,300000,0.99 ,0.0597117819248985,2702,506.3431,398005057733.279,2800,3513715.6213,0.156709282160344,2969,2374.2787,0 , 1 ,0 , 17238852179216.2 ,0 , 1.82943248739407 ,
fattree8,3000,300000,0.98 ,0.0636117057398941,5413,506.3431,419167038191.17,5577,3513715.6213,0.174647436618965,5945,2374.2787,0 , 1 ,0 , 17238852179216.2 ,0 , 2.02959675464771 ,
fattree8,3000,300000,0.95 ,0.0793568729730726,13514,506.3431,532817511031.082,13936,3513715.6213,0.245810105875084,14874,2374.2787,0 , 1 ,0 , 29075082234289.7 ,0 , 4.4827993606227 ,
hyperx9,1500,200000,0.99 ,0.0474813236887278,1710,244.6486,0.376349556426481,1681,715294.2754,0.131097614307829,1984,1149.0207,0 , 0.978751029858062 ,0 , 1 ,0 , 1.10059431094712 ,
hyperx9,1500,200000,0.98 ,0.0510835105201743,3459,244.6486,0.371805413737102,3331,715294.2754,0.143171319750164,3971,1149.0207,0 , 0.978751029858062 ,0 , 1 ,0 , 1.3998059015749 ,
hyperx9,1500,200000,0.95 ,0.063040122759877,8674,244.6486,0.371888278680994,8314,715294.2754,0.189702012008422,9906,1149.0207,0 , 1 ,0 , 1 ,0 , 2.86578185099008 ,
hyperx9,2000,200000,0.99 ,0.0264324132953183,1597,256.6824,0.25272085751225,1572,778044.8446,0.0927983536284108,1960,1270.4098,0 , 0.745214815758464 ,0 , 1 ,0 , 0.774907418153427 ,
hyperx9,2000,200000,0.98 ,0.0279693048149548,3182,256.6824,0.250026334285944,3114,778044.8446,0.100225692121221,3922,1270.4098,0 , 0.938245035993758 ,0 , 1 ,0 , 1.07599892766074 ,
hyperx9,2000,200000,0.95 ,0.0327280871628583,7972,256.6824,0.250446923189427,7780,778044.8446,0.129568702899221,9818,1270.4098,0 , 1 ,0 , 1 ,0 , 1.51981882852683 ,
hyperx9,100,300000,0.99 ,0.850217251059877,3000,272.725,0.963887818552553,2977,95454.3914,1.0956896570531,3000,781.048,0.000863593943699246 , 1 ,0 , 1 ,0.000620010850189878 , 8.50331562647704 ,
hyperx9,100,300000,0.98 ,0.851076897038089,6000,272.725,0.961747130708935,5961,95454.3914,1.11151379569671,6000,781.048,0.000847777697419702 , 1 ,0 , 1 ,0.000620010850189878 , 8.50331562647704 ,
hyperx9,100,300000,0.95 ,0.871955258591577,15000,272.725,0.961853744378238,14908,95454.3914,1.14320415685209,15000,781.048,0.000341258104879991 , 1 ,0 , 1 ,0.000620010850189878 , 11.8533093371853 ,
hyperx9,2500,200000,0.99 ,0.0153712830754667,1428,278.741,0.148926905393441,1460,731320.182,0.0737149585797736,1945,1461.8884,0 , 1 ,0 , 1 ,0 , 0.848740554791033 ,
hyperx9,2500,200000,0.98 ,0.0163292674164744,2870,278.741,0.149084182620417,2895,731320.182,0.0779410139470504,3889,1461.8884,0 , 1 ,0 , 1 ,0 , 0.935239076209032 ,
hyperx9,2500,200000,0.95 ,0.0187089813499151,7220,278.741,0.14971521430359,7234,731320.182,0.0962106194716368,9723,1461.8884,0 , 1 ,0 , 1 ,0 , 1.77574240028115 ,
hyperx9,3000,200000,0.99 ,0.0102585831176671,1256,366.9415,0.0877911235482349,1341,636588.4106,0.0562054936878393,1887,1320.5191,0 , 0.759359446007358 ,0 , 1 ,0 , 0.964191135412463 ,
hyperx9,3000,200000,0.98 ,0.0105965268898,2538,366.9415,0.0828502495358172,2669,636588.4106,0.0579952058456731,3792,1320.5191,0 , 1 ,0 , 1 ,0 , 1.55027502466517 ,
hyperx9,3000,200000,0.95 ,0.0119971838260893,6483,366.9415,0.0828740716543789,6661,636588.4106,0.0724433855357679,9494,1320.5191,0 , 1 ,0 , 1 ,0 , 1.55027502466517 ,
hyperx9,200,300000,0.99 ,0.712387142691493,3000,266.678,0.933348454220144,2961,199888.7103,1.0268182335595,3000,759.0225,5.49659943714822E-05 , 1 ,0 , 1 ,0.000418749887190224 , 4.94184514419589 ,
hyperx9,200,300000,0.98 ,0.715923950956072,6000,266.678,0.927325676742761,5913,199888.7103,1.0558311245019,6000,759.0225,3.96993961721842E-05 , 1 ,0 , 1 ,0.000418749887190224 , 6.86019160340139 ,
hyperx9,200,300000,0.95 ,0.752350162617471,14998,266.678,0.92498812276142,14779,199888.7103,1.11581599076761,15000,759.0225,0 , 1 ,0 , 1 ,0.000418749887190224 , 8.66162525574057 ,
hyperx9,400,300000,0.99 ,0.506141993753202,2992,255.6812,51411609662.1939,2932,402857.7114,0.789159357870469,3000,1002.6726,0 , 1 ,0 , 8613340788827.4 ,3.49092533957976E-05 , 3.7791975068173 ,
hyperx9,400,300000,0.98 ,0.513624785015399,5989,255.6812,40590246968.9128,5839,402857.7114,0.835584887536037,6000,1002.6726,0 , 1 ,0 , 9418754684020.58 ,3.49092533957976E-05 , 3.7791975068173 ,
hyperx9,400,300000,0.95 ,0.561650605090344,14969,255.6812,50554352803.5129,14599,402857.7114,0.953562509325679,14998,1002.6726,0 , 1 ,0 , 14633026242329.3 ,0 , 7.21517662340938 ,
hyperx9,700,300000,0.99 ,0.315481343336638,2981,414.1037,0.759008736793575,2872,728206.7955,0.519248085304661,3000,1289.4365,0 , 1 ,0 , 1 ,1.07523027848464E-05 , 2.60653714673032 ,
hyperx9,700,300000,0.98 ,0.320127057147896,5952,414.1037,0.755187200601033,5699,728206.7955,0.564136667034359,5999,1289.4365,0 , 1 ,0 , 1 ,0 , 2.6986760159055 ,
hyperx9,700,300000,0.95 ,0.366658660271053,14867,414.1037,0.749716702058996,14229,728206.7955,0.707770064737983,14992,1289.4365,0 , 1 ,0 , 1 ,0 , 4.78619685784127 ,
hyperx9,1000,300000,0.99 ,0.186825765599012,2927,332.8868,82649942454.4093,2813,992696.0439,0.319858829241255,2997,1532.0835,0 , 1 ,0 , 8582787136160.3 ,0 , 1.70922063441029 ,
hyperx9,1000,300000,0.98 ,0.195930214496257,5845,332.8868,83108969983.0792,5587,992696.0439,0.367490240253598,5993,1532.0835,0 , 1 ,0 , 9975699381402.63 ,0 , 2.72841953045253 ,
hyperx9,1000,300000,0.95 ,0.238170009832113,14609,332.8868,101740965949.033,13951,992696.0439,0.532024370045335,14972,1532.0835,0 , 1 ,0 , 14437777515442.3 ,0 , 4.43551356465264 ,
hyperx9,1500,300000,0.99 ,0.0986426837988886,2833,362.966,88772169202.6587,2717,1331252.2332,0.197062490940392,2990,1623.3597,0 , 1 ,0 , 8726254755920.04 ,0 , 1.46093443000583 ,
hyperx9,1500,300000,0.98 ,0.102787813966796,5640,362.966,84129574735.0792,5406,1331252.2332,0.220749753143066,5981,1623.3597,0 , 1 ,0 , 9519976422267.41 ,0 , 2.46995479759087 ,
hyperx9,1500,300000,0.95 ,0.125195329527208,14062,362.966,86724809669.3589,13453,1331252.2332,0.32993911107356,14948,1623.3597,0 , 1 ,0 , 14475664094103.1 ,0 , 3.10492559960218 ,
hyperx9,2000,300000,0.99 ,0.0558808755747086,2693,370.989,50456188092.1302,2617,1578383.7245,0.143013131148041,2990,1832.8841,0 , 0.968074192204943 ,0 , 8632882849920.22 ,0 , 1.81332316803677 ,
hyperx9,2000,300000,0.98 ,0.0597984639407546,5376,370.989,57353833882.0192,5186,1578383.7245,0.155895209862209,5968,1832.8841,0 , 1 ,0 , 9718879383335.21 ,0 , 2.20269729969089 ,
hyperx9,2000,300000,0.95 ,0.0745952064188678,13415,370.989,64106758551.9054,12925,1578383.7245,0.211312870730809,14901,1832.8841,0 , 1 ,0 , 14085440851864.9 ,0 , 3.05928644216553 ,
hyperx9,2500,300000,0.99 ,0.0357818017085045,2564,401.0692,0.316077889615893,2481,1651951.957,0.112590517655433,2968,1747.6247,0 , 0.876844369907337 ,0 , 1 ,0 , 1.22671862844721 ,
hyperx9,2500,300000,0.98 ,0.0385855333357072,5097,401.0692,0.318664264695249,4920,1651951.957,0.12184490722141,5937,1747.6247,0 , 1 ,0 , 1 ,0 , 1.4394883454536 ,
hyperx9,2500,300000,0.95 ,0.046468486618542,12710,401.0692,0.314283020104681,12275,1651951.957,0.157036520055087,14835,1747.6247,0 , 1 ,0 , 1 ,0 , 2.39059067571137 ,
hyperx9,3000,300000,0.99 ,0.0230544472820508,2425,491.309,0.23527104007916,2346,1554603.9886,0.0896978987618685,2944,1607.2763,0 , 1 ,0 , 1 ,0 , 0.811332182977075 ,
hyperx9,3000,300000,0.98 ,0.0245880322829235,4801,491.309,0.237671645183918,4694,1554603.9886,0.0948172605787226,5893,1607.2763,0 , 1 ,0 , 1 ,0 , 1.10704565059 ,
hyperx9,3000,300000,0.95 ,0.0296029413457654,11971,491.309,0.230526787219296,11718,1554603.9886,0.120885569778783,14726,1607.2763,0 , 1 ,0 , 1 ,0 , 2.25507010247395 ,
